:0200000480007A
:2000000000000000700059B30000000000000000000000000000000064B81E799B47E18668
:0C002000911000F8D9FF5C5EDC0F00902E
:1200300073646820737468A0036568CA0BC30030009048
:200048000F05D011174580010B00D0010F00B02142218B0101110F2010006B0500200090AA
:200068003256FF0626003B00FEFF3FF617000F6510308B0602601745802600903256FF067B
:2000880018003B00FEFF3FF60F000F6500308B060260174580260090A2F63705C13F0F6553
:2000A80010200090A2F682030F6500200090DA207FF60700174580360F6400200090A2F6F4
:2000C80082020F6400300090820C822D3C130757FFCF8755BFDFCE57460546048B14804016
:2000E8008B05A050CE77460746068B1680608B07A07082028203820082013A260B2700F2E5
:200108006E023C4F0B6430F10B7500F20B75A0F26E04024002513C453A640B7500F26E03BF
:2001280082123C3F3B0004E00B6030F10B7100F20B71A0F2DE1087559FFF06116701801FFB
:200148008B1FE0060248025906156745805F0614C2FE3CEB0284029506F067101F0006F11B
:20016800C21E82087AE86E1D87559FFF06116701801F8B1FE0060B60C0A00B71D0B007BB6F
:200188009FFF06156745805F061406136723803F8B1FE0266E0302A002B1C2183FE8E67FBB
:2001A80076C7460346028B1280208B03A030DF2D0B00071DE0FF76F7460146008B1080009F
:2001C8008B01A01000903B00034040F440C50070910000F6DA1759FF002500702E148F1BD3
:2001E80000F1AA10020F007074DF3B00034040C4007061000E00370A6800DA0A4BF011023C
:200208000070610006003BE0024040C4007054DFC21F74DF007020086D0045DA6D006ADAF2
:2002280091000026D9220C00910000F6D9FFE88094FF4B0F4101910000F6D9FFF480481FC8
:200248004BF051F0BB90A30F9BE0C8034B0F41F0742F91000026D9220C00910000F6D9FF8C
:20026800EC8094FF4B0F4101910000F6D9FFF480481F4BF051F0BB90A30F9BE0C8034B0F88
:2002880041F06C2191000026D9220C00910000F6D9FFF08094FF4B0F4101910000F6D9FF7D
:2002A800F480481F4BF051F0BB90A30F9BE0C8034B0F41F06C22910000F6D9FF0000910093
:2002C8000026D922DC80942F4B0F41F191000026D922F48054204B0F51F074FF910000F61B
:2002E800D9FF000091000026D922E080942F4B0F41F191000026D922F48054204B0F51F088
:200308006CF1910000F6D9FF000091000026D922E480942F4B0F41F191000026D922F4808E
:2003280054204B0F51F06CF2910000F6D9FF0C0091000026D9220C00542F91000026D922EA
:20034800180054206B0031FF74FF91000026D9220C00910000F6D9FF0C00481F910000F6E4
:20036800D9FF180048106B0031FF6C2191000026D9220C00910000F6D9FF0C00482F9100D4
:2003880000F6D9FF180048206B0031FF6C22910000F6D9FF0C0054FFB70F81FFBB70710B33
:2003A8009B10AD034B0F01F0370F61F06E07910000F6D9FF0C00DA0074FF910000F6D9FF6C
:2003C8000C00481FB70F81FFBB70710B9B10AD034B0F01F0370F61F06E07910000F6D9FFA4
:2003E8000C00DA006CF1910000F6D9FF0C00482FB70F81FFBB70710B9B10AD034B0F01F03D
:20040800370F61F06E07910000F6D9FF0C00DA006CF2910000F6D9FF0000481F74AF9100AB
:2004280000F6D9FF0000482F7801910000F6D9FF0C0054F4910000F6D9FF0C0048159100EA
:2004480000F6D9FF0C004826910000F6D9FF000054F76D002B99009020083BF026F19B3F9D
:20046800A8F374AFDA0078017B0012443BF026519B35A853BB0068699B86B1647B00F8737D
:200488006D00AE9782081D0082006D0033D9910000F6D9FF0C0054FFB70F810F910000F665
:2004A800D9FF0C00481FB70F81FF6B0F2100910000F6D9FF0C00482FB70F81FF6B0F21F055
:2004C8007B000A044B0F01F0AE03C2F83C5B91000026D9221800910000F6D9FFE88094FF1A
:2004E8004B0F4101910000F6D9FFF480481F4BF051F0BB90A30F9BE0C803910000F6D9FF00
:20050800180054F16B0F61F1742F91000026D9221800910000F6D9FFEC8094FF4B0F410143
:20052800910000F6D9FFF480481F4BF05100BB90A31F9BE1C813910000F6D9FF1800481FAB
:200548006B1061FF6C2191000026D9221800910000F6D9FFF08094FF4B0F4101910000F6DC
:20056800D9FFF480481F4BF05100BB90A31F9BE1C813910000F6D9FF1800482F6B1061FF07
:200588006C2282146D00A8EAC2183B007DF03FF87E7F910000F6D9FF180091000026D92251
:2005A8001800542F7BA04F044B0F51F074FF910000F6D9FF180091000026D92218004C216E
:2005C8007BA04F044B0F51F06CF1910000F6D9FF180091000026D92218004C227BA04F0490
:2005E8004B0F51F06CF20090910000F6D9FF3020DA0034FF8208910000F6D9FFA02209F00A
:200608007008FFF0FD80910000F6D9FFA02209F07108FFF0F580910000F6D9FFA02209F0DD
:200628007208FF80ED8082091D00D600532920F0910000F6D9FFFCC010FF081FDF1FC680AD
:200648009A19532F20F0910000F6D9FFFCC010FF081FDF1FBB809A29532F20F0910000F6E7
:20066800D9FFFCC010FF081FDF1FB0809A39532F20F0910000F6D9FFFCC010FF081FDF1FC6
:20068800A5809A39532F20F0910000F6D9FF7C5110FF08111D008400534124F0910000F6A4
:2006A800D9FF9C2110FF0810DA577E0D534124F0910000F6D9FF9C2110FF482FFF3F04002E
:2006C8001D008400534124F0910000F6D9FF9C2110FF0810DA575F0F60809AF1534F24F0C6
:2006E800910000F6D9FF9C2110FF0810DA575F0F54809AE1534F24F0910000F6D9FF9C21EF
:2007080010FF0810DA575F0F4880534124F0910000F6D9FF9C2110FF482FBF2F3E009AF142
:20072800534F24F0910000F6D9FF9C2110FF482FBF2F33009AE1534F24F0910000F6D9FFA8
:200748009C2110FF482FBF2F28003BA00360910000F6D9FFA02209F57208C2253C04C2F682
:2007680037066860534624F0910000F6D9FF9C2110FF4830DA4E7FF0F47F82146D00085AAD
:20078800BBD0CCFC9BCFDCF34BF201F0370F61F06E0282183C1AC2F137015010910000F6CE
:2007A800D9FFA02209FF7208C22F7F1F0F009A39532F20F0910000F6D9FF7C5110FF081FB0
:2007C8008B2F1EF07FF16A7FDF1803803C18C21937095090910000F6D9FFECC454FFC2BF44
:2007E8007FF90E809A39532F20F0910000F6D9FF7C5110FF0810DA147FF01AFF910000F636
:20080800D9FFA02209FF7008FFFF0381910000F6D9FFA02209FF7108FFFFFB80910000F692
:20082800D9FFA02209FF7208FF8FF38082091D00DC00532920F0910000F6D9FFFCC010FF59
:2008480014F0DF30CC809A19532F20F0910000F6D9FFFCC010FF14F0DF30C1809A29532F29
:2008680020F0910000F6D9FFFCC010FF14FFDF3FB6809A39532F20F0910000F6D9FFFCC04F
:2008880010FF14FFDF3FAB809A39532F20F0910000F6D9FF7C5110FF14F11D008A00534105
:2008A80024F0910000F6D9FF9C2110FF14F0DA577E0E534124F0910000F6D9FF9C2110FF5D
:2008C8004830DA4C7F0F04001D008900534124F0910000F6D9FF9C2110FF14F0DA575F0FC4
:2008E80065809AF1534F24F0910000F6D9FF9C2110FF14F0DA575F0F59809AE1534F24F0F2
:20090800910000F6D9FF9C2110FF14F0DA575F0F4D80534124F0910000F6D9FF9C2110FF61
:200928004830DA4E7FF042009AF1534F24F0910000F6D9FF9C2110FF4830DA4E7FF03600AD
:200948009AE1534F24F0910000F6D9FF9C2110FF4830DA4E7FF02A003BA00360910000F635
:20096800D9FFA02209F57208C2253C04C2F637066860534624F0910000F6D9FF9C2110FFA1
:20098800482FBF2FF57F82046D000259BBD0CCFC9BCFDCF34BF201F0370F61F06E05DF186D
:2009A80003803C0282283C1AC2F137015010910000F6D9FFA02209FF7208C22F7F1F0F00E2
:2009C8009A39532F20F0910000F6D9FF7C5110FF14FF8B2F1EF07FF1647FDF2803803C1863
:2009E800C21937095090910000F6D9FFECC454FFC2BF7FF90E809A39532F20F0910000F61F
:200A0800D9FF7C5110FF14F0DA147FF014FFDF182B80910000F6D9FF9C2139F078F0DA5726
:200A28005F0F2200910000F6D9FF9C2139F0A0A0DA57BE09910000F6D9FF9C2139F05050BC
:200A4800DA57BE01910000F6D9FF9C2139F028A0DA573E09910000F6D9FFA022DA0689FF90
:200A680008183C2BDF282A80910000F6D9FF9C2139F079F0DA575F0F2100910000F6D9FF69
:200A88009C2139F05150DA57BE08910000F6D9FF9C2139F0A1A0DA57BE00910000F6D9FFFC
:200AA8009C2139F029A0DA573E08910000F6D9FFA022DA0789FF0818910000F6D9FF8C2251
:200AC800A8483C01009082028203DF04B38002603C10534024F0910000F6D9FF9C2110FFB2
:200AE800081F3B4005107E123C0CC2F037005000910000F6D9FFA02209FF72083F0FEB7FCB
:200B080037006870534724F0910000F6D9FF9C2110FF482F53452400910000F6D9FF9C2196
:200B280001F000F6482052004B0041010B5780104B0141114B1051806788BF0F4B07611142
:200B4800534724F0910000F6D9FF9C2110FF482F4B0F41F16B10619F02513C3D534124F0C2
:200B6800910000F6D9FF9C2110FF482F4B0F41F14B0141016B0861096B0031FF7B000004BA
:200B88004B0F01F016068B0F20F26E067B00F8F36B0F21223C1D534124F0910000F6D9FF43
:200BA8009C2110FF482F4B0F41F14B0141016B0861096B0031FF7B00000C4B0F01F016036D
:200BC8008B0F20F26E057B00F8F36B0F2133C211370150103F71C47F6B032112A2574B0770
:200BE80041F14BF151F0BBD0CC0C9BC0DC034B0F01F0370F61F16E1D4B1251F0BBA0990998
:200C08009B90F1034B0F01F0370F61F16E0482121D00C1004B1351F0BBA099099B90F1032B
:200C28004B0F01F0370F61F16E0482021D00B300DF14AF8002603C0F534024F0910000F606
:200C4800D9FF9C2110FF14F1DA547E123C0CC2F037005000910000F6D9FFA02209FF720801
:200C68003F0FEC7F37006840534424F0910000F6D9FF9C2110FF4830534524F0910000F653
:200C8800D9FF9C2110FF483FA2F04B0041010B5480104B0141114B1051606766BF0F4B047F
:200CA8006111534424F0910000F6D9FF9C2110FF483F4B0F41F16B10617F02513C3D534116
:200CC80024F0910000F6D9FF9C2110FF483F4B0F41F14B0141016B0661076B0031FF7B003D
:200CE80000044B0F01F016068B0F20F26E067B00F8F36B0F21333C1D534124F0910000F6A5
:200D0800D9FF9C2110FF483F4B0F41F14B0141016B0661076B0031FF7B00000C4B0F01F040
:200D280016038B0F20F26E057B00F8F36B0F2122C211370150103F41C47F6B032102A2549B
:200D48004B0441F14BF051F0BBD0CC1C9BC1DC134B1F01F0370F61F16E1B4B0251F0BBA06B
:200D680099199B91F1134B1F01F0370F61F16E0382123C104B0351F0BBA099099B90F1039A
:200D88004B0F01F0370F61F16E0382023C0382223C01009082018202910000F6D9FFE0B4C9
:200DA80054F0DA575F0FCA81910000F6D9FFE0B44820DA575F0FC281910000F6D9FFE0B4CD
:200DC8004840DA575F0FBA81910000F6D9FFE0B44860DA575F0FB281910000F6D9FFE0B449
:200DE8004880DA575F0FAA81910000F6D9FFE0B44810DA575F0FA281910000F6D9FFE0B459
:200E08004830DA575F0F9A81910000F6D9FFE0B44850DA575F0F9281910000F6D9FFE0B468
:200E28004870DA575F0F8A81910000F6D9FFE0B44890DA575F0F8281910000F6D9FF9C21BF
:200E480039F0D990DA575F0F7981910000F6D9FF9C2139F0D890DA575F0F7081910000F69B
:200E6800D9FF106054FF7B0012044B0F01F0AE29910000F6D9FFA02209FF7208FFAF5E81EC
:200E880082401D00A900532020F0910000F6D9FFFCC010FF081FDF1F2D809A10532F20F007
:200EA800910000F6D9FFFCC010FF081FDF1F22809A20532F20F0910000F6D9FFFCC010FFC3
:200EC800081FDE179A30532F20F0910000F6D9FFFCC010FF081F5E1D9A40532F20F09100C9
:200EE80000F6D9FFFCC010FF081F5E1382113C7B532020F0910000F6D9FFFCC010FF081F9B
:200F0800DE369A10532F20F0910000F6D9FFFCC010FF081F5E3C9A20532F20F0910000F6BB
:200F2800D9FFFCC010FF081F5E323C5D532020F0910000F6D9FFFCC010FF081F1E3B532016
:200F480020F0910000F6D9FFFCC010FF081FDF2F40809A10532F20F0910000F6D9FFFCC003
:200F680010FF081F1E3C9A10532F20F0910000F6D9FFFCC010FF081FDF2F2B809A20532F57
:200F880020F0910000F6D9FFFCC010FF081F1E3B9A20532F20F0910000F6D9FFFCC010FF19
:200FA800081FDE269A30532F20F0910000F6D9FFFCC010FF081F1E3B9A30532F20F091000B
:200FC80000F6D9FFFCC010FF081F5E223C0CC21037005000910000F6D9FFECC454FFC2BF45
:200FE8003FF053FF82431D00A100532320F0910000F6D9FFFCC010FF14F0DF302D809A13C8
:20100800532F20F0910000F6D9FFFCC010FF14F0DF3022809A23532F20F0910000F6D9FFA9
:20102800FCC010FF14FFDE379A33532F20F0910000F6D9FFFCC010FF14FF5E3D9A43532F1F
:2010480020F0910000F6D9FFFCC010FF14FF5E3382123C73532320F0910000F6D9FFFCC0C6
:2010680010FF14FFDE169A13532F20F0910000F6D9FFFCC010FF14FF5E1C9A23532F20F00D
:20108800910000F6D9FFFCC010FF14FF5E123C55532320F0910000F6D9FFFCC010FF14FF47
:2010A8001E1B532320F0910000F6D9FFFCC010FF14FFDF2F38809A13532F20F0910000F6A0
:2010C800D9FFFCC010FF14FF1E1C9A13532F20F0910000F6D9FFFCC010FF14FFDF2F2380EB
:2010E8009A23532F20F0910000F6D9FFFCC010FF14FF1E1B9A23532F20F0910000F6D9FF75
:20110800FCC010FF14FF5E2E9A13532F20F0910000F6D9FFFCC010FF14FF1E13DA025E2254
:201128003C0CC21337035030910000F6D9FFECC454FFC2BF3FF35BFF761B762A910000F6A9
:20114800D9FFA022DA0289FF08186D0070B50090910000F6D9FFA02209FF4818DF3F4D0350
:20116800910000F6D9FFA02209FF4818DF4F4503910000F6D9FFA02209FF4818DF5F3D0361
:20118800910000F6D9FFA02209F07308910000F6D9FFA022482F8B1F1FF03FF00800910099
:2011A80000F6D9FF3820DA3774FF910000F6D9FF2830DA3674FF1D006B01910000F6D9FF5B
:2011C800D40391000026D9222830542F530F25F091000026D922D8031022F4F2910000F600
:2011E800D9FF283054FF534F24F0910000F6D9FF9C2110FF081F3B7005005F0F33819100F9
:2012080000F6D9FF283054FFC21F534F24F0910000F6D9FF9C2110FF482F3B6004003F0F27
:201228001000910000F6D9FFA02291000026D9222830542FC21F89FF32081D0037013C6F45
:20124800910000F6D9FF283091000026D9222830542FC2FF74FF910000F6D9FF283054FF04
:20126800534F24F0910000F6D9FF9C2110FF081F3B4005005F0F5480910000F6D9FF2830E5
:2012880054FFC2FF534F24F0910000F6D9FF9C2110FF081F3B4005005F0F4280910000F6F3
:2012A800D9FF283054FFC2EF534F24F0910000F6D9FF9C2110FF081F3B4005005F0F30804C
:2012C800910000F6D9FF283054FFC2EF534F24F0910000F6D9FF9C2110FF482FBF1F2000F5
:2012E800910000F6D9FF283054FFC2EF534F24F0910000F6D9FF9C2110FF482F3B60040034
:201308007F0F0E00910000F6D9FF001091000026D9222830542FC2EF74FF3C0F910000F637
:20132800D9FF283054F0910000F6D9FFA02209FF7208C24F7FF0867F91000026D922300027
:20134800910000F6D9FF001054FF534F24F0910000F6D9FF9C2110FF482F910000F6D9FF0C
:20136800382054F053402400910000F6D9FF9C2101F000F64820A20F4B0F4101910000F6D3
:20138800D9FF001054FF910000F6D9FF382054F1A21F4B0F41F14BF051F0742F910000F61B
:2013A800D9FF001054FF910000F6D9FFA02209F072087FF05600910000F6D9FF1860910029
:2013C8000026D9223820542F74FF3C3E910000F6D9FF186054FF534F24F0910000F6D9FFDD
:2013E8009C2110F2910000F6D9FF300054F0910000F6D9FF186054FF910000F6D9FF382072
:2014080054F1A21F4B0F41F14BF041F04B0F3101910000F6D9FF382054FF534F24F09100E9
:2014280000F6D9FF9C2110FF482F42F089200809910000F6D9FF186091000026D9221860A6
:20144800542FC2FF74FF910000F6D9FF186054FF910000F6D9FF001054F07F0FB97F3C0CE2
:20146800910000F6D9FF382091000026D9222830542FC22F74FF910000F6D9FF2830910074
:201488000026D9222830542FC2FF74FF910000F6D9FF283054F0910000F6D9FFA02209FFF0
:2014A8007208C24F7FF08B7E910000F6D9FFA02209F07308910000F6D9FFA022482F8B1F4A
:2014C8001FF03FF00800910000F6D9FF3820DA3774FF910000F6D9FFA02209F04D18DA54D6
:2014E8007E0E910000F6D9FFA02209FF48185E57910000F6D9FF3820DA3774FF910000F658
:20150800D9FF2830DA3674FF1D006901910000F6D9FFD40391000026D9222830542F530F64
:2015280025F091000026D922D8031022F4F2910000F6D9FF283054FF534F24F0910000F6A2
:20154800D9FF9C2110FF14F0DA575F0F3281910000F6D9FF283054FFC21F534F24F0910057
:2015680000F6D9FF9C2110FF483F3BA000003FF01000910000F6D9FFA02291000026D92255
:201588002830542FC21F89FF32081D0036013C6E910000F6D9FF283091000026D922283006
:2015A800542FC2FF74FF910000F6D9FF283054FF534F24F0910000F6D9FF9C2110FF14F07D
:2015C800DA545F0F5480910000F6D9FF283054FFC2FF534F24F0910000F6D9FF9C2110FFE7
:2015E80014F0DA545F0F4380910000F6D9FF283054FFC2EF534F24F0910000F6D9FF9C21F3
:2016080010FF14F0DA545F0F3280910000F6D9FF283054FFC2EF534F24F0910000F6D9FF91
:201628009C2110FF483F3B6004007F0F2000910000F6D9FF283054FFC2EF534F24F0910000
:2016480000F6D9FF9C2110FF483F3BA000007FF00E00910000F6D9FF001091000026D922E8
:201668002830542FC2EF74FF3C0F910000F6D9FF283054F0910000F6D9FFA02209FF72087A
:20168800C24F7FF0877F91000026D9223400910000F6D9FF001054FF534F24F0910000F6D7
:2016A800D9FF9C2110FF483F910000F6D9FF382054F053402400910000F6D9FF9C2101F038
:2016C80000F64830A20F4B0F4101910000F6D9FF001054FF910000F6D9FF382054F1A21FC8
:2016E8004B0F41F14BF051F0742F910000F6D9FF001054FF910000F6D9FFA02209F07208E1
:201708007FF05600910000F6D9FF186091000026D9223820542F74FF3C3E910000F6D9FF4C
:20172800186054FF534F24F0910000F6D9FF9C2110F2910000F6D9FF340054F0910000F6A4
:20174800D9FF186054FF910000F6D9FF382054F1A21F4B0F41F14BF041F04B0F310191000C
:2017680000F6D9FF382054FF534F24F0910000F6D9FF9C2110FF483F42F089200C099100FF
:2017880000F6D9FF186091000026D9221860542FC2FF74FF910000F6D9FF186054FF91005F
:2017A80000F6D9FF001054F07F0FB97F3C0C910000F6D9FF382091000026D9222830542FAD
:2017C800C22F74FF910000F6D9FF283091000026D9222830542FC2FF74FF910000F6D9FFC6
:2017E800283054F0910000F6D9FFA02209FF7208C24F7FF08D7E910000F6D9FF2830DA3B4B
:2018080074FF3C62910000F6D9FF283054FF534F24F0910000F6D9FF9C2110F2910000F64A
:20182800D9FF283054FF534F24F0910000F6D9FF9C2110FF4820910000F6D9FF283054FFCA
:20184800534F24F0910000F6D9FF9C2110FF483F42F0DA024BF0010289202009910000F673
:20186800D9FF283054FF534F24F0910000F6D9FF9C2110F2910000F6D9FF283054FF534F5D
:2018880024F0910000F6D9FF9C2110FF48203250910000F6D9FF283054FF534F24F09100C6
:2018A80000F6D9FF9C2110FF483F42F089200409910000F6D9FF283091000026D922283056
:2018C800542FC2FF74FF910000F6D9FF283054FF910000F6D9FFA02209F072087F0F947F0A
:2018E8000090910000F6D9FFD40391000026D922D803D9223091F4F2910000F6D9FFD803B1
:2019080039FF17A1DF0F2981910000F6D9FF2430DA0074FF3C29910000F6D9FFD803910007
:201928000026D9222430542F325F10FF39FF17A16E023C22910000F6D9FFD8039100002658
:20194800D9222430542F10FF39FF17A16E023C14910000F6D9FF243091000026D922243035
:20196800542FC21F74FF910000F6D9FF243054F0DA273FF0D27F910000F6D9FFD803910045
:201988000026D9222430542F325F10FF39FF17A16E6A910000F6D9FF280091000026D922A6
:2019A8002430542F8B7F02F1C21F74FF910000F6D9FF243091000026D9222800542F74FF74
:2019C8003C4A910000F6D9FFD80391000026D9222430542F10FF39FF3091EE1F910000F61A
:2019E800D9FFD80391000026D9222430542F10FF39FF2F91EE12910000F6D9FF2400910088
:201A08000026D9222430542F74FF910000F6D9FFE0B4DA5474FF3C26910000F6D9FF2430AA
:201A280054FF5E1E910000F6D9FF2400DA0074FF910000F6D9FFE0B4DA5774FF3C13910088
:201A480000F6D9FF243091000026D9222430542FC2FF74FF910000F6D9FF243054FFFF1F7B
:201A6800B27F3C78910000F6D9FFD80391000026D9222430542F10FF39FF17A16E6B91004D
:201A880000F6D9FF240091000026D9222430542F8B7F02F0C2FF74FF910000F6D9FF2430E0
:201AA80091000026D9222400542F74FF3C4B910000F6D9FFD80391000026D9222430542F08
:201AC80010FF39FF3091EE1F910000F6D9FFD80391000026D9222430542F10FF39FF31911D
:201AE800EE12910000F6D9FF280091000026D9222430542F74FF910000F6D9FFE0B4DA543A
:201B08006CF13C28910000F6D9FF243054F0DA4E7E0E910000F6D9FF2800DA4F74FF91009D
:201B280000F6D9FFE0B4DA576CF13C14910000F6D9FF243091000026D9222430542FC21F40
:201B480074FF910000F6D9FF243054F0DA4F3FF0B07F1D00B200910000F6D9FF2430DA2709
:201B680074FF3C4B910000F6D9FFD80391000026D9222430542F10FF39FF3091EE1F9100FA
:201B880000F6D9FFD80391000026D9222430542F10FF39FF3191EE12910000F6D9FF28007B
:201BA80091000026D9222430542F74FF910000F6D9FFE0B4DA546CF13C28910000F6D9FFE0
:201BC800243054F0DA4E7E0E910000F6D9FF2800DA4F74FF910000F6D9FFE0B4DA576CF10D
:201BE8003C14910000F6D9FF243091000026D9222430542FC21F74FF910000F6D9FF24304A
:201C080054F0DA4F3FF0B07F910000F6D9FF2430DA2774FF3C4A910000F6D9FFD803910079
:201C28000026D9222430542F10FF39FF3091EE1F910000F6D9FFD80391000026D92224304F
:201C4800542F10FF39FF2F91EE12910000F6D9FF240091000026D9222430542F74FF9100E2
:201C680000F6D9FFE0B4DA5474FF3C26910000F6D9FF243054FF5E1E910000F6D9FF2400F2
:201C8800DA0074FF910000F6D9FFE0B4DA5774FF3C13910000F6D9FF243091000026D922A4
:201CA8002430542FC2FF74FF910000F6D9FF243054FFFF1FB27F910000F6D9FF2C009100A0
:201CC8000026D9222400542F91000026D92228005420420F82204B0F010274F0910000F6AB
:201CE800D9FF9C2191000026D9222400542F59FFF4E0910000F6D9FF9C2191000026D922F4
:201D08002800542F59FFF8E0910000F6D9FF9C2191000026D9222C00542F59FFCCF09100BE
:201D280000F6D9FF9C2191000026D9222800542F91000026D92224005420A20F59FFF0E090
:201D4800910000F6D9FF9C21DA54E9FFEDE0910000F6D9FF9C21DA54E9FFECE0910000F6F7
:201D6800D9FF2830DA3A74FF1D00A401910000F6D9FFD40391000026D9222830542F530FBD
:201D880025F091000026D922D8031022F4F291000026D9222430910000F6D9FF283054FF71
:201DA800C21F534F24F0910000F6D9FF9C2110FF488F742F3C70910000F6D9FFD403D4FF2A
:201DC80091000026D9222430542F10FF14FFEE31910000F6D9FFD403D4FF91000026D92276
:201DE8002430542F10FF081FEE24910000F6D9FF283054FF534F24F0910000F6D9FF9C21E0
:201E080010FF91000026D9222430542F6CF3910000F6D9FF283054FF8BBF03F1538F20F089
:201E2800910000F6D9FFE0B410FFDA546CF13C3B910000F6D9FF243054F0DA4E5F0F218068
:201E4800910000F6D9FF283054FF534F24F0910000F6D9FF9C2110FFDA4F6CF3910000F680
:201E6800D9FF283054FF8BBF03F1538F20F0910000F6D9FFE0B410FFDA576CF13C14910036
:201E880000F6D9FF243091000026D9222430542FC21F74FF910000F6D9FF243054F0DA4F1B
:201EA8003FF08B7F91000026D9222430910000F6D9FF283054FFC21F534F24F0910000F6B3
:201EC800D9FF9C2110FF488F742F3C70910000F6D9FFD403D4FF91000026D9222430542F9E
:201EE80010FF14FFEE32910000F6D9FFD403D4FF91000026D9222430542F10FF09FF7FF878
:201F0800EE24910000F6D9FF283054FF534F24F0910000F6D9FF9C2110FF91000026D9220A
:201F28002430542F6CF2910000F6D9FF283054FF8BBF03F1538F20F0910000F6D9FFE0B437
:201F480010FFDA5474FF3C39910000F6D9FF243054FFDF1F2180910000F6D9FF283054FFA5
:201F6800534F24F0910000F6D9FF9C2110FFDA006CF2910000F6D9FF283054FF8BBF03F1F8
:201F8800538F20F0910000F6D9FFE0B410FFDA5774FF3C13910000F6D9FF243091000026E8
:201FA800D9222430542FC2FF74FF910000F6D9FF243054FFFF1F8C7F910000F6D9FF28302D
:201FC80054FF534F24F0910000F6D9FF9C2110FFDA542CF1910000F6D9FF283054FF534FCE
:201FE80024F0910000F6D9FF9C2110FFDA5434FF910000F6D9FF283054FF534F24F09100E8
:2020080000F6D9FF9C2110F2910000F6D9FF283054FF534F24F0910000F6D9FF9C2110FF40
:202028004830910000F6D9FF283054FF534F24F0910000F6D9FF9C2110FF482F42F0DA02B0
:202048004BF0010289202009910000F6D9FF283054FF534F24F0910000F6D9FF9C2110F28A
:20206800910000F6D9FF283054FF534F24F0910000F6D9FF9C2110FF483F910000F6D9FF87
:20208800283054F053402400910000F6D9FF9C2101F000F64820A20F6C21910000F6D9FFDD
:2020A800283091000026D9222830542FC2FF74FF910000F6D9FF283054F0DA363F0F587ED0
:2020C8003B4005203C01009020103B600480DA4678033B6004903B6004A0820B820C910087
:2020E80000F6D9FF3C00820034F0910000F6D9FF3800820034F0910000F6D9FFA022DA00F0
:2021080089FF3008910000F6D9FFA022DA0089FF3308910000F6D9FFA022DA0089FF31087D
:20212800910000F6D9FF2830DA3674FF1D007607910000F6D9FFD40391000026D922283083
:202148005420530025F091000026D922D8031022F4F2910000F6D9FFA02209F04818DA089A
:202168005F0F350091000026D9220420910000F6D9FF283054FFC21F534F24F0910000F6B6
:20218800D9FF9C2110FF483F910000F6D9FF982254F0A20F742F91000026D92200209100F8
:2021A80000F6D9FF283054FFC21F534F24F0910000F6D9FF9C2110FF483F910000F6D9FFF6
:2021C800982254F0420F742F3C3391000026D9220420910000F6D9FF283054FFC21F534F33
:2021E80024F0910000F6D9FF9C2110FF483F910000F6D9FF9C2254F0A20F742F91000026A5
:20220800D9220020910000F6D9FF283054FFC21F534F24F0910000F6D9FF9C2110FF483F48
:20222800910000F6D9FF9C2254F0420F742F910000F6D9FF042054FF4EF382153C069100C0
:2022480000F6D9FF042054F5910000F6D9FF042074F5910000F6D9FF002054F0DA4E7F0FD6
:2022680005003BE004603C06910000F6D9FF002054F6910000F6D9FF002074F6910000F657
:20228800D9FFD403D4F43B20054049A5060A6D00CC3991000026D9220420910000F6D9FF7A
:2022A800283054FFC21F534F24F0910000F6D9FF9C2110FF482F910000F6D9FF982254F0D5
:2022C800A20F742F91000026D9220020910000F6D9FF283054FFC21F534F24F0910000F6A8
:2022E800D9FF9C2110FF482F910000F6D9FF982254F0420F742F910000F6D9FF042054FF94
:202308004EF382153C06910000F6D9FF042054F5910000F6D9FF042074F5910000F6D9FF84
:20232800002054F0DA4E7F0F05003BE004603C06910000F6D9FF002054F6910000F6D9FF8D
:20234800002074F6910000F6D9FFD403D4F43BC0044049A5000A6D00683909A04408DA5782
:20236800FE0D910000F6D9FF283054FF534F24F0910000F6D9FF9C2110F2910000F6D9FF0D
:20238800283054FFC21F534F24F0910000F6D9FF9C2110FF482F6C223C0F910000F6D9FF19
:2023A800283054FF534F24F0910000F6D9FF9C2110FF54AF6CF209A04A08DA57FE0D910060
:2023C80000F6D9FF283054FF534F24F0910000F6D9FF9C2110F2910000F6D9FF283054FF9E
:2023E800C21F534F24F0910000F6D9FF9C2110FF483F6C233C10910000F6D9FF283054FFA7
:20240800534F24F0910000F6D9FF9C2110FF09AF06096CF3910000F6D9FF283054FF534F01
:2024280024F0910000F6D9FF9C2110FF0CA42CF1910000F6D9FF283054FF534F24F0910037
:2024480000F6D9FF9C2110FF0CAA34FF910000F6D9FF283054FF534F24F0910000F6D9FFD2
:202468009C2110FF0810DA48BE01910000F6D9FF283054FF534F24F0910000F6D9FF9C21B3
:2024880010FF14F0DA485F0FA381910000F6D9FF283054FF534F24F0910000F6D9FF9C2191
:2024A80010FF0810DA485F0FA28091000026D9222430910000F6D9FF283054FF534F24F075
:2024C800910000F6D9FF9C2110FF482FC21F742F3C78910000F6D9FFD403D4FF910000265A
:2024E800D9222430542F10FF14FFEE2F910000F6D9FFD403D4FF91000026D9222430542F31
:2025080010FF081F6E22910000F6D9FF283054FF534F24F0910000F6D9FF9C2110FF910071
:202528000026D9222430542F6CF2910000F6D9FF283054FF534F24F0910000F6D9FF9C2161
:2025480010FFDA542CF13C52910000F6D9FFD403D4FF91000026D9222430542F10FF14FFD7
:202568006E023C44910000F6D9FF243054F0910000F6D9FF283054FF534F24F0910000F625
:20258800D9FF9C2110FF483FC2FFFE00910000F6D9FF283054FF534F24F0910000F6D9FF2A
:2025A8009C2110FFDA542CF13C21910000F6D9FF243091000026D9222430542FC21F74FF0F
:2025C800910000F6D9FF243054F0910000F6D9FF283054FF534F24F0910000F6D9FF9C2120
:2025E80010FF483FC2FF7F0F767F910000F6D9FF283054FF534F24F0910000F6D9FF9C211D
:2026080010FF4830910000F6D9FF283054FF534F24F0910000F6D9FF9C2110FF482FA2F037
:20262800DA073F0F1000910000F6D9FFA02291000026D9222830542FC21F89FF32081D00E5
:20264800FA04910000F6D9FF283054FF534F24F0910000F6D9FF9C2110FF14F0DA485F0FF5
:20266800B78091000026D9222430910000F6D9FF283054FF534F24F0910000F6D9FF9C2139
:2026880010FF483FC2FF742F1D008D00910000F6D9FFD403D4FF91000026D9222430542FFC
:2026A80010FF14FFEE30910000F6D9FFD403D4FF91000026D9222430542F10FF09FF7FF8B2
:2026C8006E22910000F6D9FF283054FF534F24F0910000F6D9FF9C2110FF91000026D922C5
:2026E8002430542F6CF3910000F6D9FF283054FF534F24F0910000F6D9FF9C2110FFDA5483
:2027080034FF3C65910000F6D9FFD403D4FF91000026D9222430542F10FF14FF6E023C5726
:20272800910000F6D9FF243054F0910000F6D9FF283054FF534F24F0910000F6D9FF9C21BE
:2027480010FF482FC21F5F0F2380910000F6D9FF283054FF534F24F0910000F6D9FF9C211D
:2027680010FF91000026D9222430542F6CF3910000F6D9FF283054FF534F24F0910000F613
:20278800D9FF9C2110FFDA5434FF3C21910000F6D9FF243091000026D9222430542FC2FFD2
:2027A80074FF910000F6D9FF243054F0910000F6D9FF283054FF534F24F0910000F6D9FF88
:2027C8009C2110FF482FC21F7FF0627F82018202910000F6D9FFA02209F04818DF308F025C
:2027E800910000F6D9FF283054F0534024F0910000F6D9FF9C2110FF14F0DA575F0F3881A8
:20280800910000F6D9FF283054F0DA0A7F0F3001910000F6D9FF283054F0DA327FF0280173
:20282800DA465FAFBF803B4005A0910000F6D9FF283054FDC22D910000F6D9FF283054F011
:20284800C2103C0F534024F0910000F6D9FF9C2110FF14F3DA547E34C21237026820C21033
:20286800910000F6D9FF283054FF8BFF00F03FF0EB7FBF924380910000F6D9FF283054FF15
:20288800422F534F24F0910000F6D9FF9C2110FF4830910000F6D9FF283054FFC23F534FB9
:2028A80024F0910000F6D9FF9C2110FF483FA2F04B0041F1C2D24B0241014B0F51C0DA00D3
:2028C8004BFC01F0370F61F16E043B4005903C0F3B600490DA004BFC01F0370F61F06E0706
:2028E800910000F6D9FF3C00DA4634FF910000F6D9FF245074FC3C55910000F6D9FFA022ED
:2029080009FF4818DF4F4E80910000F6D9FF8C22882FDF7F4780BF624580BF622780910023
:2029280000F6D9FF283054FF422F534F24F0910000F6D9FF9C2110FF4830910000F6D9FFED
:20294800283054FFC23F534F24F0910000F6D9FF9C2110FF483FA2F04B0041F1C2D24B026B
:2029680041014B0F51C03C06910000F6D9FF245054FCDA004BFC01F0370F61F16E043B40A6
:2029880005903C0F3B600490DA004BFC01F0370F61F06E07910000F6D9FF3C00DA4634FF14
:2029A800DA545F9F2680910000F6D9FF283054FF534F24F0910000F6D9FF9C2110F2534DBF
:2029C80024F0910000F6D9FF9C2110FF483F4B0F41F1910000F6D9FF283054F00B0D80000A
:2029E8004B0041016B0C71FF4B0F31F16C23910000F6D9FF283054FF534F24F0910000F609
:202A0800D9FF9C2110FF483F4EF3DA013C0E910000F6D9FF283054FF534F24F0910000F6D6
:202A2800D9FF9C2110FF483F910000F6D9FF283054F053402400910000F6D9FF9C2101F0A4
:202A480000F66CF33BE004007FF00400DA4E3C01910000F6D9FF283054F0534024009100DF
:202A680000F6D9FF9C2101F000F66CF3910000F6D9FF283054FF534F24F0910000F6D9FF5E
:202A88009C2110FF0810DA575F0F3981910000F6D9FF283054F0DA0A7F0F3101910000F6CB
:202AA800D9FF283054F0DA327FF029013B60040058035F0FBF80DA547803910000F6D9FF46
:202AC800283054FEC22E910000F6D9FF283054F0C2103C0F534024F0910000F6D9FF9C2179
:202AE80010FF0812DA547E24C21137016810C210910000F6D9FF283054FF8BFF00F03FF0CD
:202B0800EB7FBF914380910000F6D9FF283054FFC23F534F24F0910000F6D9FF9C2110FF44
:202B28004820910000F6D9FF283054FF421F534F24F0910000F6D9FF9C2110FF482FA2F0D0
:202B48004B0041F1C2D14B0141014B0F51B0DA004BFB01F0370F61F16E043B4005803C0F0E
:202B68003B600480DA004BFB01F0370F61F06E07910000F6D9FF3800DA4634FF910000F6A0
:202B8800D9FF205074FB3C55910000F6D9FFA02209FF4818DF5F4E80910000F6D9FF8C2243
:202BA800882FDF7F4780BF614580BF612780910000F6D9FF283054FFC23F534F24F0910033
:202BC80000F6D9FF9C2110FF4820910000F6D9FF283054FF421F534F24F0910000F6D9FF6B
:202BE8009C2110FF482FA2F04B0041F1C2D14B0141014B0F51B03C06910000F6D9FF2050EE
:202C080054FBDA004BFB01F0370F61F16E043B4005803C0F3B600480DA004BFB01F0370F81
:202C280061F06E07910000F6D9FF3800DA4634FFDA545F8F2580910000F6D9FF283054FF11
:202C4800534F24F0910000F6D9FF9C2110F2910000F6D9FF283054FF5AFE4B0F4101534EF9
:202C680024F0910000F6D9FF9C2110FF482F4B0F41F16B0B61FF4B0F31F16C22910000F6A3
:202C8800D9FF283054FF534F24F0910000F6D9FF9C2110FF482F4EF3DA013C0E910000F664
:202CA800D9FF283054FF534F24F0910000F6D9FF9C2110FF482F910000F6D9FF283054F036
:202CC80053402400910000F6D9FF9C2101F000F66CF23BE004007FF00400DA4E3C0191004C
:202CE80000F6D9FF283054F053402400910000F6D9FF9C2101F000F66CF2910000F6D9FFEB
:202D0800283054FF534F24F0910000F6D9FF9C2110FF0810DA57FE0D910000F6D9FF283014
:202D280054FF534F24F0910000F6D9FF9C2110FF14F0DA577E0E910000F6D9FFA0229100E4
:202D48000026D922A022092F7308C21F89FF3308910000F6D9FF283054FF534F24F09100E0
:202D680000F6D9FF9C2110FF0810DA57FE06910000F6D9FF283054F0DA377FF00F00910049
:202D880000F6D9FFA02291000026D922A022092F7008C21F89FF3008910000F6D9FF28301F
:202DA80054FF534F24F0910000F6D9FF9C2110FF14F0DA57FE06910000F6D9FF283054F0A3
:202DC800DA377FF00F00910000F6D9FFA02291000026D922A022092F7108C21F89FF310874
:202DE800910000F6D9FF283054FF534F24F0910000F6D9FF9C2110FF482F4EF3DA013C0E03
:202E0800910000F6D9FF283054FF534F24F0910000F6D9FF9C2110FF482F910000F6D9FFE9
:202E2800283054F053402400910000F6D9FF9C2101F000F66CF23BE004007FF00400DA4E1C
:202E48003C01910000F6D9FF283054F053402400910000F6D9FF9C2101F000F66CF2910089
:202E680000F6D9FF283054FF534F24F0910000F6D9FF9C2110FF483F4EF3DA013C0E910072
:202E880000F6D9FF283054FF534F24F0910000F6D9FF9C2110FF483F910000F6D9FF283092
:202EA80054F053402400910000F6D9FF9C2101F000F66CF33BE004007FF00400DA4E3C01B6
:202EC800910000F6D9FF283054F053402400910000F6D9FF9C2101F000F66CF3910000F64F
:202EE800D9FF283054F053402400910000F6D9FF9C2101F00026910000F6D9FF283054F071
:202F080053402400910000F6D9FF9C2101F000F64820A20F6C21910000F6D9FF283054FF3F
:202F2800534F24F0910000F6D9FF9C2110F2910000F6D9FF283054FF534F24F0910000F66E
:202F4800D9FF9C2110FF4830910000F6D9FF283054FF534F24F0910000F6D9FF9C2110FF62
:202F6800482F42F0DA024BF0010289202009910000F6D9FF283054FF534F24F0910000F66D
:202F8800D9FF9C2110FF481F82703FF00F00910000F6D9FFA02291000026D9222830542F40
:202FA800C21F89FF32083C46910000F6D9FF283054FF534F24F0910000F6D9FF9C2110FFF9
:202FC8004830DA0A7F0F1200910000F6D9FF283054FF534F24F0910000F6D9FF9C2110FF02
:202FE8004820DA463FF00F00910000F6D9FFA02291000026D9222830542FC21F89FF3208B2
:203008003C19910000F6D9FF283091000026D9222830542FC2FF74FF910000F6D9FF283024
:2030280054FF910000F6D9FFA02209F072083FF081783C010090910000F6D9FF08D014FF62
:203048005E1D910000F6D9FF24C0DA0074FF910000F6D9FF1CC0DA0074FF910000F6D9FF76
:203068008C2294FF6E15910000F6D9FFA02209FF48185E446D0049033C0A910000F6D9FFFB
:20308800A02209FF48185E536D0032103C24910000F6D9FF8C22884F6E15910000F6D9FF78
:2030A800A02209FF48185E646D0074003C0A910000F6D9FFA02209FF48185E736D00500DD1
:2030C8003C0A910000F6D9FFA02209FF48185E236D0003000090910000F6D9FFE0B454F061
:2030E800DA575F0F4F80910000F6D9FFE0B4482F3B7005005F0F4680910000F6D9FFE0B419
:20310800484F3B7005005F0F3D80910000F6D9FFE0B4486F3B7005005F0F3480910000F632
:20312800D9FFE0B4488F3B7005005F0F2B80910000F6D9FFE0B4481F3B7005005F0F228061
:20314800910000F6D9FFE0B4483F3B700500FE09910000F6D9FFE0B4485F3B700500FE01ED
:20316800910000F6D9FFE0B4487F3B7005007E09910000F6D9FFE0B4489F3B7005003E0886
:20318800910000F6D9FFA022DA0089FF08180090820182028203910000F6D9FF8C22885F74
:2031A800DF0FD5813BA003401D00C801534424F0910000F6D9FF9C2110FF0810DA575F0F32
:2031C800BA819AF4534F24F0910000F6D9FF9C2110FF0810DA575F0FAE819AE4534F24F023
:2031E800910000F6D9FF9C2110FF0810DA575F0FA281534424F0910000F6D9FF9C2110FFEC
:20320800482FBF2F98019AF4534F24F0910000F6D9FF9C2110FF482FBF2F8D019AE4534F26
:2032280024F0910000F6D9FF9C2110FF482FBF2F820182201D004B01532020F0910000F64A
:20324800D9FFFCC010FF081FDF1F3E819A10532F20F0910000F6D9FFFCC010FF081FDF1F54
:2032680033819A20532F20F0910000F6D9FFFCC010FF081FDF1F28819A30532F20F0910061
:2032880000F6D9FFFCC010FF081FDF1F1D818B2400608B1400103C0F534124F0910000F692
:2032A800D9FF9C2110FF0815DA547E54C21337036830C2118BF400507F510C00532020F09D
:2032C800910000F6D9FF7C5110FF081F3FF1E67FBF732B80910000F6D9FF283054F1C23123
:2032E800534124F0910000F6D9FF9C2110FF4821910000F6D9FF283054FF423F534F24F049
:20330800910000F6D9FF9C2110FF482FA2F14B0141F1C2D34B0341114B1F5120DA004BF2CB
:2033280001F0AE223C0191000026D9222830532020F0910000F6D9FF7C5110FF081F424F07
:2033480082204B0F010274201D00B400910000F6D9FF283054FF534F24F0910000F6D9FFE2
:203368009C2110F2910000F6D9FF283054FF5AF64B0F4101534624F0910000F6D9FF9C21C7
:2033880010FF482F4B0F41F16B0261FF4B0F31F16C22910000F6D9FF283054FF534F24F07C
:2033A800910000F6D9FF9C2110FF482F4EF382103C0E910000F6D9FF283054FF534F24F086
:2033C800910000F6D9FF9C2110FF4820910000F6D9FF283054FF534F24F0910000F6D9FF33
:2033E8009C2110FF6820DA4E7F0F05003BE004003C01910000F6D9FF283054FF534F24F09A
:20340800910000F6D9FF9C2110FF6820910000F6D9FF283054FF534F24F0910000F6D9FFD2
:203428009C2110F2910000F6D9FF283054FF534F24F0910000F6D9FF9C2110FF483FA20FA2
:203448006C21910000F6D9FF283054FF534F24F0910000F6D9FF9C2110F2910000F6D9FF9A
:20346800283054FF534F24F0910000F6D9FF9C2110FF4830910000F6D9FF283054FF534F94
:2034880024F0910000F6D9FF9C2110FF482F42F0DA024BF0010289202009910000F6D9FFF1
:2034A800283091000026D9222830542FC21F74FF910000F6D9FF283054F0DA3B3FF0487FC5
:2034C80082113C15C21037005000910000F6D9FFECC454FF7FF00C80532020F0910000F640
:2034E800D9FF7C5110FF081F7F4FA87EDF012280910000F6D9FF302091000026D9223020C2
:20350800142FC21F34FF910000F6D9FF302014FF5E3F910000F6D9FF8C22DA01ACF59100D3
:2035280000F6D9FF3020DA0034FF1D00ED003C0E3C0DC2F437045040910000F6D9FFA02219
:2035480009FF9218C23F3F4F337E910000F6D9FF8C22885FDF1F75803BA003103C68534164
:2035680024F0910000F6D9FF9C2110FF0810DA575F0F5B809AF1534F24F0910000F6D9FFD2
:203588009C2110FF0810DA575F0F4F809AE1534F24F0910000F6D9FF9C2110FF0810DA572C
:2035A8005F0F4380534124F0910000F6D9FF9C2110FF482FBF2F39009AF1534F24F091008F
:2035C80000F6D9FF9C2110FF482FBF2F2E009AE1534F24F0910000F6D9FF9C2110FF482FE3
:2035E800BF2F2300DA233FF12000910000F6D9FF302091000026D9223020142FC21F34FF5D
:20360800910000F6D9FF302014FF5E3D910000F6D9FF8C22DA02ACF5910000F6D9FF30200C
:20362800DA0034FF3C70C2F137015010910000F6D9FFA02209FF9218C23F3F1F927F9100AA
:2036480000F6D9FF8C22885FDF2F5E8082013BA003203C47534224F0910000F6D9FF9C214A
:2036680010FF0810DA575F0F3C809AF2534F24F0910000F6D9FF9C2110FF0810DA575F0F9C
:2036880030809AE2534F24F0910000F6D9FF9C2110FF0810DA575F0F2480534224F0910080
:2036A80000F6D9FF9C2110FF482FBF2F1A009AF2534F24F0910000F6D9FF9C2110FF482F05
:2036C800BF2F0F009AE2534F24F0910000F6D9FF9C2110FF482FBF2F040082113C05C2F297
:2036E800DA1E3F2FB97FF61F910000F6D9FF8C22DA00ACF5910000F6D9FFA022DA0089FF04
:2037080008183C01009082013B7003203C3A534224F0910000F6D9FF9C2110FF0810DA57D0
:203728007E02C2119A32534F24F0910000F6D9FF9C2110FF0810DA575F0F23809A22534FC9
:2037480024F0910000F6D9FF9C2110FF0810DA57FE079A12534F24F0910000F6D9FF9C2156
:2037680010FF0810DA577E0C534224F0910000F6D9FF9C2110FF0810DA547E023C05C2F2D0
:20378800DA1E3F2FC67F910000F6D9FF8C22882FFF7F0F00910000F6D9FF085091000026B7
:2037A800D9222840542F67FFBFFF74FF3C35910000F6D9FF8C22882F5E7E910000F6D9FF14
:2037C800085091000026D9222C40542F67FFBFFF74FF3C22910000F6D9FF8C22882F3B8074
:2037E80000007E0E910000F6D9FF085091000026D9223040542F67FFBFFF74FF3C0D910068
:2038080000F6D9FF085091000026D9223440542F67FFBFFF74FF910000F6D9FF8C22882F76
:20382800DF1F2680DA0A7F1F23006D0065A2820082013C0F538120F0910000F6D9FFE0B49C
:2038480010FF54F2DA577E24C21037006800C211BF51F27FBF300A80910000F6D9FF8C22ED
:20386800DA02ACF26D0048A21D008804910000F6D9FF8C22882FDF2F1B82820282033BD043
:2038880002401D00DB019A44534F24F0910000F6D9FF9C2110FF48D0534424F0910000F6DC
:2038A800D9FF9C2110FF48DF7FF03D009A34534F24F0910000F6D9FF9C2110FF48D053442B
:2038C80024F0910000F6D9FF9C2110FF48DF7FF02A009A44534F24F0910000F6D9FF9C2131
:2038E80010FF48DF9240534424F0910000F6D9FF9C2110FF48DF7F0F16009A34534F24F093
:20390800910000F6D9FF9C2110FF48DF9240534424F0910000F6D9FF9C2110FF48DF3F0F30
:203928009E009A54534F24F0910000F6D9FF9C2110FF48D0534424F0910000F6D9FF9C2133
:2039480010FF48DF7FF03D009A34534F24F0910000F6D9FF9C2110FF48D0534424F091007A
:2039680000F6D9FF9C2110FF48DF7FF02A009A54534F24F0910000F6D9FF9C2110FF48DFEF
:203988009240534424F0910000F6D9FF9C2110FF48DF7F0F16009A34534F24F0910000F6A1
:2039A800D9FF9C2110FF48DF9240534424F0910000F6D9FF9C2110FF48DF3F0F50009A44E9
:2039C800534F24F0910000F6D9FF9C2110FF48D0534424F0910000F6D9FF9C2110FF48DFE9
:2039E8007FF02B019A24534F24F0910000F6D9FF9C2110FF48D0534424F0910000F6D9FF63
:203A08009C2110FF48DF7FF018019A44534F24F0910000F6D9FF9C2110FF48DF92405344D4
:203A280024F0910000F6D9FF9C2110FF48DF7F0F04019A24534F24F0910000F6D9FF9C21F5
:203A480010FF48DF9240534424F0910000F6D9FF9C2110FF48DF7F0FF000534424F091009F
:203A680000F6D9FF9C2110FF48D09AE4534F24F0910000F6D9FF9C2110FF48DF7F0F3D003B
:203A8800534424F0910000F6D9FF9C2110FF48D09AD4534F24F0910000F6D9FF9C2110FFE1
:203AA80048DF7F0F2A00534424F0910000F6D9FF9C2110FF48DF92C09AE4534F24F091000B
:203AC80000F6D9FF9C2110FF48DF7FF01600534424F0910000F6D9FF9C2110FF48DF92C049
:203AE8009AD4534F24F0910000F6D9FF9C2110FF48DF3FF09E00534424F0910000F6D9FF71
:203B08009C2110FF48D09AF4534F24F0910000F6D9FF9C2110FF48DF7F0F3D00534424F0AD
:203B2800910000F6D9FF9C2110FF48D09AD4534F24F0910000F6D9FF9C2110FF48DF7F0F36
:203B48002A00534424F0910000F6D9FF9C2110FF48DF92C09AF4534F24F0910000F6D9FF41
:203B68009C2110FF48DF7FF01600534424F0910000F6D9FF9C2110FF48DF92C09AD4534F66
:203B880024F0910000F6D9FF9C2110FF48DF3FF05000534424F0910000F6D9FF9C2110FF62
:203BA80048D09AE4534F24F0910000F6D9FF9C2110FF48DF7F0F4100534424F0910000F65E
:203BC800D9FF9C2110FF48D09AC4534F24F0910000F6D9FF9C2110FF48DF7F0F2E00534468
:203BE80024F0910000F6D9FF9C2110FF48DF92C09AE4534F24F0910000F6D9FF9C2110FFA6
:203C080048DF7FF01A00534424F0910000F6D9FF9C2110FF48DF92C09AC4534F24F09100F8
:203C280000F6D9FF9C2110FF48DF7FF006003704682082133C0BC2F4910000F6D9FFA022D0
:203C480009FF7208C25F3F4F207EDA087FF11B00763EBFB20C80910000F6D9FF8C22DA0583
:203C6800ACF26D00F89F6D0047A03C0B910000F6D9FF8C22DA05ACF26D00ED9F6D003CA033
:203C88003C146D0010A07B0022F44BF201F0370F61F16E0B910000F6D9FF8C22DA05ACF255
:203CA8006D00D99F6D0028A01D006802910000F6D9FF8C22882FDE56910000F6D9FFA02242
:203CC80009F07108DA0F7F0F0E80910000F6D9FF8C22DA06ACF26D00BE9F6D000DA01D00D9
:203CE8004D02910000F6D9FF8C22882FDF6FC180910000F6D9FFA02209FF7108FFCFB98071
:203D08006D00D19F7B001AF44BF201F0370F61F1DF0FAF00910000F6D9FF2830DA3674FF98
:203D28003C1E910000F6D9FF283054FF534F24F0910000F6D9FF9C2110FF48EF3BE00400E0
:203D48007F0F03003C1A910000F6D9FF283091000026D9222830542FC2FF74FF910000F675
:203D6800D9FF283054F0910000F6D9FFA02209FF7208C23F3F0FD77F910000F6D9FF2830C8
:203D880054FF370F68208203910000F6D9FF2830DA3674FF3C4A910000F6D9FF283054F0BA
:203DA800534024F0910000F6D9FF9C2110FF48E0910000F6D9FF283054F1C211534124F08A
:203DC800910000F6D9FF9C2110FF48EFA2F0FF302000910000F6D9FF283054F0534024F0F6
:203DE800910000F6D9FF9C2110FF48E0910000F6D9FF283054F1C211534124F0910000F66A
:203E0800D9FF9C2110FF48EFA2F0FFE0040082133C22910000F6D9FF283091000026D922EE
:203E28002830542FC2FF74FF910000F6D9FF283054F09AB27F0F1000910000F6D9FF2830CF
:203E480054F0910000F6D9FFA02209FF7208C23F3F0FA37FF63B910000F6D9FF8C22DA07E3
:203E6800ACF26D00F89E6D00479F1D008701910000F6D9FF8C22882FDF7FE1806D00139FFF
:203E88007B802CF44BF201F0370F61F1DF0FD700910000F6D9FFA02209F07108DA0F7F0F6A
:203EA800CE80910000F6D9FFDCB4DA0074FF910000F6D9FFD8B4DA0074FF3B4003101D008D
:203EC8009C00534124F0910000F6D9FF9C2110FF48E09A21534F24F0910000F6D9FF9C21B6
:203EE80010FF48EFA2F0FF407400534124F0910000F6D9FF9C2110FF48E09A21534F24F0C3
:203F0800910000F6D9FF9C2110FF48EF3F0F7400534124F0910000F6D9FF9C2110FF48E07A
:203F28009AE1534F24F0910000F6D9FF9C2110FF48EF3F0F6100534124F0910000F6D9FF30
:203F48009C2110FF48E09A11534F24F0910000F6D9FF9C2110FF48EF3F0F4E00534124F05E
:203F6800910000F6D9FF9C2110FF48E09AF1534F24F0910000F6D9FF9C2110FF48EF3F0FF5
:203F88003B00534124F0910000F6D9FF9C2110FF48E09A41534F24F0910000F6D9FF9C2136
:203FA80010FF48EF3F0F2800534124F0910000F6D9FF9C2110FF48E09AC1534F24F09100A0
:203FC80000F6D9FF9C2110FF48EF3F0F150091000026D922D8B4534124F0910000F6D9FF60
:203FE8009C2110FF483F742F910000F6D9FFDCB474F13C0BC2F1910000F6D9FFA02209FF4C
:204008007208C23F3F1F5F7F910000F6D9FFDCB454F0DA187F0F1100910000F6D9FF34503A
:204028006D00199E74F26D00679E910000F6D9FF8C22DA08ACF21D00A100910000F6D9FFD2
:204048008C22882F3B800000FE0C910000F6D9FFA02209FF7108FF9F1480910000F6D9FFFB
:20406800A02209FF7208FFAF0C80910000F6D9FF8C22DA09ACF26D00EE9D6D003D9E3C7D33
:20408800910000F6D9FF8C22882F3B9000005F0F43806D00089E022F6D00059E4B2F41F059
:2040A800910000F6D9FF145054F0910000F6D9FF345054F14B1041004B0F01F0370F61F14A
:2040C8006E29910000F6D9FFA022DA0089FF0818910000F6D9FF8C22DA00ACF2910000F692
:2040E800D9FF8C22DA00B4FF910000F6D9FF8C22DA00ACF16D00AF9D3BA0424082056D0017
:20410800C2D2910000F6D9FF0850DA0074FF1D0026053C33910000F6D9FF8C22882F3BA0A9
:2041280000005F0F2B806D00BE9D7B0022F44BF201F0370F61F16E21910000F6D9FFA0228F
:20414800DA0089FF0818910000F6D9FF8C22DA00ACF2910000F6D9FF8C22DA00B4FF910025
:2041680000F6D9FF8C22DA00ACF16D00749D3BA0424082056D0087D2910000F6D9FF8C220F
:20418800882F9E14910000F6D9FF8C22882F1E2E910000F6D9FF8C22882F1E38910000F6FD
:2041A800D9FF8C22882FDF4FD980910000F6D9FF2830DA3974FF1D00C200910000F6D9FFB8
:2041C800283054FF534F24F0910000F6D9FF9C2110F2910000F6D9FF283054FF534F24F098
:2041E800910000F6D9FF9C2110FF483F910000F6D9FF283054F0910000F6D9FF041001F0A6
:2042080000F614F04B0061017B0000144B1041004B003101A20F6C22910000F6D9FF283051
:2042280054FF534F24F0910000F6D9FF9C2110FF482F4EF382103C0E910000F6D9FF2830F7
:2042480054FF534F24F0910000F6D9FF9C2110FF4820910000F6D9FF283054FF534F24F0FA
:20426800910000F6D9FF9C2110FF6820DA4E7F0F05003BE004003C01910000F6D9FF2830B5
:2042880054FF534F24F0910000F6D9FF9C2110FF6820910000F6D9FF283054FF534F24F09A
:2042A800910000F6D9FF9C2110F2910000F6D9FF283054FF534F24F0910000F6D9FF9C21FC
:2042C80010FF483F42F0DA024BF0010289202009910000F6D9FF283054FF534F24F09100D1
:2042E80000F6D9FF9C2110F2910000F6D9FF283054FF534F24F0910000F6D9FF9C2110FF3E
:2043080048203250910000F6D9FF283054FF534F24F0910000F6D9FF9C2110FF483F42F007
:2043280089200409910000F6D9FF283091000026D9222830542FC2FF74FF910000F6D9FFE8
:20434800283054FF910000F6D9FFA02209F072083FF0357F6D00092B910000F6D9FF8C2285
:20436800882F1E58910000F6D9FF8C22882FDF6F43828201820282038204910000F6D9FFC0
:204388002830DA3774FF1D008D0091000026D9222430910000F6D9FF283054F0534024F0E7
:2043A800910000F6D9FF9C2110FF482F925074203C56910000F6D9FF283054F0530025F0E8
:2043C800910000F6D9FFD80310FF91000026D9222430542F10FF14F0DF103780910000F6C3
:2043E800D9FF283054F0530025F0910000F6D9FFD80310FF91000026D9222430542F10FFF8
:20440800081FEE22910000F6D9FF283054F2910000F6D9FF243054F18BF104F14B02410168
:20442800BBD0CC3C9BC3DC334B3041004B003101A20F4B0F41F18BB203014B0041014B0FD6
:20444800513082143C21910000F6D9FF243091000026D9222430542FC21F74FF910000F6C9
:20446800D9FF243054F0910000F6D9FF283054FF534F24F0910000F6D9FF9C2110FF483F52
:20448800C2FF3FF0987F76223C19910000F6D9FF283091000026D9222830542FC2FF74FFA8
:2044A800910000F6D9FF283054FF910000F6D9FFA02209F072083FF06A7FDF02A5809100A7
:2044C80000F6D9FF283091000026D922A022092F7208C21F74FF1D008F00910000F6D9FF29
:2044E800283054FF534F24F0910000F6D9FF9C2110FF0810DA545F0F7480910000F6D9FF21
:20450800283054FFC21F534F24F0910000F6D9FF9C2110FF0810DA545F0F6380910000F608
:20452800D9FF283054FFC22F534F24F0910000F6D9FF9C2110FF0810DA575F0F5280910004
:2045480000F6D9FF283054FF534F24F0910000F6D9FF9C2110FF4820910000F6D9FF2830DA
:2045680054FFC22F534F24F0910000F6D9FF9C2110FF482FA2F00B00C001DA0A7F0F310096
:20458800910000F6D9FF283054F2534224F0910000F6D9FF9C2110FF4821910000F6D9FF7A
:2045A800A02291000026D9222830542F89FF32084B0241F1BBD0CC0C9BC0DC034B0F41F03B
:2045C8004B0F31F18BFF04F1A21F4B0F41F18BB203014B0041014B0F513082143C1491006B
:2045E80000F6D9FF283091000026D9222830542FC21F74FF910000F6D9FF283054F0DA1EB9
:204608003FF06D7FDF041200910000F6D9FF0C40DA0134FF910000F6D9FF044074F291002F
:2046280000F6D9FF084074F3DF02E600910000F6D9FF28309AF274FF1D00C200910000F612
:20464800D9FF283054FF534F24F0910000F6D9FF9C2110FF91000026D9222830542FA22F90
:204668004B0F41F14B0141016BF361F04B0F31F16CF3910000F6D9FF283054FFA22F4B0F59
:2046880041F14B0141016BF361F04B0F31F14EF3DA013C0F910000F6D9FF283054FFA22FE5
:2046A8004B0F41F14B0141016BF361F04B0F31F1910000F6D9FF283054F05340240091006A
:2046C80000F6D9FF9C2101F000F66CF33BE004007FF00400DA4E3C01910000F6D9FF283053
:2046E80054F053402400910000F6D9FF9C2101F000F66CF3910000F6D9FF283054F0530007
:204708002500910000F6D9FFD80301F000F610FFDA0034FF910000F6D9FF283054FF530FC3
:2047280025F0910000F6D9FFD80310F2910000F6D9FF283054FF534F24F0910000F6D9FF01
:204748009C2110FF483F102FDA002CF1910000F6D9FF283054FF534F24F0910000F6D9FFA9
:204768009C2110FF483F9220DA4E7FF01E00910000F6D9FF283054FF530F25F0910000F66F
:20478800D9FFD80310F2910000F6D9FF283054FF534F24F0910000F6D9FF9C2110FF483FEA
:2047A800102FDA002CF2910000F6D9FF283091000026D9222830542FC21F74FF910000F69B
:2047C800D9FF283054F0DA3C3FF03A7F6DFF8BE86DFF7CEC91000046D944D8033BC003409F
:2047E8003B0005503BA003606D005E2B6DFFB2E46D00BB28910000F6D9FF8C22882F5E7108
:20480800910000F6D9FF8C22882F3B8000005F0FC480910000F6D9FF8C22881FDF1FBD8070
:20482800910000F6D9FFC8C4DA2074FF910000F6D9FFCCC4DA0774FF910000F6D9FF28202E
:2048480054F46D007F8DDA283C30530F2500910000F6D9FFD80301F000F601F200F614F08C
:20486800DF10238092F053002500910000F6D9FFD80301F000F601F200F614F0DF00158022
:20488800910000F6D9FFC8C474F2910000F6D9FFCCC492F074F0910000F6D9FFA022C21FE8
:2048A80089FF32083C04C2FFFF6FD17F3B9003303C6B534324F0910000F6D9FF9C2110FFF5
:2048C80091000026D9229C211920F4D091000026D922C8C45421A2108B631C10E210910062
:2048E8000026D922CCC454218BA103114B10010291000026D9229C211922F4D04220683084
:20490800534324F0910000F6D9FF9C2110FF483F4EF3DA013C09534324F0910000F6D9FFC9
:204928009C2110FF483F53432400910000F6D9FF9C2101F000F66CF33BE004007FF004006E
:20494800DA4E3C0153432400910000F6D9FF9C2101F000F66CF353432400910000F6D9FFB5
:204968009C2101F0002653432400910000F6D9FF9C2101F000F64820420F82204B0F0102E6
:2049880089202009C2F3910000F6D9FFCCC454FFC2DF3F3F907F910000F6D9FF8C22882F54
:2049A8003B9000005F0FDB80910000F6D9FF2830DA3974FF1D00C400910000F6D9FF283086
:2049C80054FF534F24F0910000F6D9FF9C2110F2910000F6D9FF283054FF534F24F0910057
:2049E80000F6D9FF9C2110FF483F910000F6D9FF283054F0910000F6D9FF041001F000F639
:204A080014F04B0061013B6066169B61FE134B1041004B003101A20F6C22910000F6D9FF02
:204A2800283054FF534F24F0910000F6D9FF9C2110FF482F4EF382103C0E910000F6D9FFEF
:204A4800283054FF534F24F0910000F6D9FF9C2110FF4820910000F6D9FF283054FF534FAE
:204A680024F0910000F6D9FF9C2110FF6820DA4E7F0F05003BE004003C01910000F6D9FFF1
:204A8800283054FF534F24F0910000F6D9FF9C2110FF6820910000F6D9FF283054FF534F4E
:204AA80024F0910000F6D9FF9C2110F2910000F6D9FF283054FF534F24F0910000F6D9FF9D
:204AC8009C2110FF483F42F0DA024BF0010289202009910000F6D9FF283054FF534F24F09D
:204AE800910000F6D9FF9C2110F2910000F6D9FF283054FF534F24F0910000F6D9FF9C21B4
:204B080010FF48203250910000F6D9FF283054FF534F24F0910000F6D9FF9C2110FF483F22
:204B280042F089200409910000F6D9FF283091000026D9222830542FC2FF74FF910000F686
:204B4800D9FF283054FF910000F6D9FFA02209F072083FF0337F6D00082700908201820222
:204B68008203910000F6D9FF8C22885FDF0FDC813BA003401D00CF01534424F0910000F62C
:204B8800D9FF9C2110FF14F0DA575F0FC1819AF4534F24F0910000F6D9FF9C2110FF14F011
:204BA800DA575F0FB5819AE4534F24F0910000F6D9FF9C2110FF14F0DA575F0FA981534455
:204BC80024F0910000F6D9FF9C2110FF4830DA4E7FF09E019AF4534F24F0910000F6D9FF3D
:204BE8009C2110FF4830DA4E7FF092019AE4534F24F0910000F6D9FF9C2110FF4830DA4E40
:204C08007FF0860182251D004F01532520F0910000F6D9FFFCC010FF14F0DF3042819A154B
:204C2800532F20F0910000F6D9FFFCC010FF14F0DF3037819A25532F20F0910000F6D9FF35
:204C4800FCC010FF14F0DF302C819A35532F20F0910000F6D9FFFCC010FF14F0DF30218181
:204C68008B2400608B1400003C0F534024F0910000F6D9FF9C2110FF14F1DA547E14C213C7
:204C880037036830C2108BF400107F100C00532520F0910000F6D9FF7C5110FF14F13F1027
:204CA800E67FBF732B80910000F6D9FF283054F0C230534024F0910000F6D9FF9C2110FFEB
:204CC8004830910000F6D9FF283054FF423F534F24F0910000F6D9FF9C2110FF483FA2F0CF
:204CE8004B0041F1C2D34B0341014B0F5120DA004BF201F0AE223C01910000F6D9FF283073
:204D0800532520F091000026D9227C511022142F42F4DA024BF4010274F01D00B8009100F1
:204D280000F6D9FF283054FF534F24F0910000F6D9FF9C2110F2910000F6D9FF283054FF14
:204D48005AF64B0F4101534624F0910000F6D9FF9C2110FF483F4B0F41F16B0261FF4B0F4D
:204D680031F16C23910000F6D9FF283054FF534F24F0910000F6D9FF9C2110FF483F4EF3C7
:204D8800DA013C0E910000F6D9FF283054FF534F24F0910000F6D9FF9C2110FF483F9100E3
:204DA80000F6D9FF283054F053402400910000F6D9FF9C2101F000F66CF33BE004007FF0DA
:204DC8000400DA4E3C01910000F6D9FF283054F053402400910000F6D9FF9C2101F000F6AD
:204DE8006CF3910000F6D9FF283054F053402400910000F6D9FF9C2101F00026910000F6E0
:204E0800D9FF283054F053402400910000F6D9FF9C2101F000F64820A20F6C21910000F62F
:204E2800D9FF283054FF534F24F0910000F6D9FF9C2110F2910000F6D9FF283054FF534F67
:204E480024F0910000F6D9FF9C2110FF4830910000F6D9FF283054FF534F24F0910000F64C
:204E6800D9FF9C2110FF482F42F0DA024BF0010289202009910000F6D9FF28309100002683
:204E8800D9222830542FC21F74FF910000F6D9FF283054F0DA3B3FF0447F82113C15C21523
:204EA80037055050910000F6D9FFECC454FF7FF50C80532520F0910000F6D9FF7C5110FFE9
:204EC80014FF7F4FA47EDF012280910000F6D9FF342091000026D9223420142FC21F34FF35
:204EE800910000F6D9FF342014FF5E3F910000F6D9FF8C22DA01ACF5910000F6D9FF34200B
:204F0800DA0034FF1D00F3003C0E3C0DC2F437045040910000F6D9FFA02209FF9218C23F84
:204F28003F4F2C7E910000F6D9FF8C22885FDF1F78803BA003103C6B534124F0910000F683
:204F4800D9FF9C2110FF14F0DA575F0F5E809AF1534F24F0910000F6D9FF9C2110FF14F0B4
:204F6800DA575F0F52809AE1534F24F0910000F6D9FF9C2110FF14F0DA575F0F468053415F
:204F880024F0910000F6D9FF9C2110FF4830DA4E7FF03B009AF1534F24F0910000F6D9FFE0
:204FA8009C2110FF4830DA4E7FF02F009AE1534F24F0910000F6D9FF9C2110FF4830DA4EE3
:204FC8007FF02300DA233FF12000910000F6D9FF342091000026D9223420142FC21F34FFDA
:204FE800910000F6D9FF342014FF5E3D910000F6D9FF8C22DA02ACF5910000F6D9FF34200B
:20500800DA0034FF3C73C2F137015010910000F6D9FFA02209FF9218C23F3F1F8F7F9100B0
:2050280000F6D9FF8C22885FDF2F618082013BA003203C4A534224F0910000F6D9FF9C214A
:2050480010FF14F0DA575F0F3F809AF2534F24F0910000F6D9FF9C2110FF14F0DA575F0FC7
:2050680033809AE2534F24F0910000F6D9FF9C2110FF14F0DA575F0F2780534224F0910094
:2050880000F6D9FF9C2110FF4830DA4E7FF01C009AF2534F24F0910000F6D9FF9C2110FFD6
:2050A8004830DA4E7FF010009AE2534F24F0910000F6D9FF9C2110FF4830DA4E7FF0040059
:2050C80082113C05C2F2DA1E3F2FB67FF61F910000F6D9FF8C22DA00ACF5910000F6D9FFA9
:2050E800A022DA0089FF08183C01009082013B7003203C3A534224F0910000F6D9FF9C210B
:2051080010FF14F0DA577E02C2119A32534F24F0910000F6D9FF9C2110FF14F0DA575F0FA0
:2051280023809A22534F24F0910000F6D9FF9C2110FF14F0DA57FE079A12534F24F09100FA
:2051480000F6D9FF9C2110FF14F0DA577E0C534224F0910000F6D9FF9C2110FF14F0DA54E8
:205168007E023C05C2F2DA1E3F2FC67F910000F6D9FF8C22882FFF7F0D00910000F6D9FF59
:20518800085091000026D9223840542F74FF3C24910000F6D9FF8C22882F5E7C910000F60A
:2051A800D9FF085091000026D9223C40542F74FF3C13910000F6D9FF8C22882F3B800000C5
:2051C8007E0B910000F6D9FF085091000026D9220050542F74FF910000F6D9FF8C22882FCB
:2051E8003B9000007E0B910000F6D9FF085091000026D9220450542F74FF910000F6D9FF41
:205208008C22882FDF1F2780DA0A7F1F2400820082013C10538120F0910000F6D9FFE0B4AE
:2052280010FF481F3B7005207E24C21037006800C211BF51F17FBF300C80910000F6D9FFE0
:205248008C22DA02ACF26D0006956D0055951D00D404910000F6D9FF8C22882FDF2F1C825A
:20526800820282033BD002401D00DB019A44534F24F0910000F6D9FF9C2110FF48E0534459
:2052880024F0910000F6D9FF9C2110FF48EF7F0F3D009A34534F24F0910000F6D9FF9C2125
:2052A80010FF48E0534424F0910000F6D9FF9C2110FF48EF7F0F2A009A44534F24F09100C5
:2052C80000F6D9FF9C2110FF48EF92C0534424F0910000F6D9FF9C2110FF48EF7FF0160011
:2052E8009A34534F24F0910000F6D9FF9C2110FF48EF92C0534424F0910000F6D9FF9C21A7
:2053080010FF48EF3FF09E009A44534F24F0910000F6D9FF9C2110FF48E0534424F091004F
:2053280000F6D9FF9C2110FF48EF7F0F3D009A24534F24F0910000F6D9FF9C2110FF48E002
:20534800534424F0910000F6D9FF9C2110FF48EF7F0F2A009A44534F24F0910000F6D9FF8D
:205368009C2110FF48EF92C0534424F0910000F6D9FF9C2110FF48EF7FF016009A24534FDE
:2053880024F0910000F6D9FF9C2110FF48EF92C0534424F0910000F6D9FF9C2110FF48EF30
:2053A8003FF050009A54534F24F0910000F6D9FF9C2110FF48E0534424F0910000F6D9FF65
:2053C8009C2110FF48EF7F0F2B019A34534F24F0910000F6D9FF9C2110FF48E0534424F086
:2053E800910000F6D9FF9C2110FF48EF7F0F18019A54534F24F0910000F6D9FF9C2110FFCD
:2054080048EF92C0534424F0910000F6D9FF9C2110FF48EF7FF004019A34534F24F0910065
:2054280000F6D9FF9C2110FF48EF92C0534424F0910000F6D9FF9C2110FF48EF7FF0F000D5
:20544800534424F0910000F6D9FF9C2110FF48E09AE4534F24F0910000F6D9FF9C2110FFE7
:2054680048EF7FF03D00534424F0910000F6D9FF9C2110FF48E09AD4534F24F0910000F698
:20548800D9FF9C2110FF48EF7FF02A00534424F0910000F6D9FF9C2110FF48EF92409AE433
:2054A800534F24F0910000F6D9FF9C2110FF48EF7F0F1600534424F0910000F6D9FF9C2161
:2054C80010FF48EF92409AD4534F24F0910000F6D9FF9C2110FF48EF3F0F9E00534424F08F
:2054E800910000F6D9FF9C2110FF48E09AF4534F24F0910000F6D9FF9C2110FF48EF7FF03C
:205508003D00534424F0910000F6D9FF9C2110FF48E09AD4534F24F0910000F6D9FF9C2108
:2055280010FF48EF7FF02A00534424F0910000F6D9FF9C2110FF48EF92409AF4534F24F061
:20554800910000F6D9FF9C2110FF48EF7F0F1600534424F0910000F6D9FF9C2110FF48EF30
:2055680092409AD4534F24F0910000F6D9FF9C2110FF48EF3F0F5000534424F0910000F6FB
:20558800D9FF9C2110FF48E09AE4534F24F0910000F6D9FF9C2110FF48EF7FF0410053445A
:2055A80024F0910000F6D9FF9C2110FF48E09AC4534F24F0910000F6D9FF9C2110FF48EF06
:2055C8007FF02E00534424F0910000F6D9FF9C2110FF48EF92409AE4534F24F0910000F68C
:2055E800D9FF9C2110FF48EF7F0F1A00534424F0910000F6D9FF9C2110FF48EF92409AC4E3
:20560800534F24F0910000F6D9FF9C2110FF48EF7F0F06003704682082133C0BC2F49100F0
:2056280000F6D9FFA02209FF7208C25F3F4F207EDA087FF11C00763FDA0F7F2F0C8091002C
:2056480000F6D9FF8C22DA05ACF26D0004936D0053933C0B910000F6D9FF8C22DA05ACF221
:205668006D00F9926D0048933C146D001C937B0022F44BF201F0370F61F16E0B910000F61F
:20568800D9FF8C22DA05ACF26D00E5926D0034931D00B302910000F6D9FF8C22882FDE561D
:2056A800910000F6D9FFA02209F07008DA0F7F0F0E80910000F6D9FF8C22DA06ACF26D0053
:2056C800CA926D0019931D009802910000F6D9FF8C22882FDF6FBE80910000F6D9FFA02225
:2056E80009FF7008FFAFB6806D00DD927B001AF44BF201F0370F61F1DF0FAC00910000F6F2
:20570800D9FF2830DA3674FF3C1C910000F6D9FF283054FF534F24F0910000F6D9FF9C219A
:2057280010FF48DFBF2F03003C1A910000F6D9FF283091000026D9222830542FC2FF74FF6C
:20574800910000F6D9FF283054F0910000F6D9FFA02209FF7208C23F3F0FD97F910000F675
:20576800D9FF283054FF370F68208203910000F6D9FF2830DA3674FF3C49910000F6D9FF2D
:20578800283054F0534024F0910000F6D9FF9C2110FF48D0910000F6D9FF283054F1C211AC
:2057A800534124F0910000F6D9FF9C2110FF48DFA2F0FF302000910000F6D9FF283054F00B
:2057C800534024F0910000F6D9FF9C2110FF48D0910000F6D9FF283054F1C211534124F060
:2057E800910000F6D9FF9C2110FF48DFA2F0FFE003008213910000F6D9FF283091000026D8
:20580800D9222830542FC2FF74FF910000F6D9FF283054F09AB27F0F1000910000F6D9FF32
:20582800283054F0910000F6D9FFA02209FF7208C23F3F0FA47FF63B910000F6D9FF8C2271
:20584800DA07ACF26D0007926D0056921D00D501910000F6D9FF8C22882FDF7F27816D003C
:2058680022927B802CF44BF201F0370F61F1DF0F1D01910000F6D9FFA02209FF7008BFBF60
:205888001581910000F6D9FFD8B4DA0074FF910000F6D9FFDCB4DA0074FF910000F6D9FF97
:2058A8002830DA3474FF1D00DA00910000F6D9FF283054FF534F24F0910000F6D9FF9C2134
:2058C80010FF48DF910000F6D9FF283054F0C22053402400910000F6D9FF9C2101F000F6F3
:2058E80048D0A20FBFDF9300910000F6D9FF283054FF534F24F0910000F6D9FF9C2110FFBB
:2059080048D0910000F6D9FF283054FFC2EF534F24F0910000F6D9FF9C2110FF48DF3FF075
:205928009300910000F6D9FF283054FF534F24F0910000F6D9FF9C2110FF48D0910000F642
:20594800D9FF283054FFC21F534F24F0910000F6D9FF9C2110FF48DF3FF07600910000F6A7
:20596800D9FF283054FF534F24F0910000F6D9FF9C2110FF48D0910000F6D9FF283054FF99
:20598800C2FF534F24F0910000F6D9FF9C2110FF48DF3FF05900910000F6D9FF283054FFA4
:2059A800534F24F0910000F6D9FF9C2110FF48D0910000F6D9FF283054FFC24F534F24F015
:2059C800910000F6D9FF9C2110FF48DF3FF03C00910000F6D9FF283054FF534F24F09100B1
:2059E80000F6D9FF9C2110FF48D0910000F6D9FF283054FFC2CF534F24F0910000F6D9FF3D
:205A08009C2110FF48DF3FF01F0091000026D922D8B4910000F6D9FF283054FF534F24F03F
:205A2800910000F6D9FF9C2110FF482F742F910000F6D9FFDCB491000026D9222830542F9D
:205A480074FF3C1A910000F6D9FF283091000026D9222830542FC2FF74FF910000F6D9FF9E
:205A6800283054F0910000F6D9FFA02209FF7208C23F3F0F1C7F910000F6D9FFDCB454F0C2
:205A8800DA187F0F1100910000F6D9FF38506D00E29074F26D003091910000F6D9FF8C2206
:205AA800DA08ACF21D00A900910000F6D9FF8C22882F3B800000FE0D910000F6D9FFA022ED
:205AC80009FF7008FF9F1480910000F6D9FFA02209FF7208FFAF0C806D00BD906D000C916B
:205AE800910000F6D9FF8C22DA09ACF21D008500910000F6D9FF8C22882F3B9000005F0F71
:205B08004A806D00D090022F6D00CD904B2F41F0910000F6D9FF185054F0910000F6D9FFD6
:205B2800385054F14B1041004B0F01F0370F61F16E30910000F6D9FFA022DA0089FF0818D0
:205B4800910000F6D9FF8C22DA00ACF2910000F6D9FF8C22DA00B4FF910000F6D9FF8C2211
:205B6800DA00ACF1910000F6D9FFA022DA0089FF08186D0070903BA0424082056D0083C5FD
:205B8800910000F6D9FF0850DA0074FF1D008C043C33910000F6D9FF8C22882F3BA000003E
:205BA8005F0F2B806D007F907B0022F44BF201F0370F61F16E21910000F6D9FFA022DA0067
:205BC80089FF0818910000F6D9FF8C22DA00ACF2910000F6D9FF8C22DA00B4FF910000F66F
:205BE800D9FF8C22DA00ACF16D0035903BA0424082056D0048C5910000F6D9FF8C22882F4C
:205C08009E14910000F6D9FF8C22882F1E2E910000F6D9FF8C22882F1E38910000F6D9FF41
:205C28008C22882FDF4F8F803BB003201D008100534224F0910000F6D9FF9C2110F25342B2
:205C480024F0910000F6D9FF9C2110FF482F910000F6D9FF041001F200F614F04B00610179
:205C68007B0000144B1041004B00310142F089200C09534224F0910000F6D9FF9C2110FFB0
:205C8800483F4EF3DA013C09534224F0910000F6D9FF9C2110FF483F53422400910000F679
:205CA800D9FF9C2101F000F66CF33BE004007FF00400DA4E3C0153422400910000F6D9FFF2
:205CC8009C2101F000F66CF353422400910000F6D9FF9C2101F0002653422400910000F68D
:205CE800D9FF9C2101F000F6482042F0DA024BF0010289202009534224F0910000F6D9FF92
:205D08009C2110F2534224F0910000F6D9FF9C2110FF48203250534224F0910000F6D9FFF6
:205D28009C2110FF483F42F089200409C2F2910000F6D9FFA02209FF72083F2F7B7F6D00F4
:205D4800141E910000F6D9FF8C22882F1E58910000F6D9FF8C22882FDF6F418282018202F3
:205D680082038204910000F6D9FF2830DA3774FF1D008B0091000026D9222430910000F6A0
:205D8800D9FF283054F0534024F0910000F6D9FF9C2110FF483F92B074203C54910000F641
:205DA800D9FF283054F0530025F0910000F6D9FFD80310FF91000026D9222430542F10FF1E
:205DC80014F0DF103580910000F6D9FF283054F0530025F0910000F6D9FFD80310FF9100D6
:205DE8000026D9222430542F10FF081FEE20910000F6D9FF283054F2910000F6D9FF2430AF
:205E080054F14B0241F1BBA0700D9B30CA034B0F41F04B0F31F1A21F4B0F41F18BB20301B1
:205E28004B0041014B0F513082143C21910000F6D9FF243091000026D9222430542FC2FF02
:205E480074FF910000F6D9FF243054F0910000F6D9FF283054FF534F24F0910000F6D9FFB1
:205E68009C2110FF482FC21F3F0F9A7F76223C19910000F6D9FF283091000026D9222830E1
:205E8800542FC2FF74FF910000F6D9FF283054FF910000F6D9FFA02209F072083FF06C7F8B
:205EA800DF02A480910000F6D9FF283091000026D922A022092F7208C25F74FF1D008E00B9
:205EC800910000F6D9FF283054FF534F24F0910000F6D9FF9C2110FF14F0DA545F0F73803C
:205EE800910000F6D9FF283054FFC21F534F24F0910000F6D9FF9C2110FF14F0DA545F0F2E
:205F08006280910000F6D9FF283054FFC22F534F24F0910000F6D9FF9C2110FF14F0DA5786
:205F28005F0F5180910000F6D9FF283054FF534F24F0910000F6D9FF9C2110FF4830910026
:205F480000F6D9FF283054FFC22F534F24F0910000F6D9FF9C2110FF483FA2F00B00C0F119
:205F68003B60FF0F7F0F2F00910000F6D9FF283054F2534224F0910000F6D9FF9C2110FFE2
:205F88004831910000F6D9FFA02291000026D9222830542F89FF32084B0241F1BBA0700DB9
:205FA8009B30CA034B0F41F04B0F31F1A21F4B0F41F18BB203014B0041014B0F51308214AE
:205FC8003C14910000F6D9FF283091000026D9222830542FC21F74FF910000F6D9FF28301A
:205FE80054F0DA1E3FF06E7FDF041200910000F6D9FF1840DA0134FF910000F6D9FF1040D8
:2060080074F2910000F6D9FF144074F3DF02E700910000F6D9FF28309AE274FF1D00C300AA
:20602800910000F6D9FF283054FF534F24F0910000F6D9FF9C2110FF91000026D922283063
:20604800542FA22F4B0F41F14B0141016BF361F04B0F31F16CF2910000F6D9FF283054FF37
:20606800A22F4B0F41F14B0141016BF361F04B0F31F14EF3DA013C0F910000F6D9FF2830E4
:2060880054FFA22F4B0F41F14B0141016BF361F04B0F31F1910000F6D9FF283054F0534001
:2060A8002400910000F6D9FF9C2101F000F66CF23BE004007FF00400DA4E3C01910000F6D5
:2060C800D9FF283054F053402400910000F6D9FF9C2101F000F66CF2910000F6D9FF283075
:2060E80054F053002500910000F6D9FFD80301F000F610FFDA0034FF910000F6D9FF2830E8
:2061080054FF530F25F0910000F6D9FFD80310F2910000F6D9FF283054FF534F24F0910020
:2061280000F6D9FF9C2110FF482F102FDA0089FF3FF8910000F6D9FF283054FF534F24F0AE
:20614800910000F6D9FF9C2110FF482FC2EFBF1F1F00910000F6D9FF283054FF530F25F066
:20616800910000F6D9FFD80310F2910000F6D9FF283054FF534F24F0910000F6D9FF9C21FF
:2061880010FF482F102FDA0089FF3EF8910000F6D9FF283091000026D9222830542FC21F75
:2061A80074FF910000F6D9FF283054F0DA3C3FF0397F6DFF98DB6DFF89DF91000046D944C5
:2061C800D8033BC003403B0005503BA003606D006B1E6DFFBFD76D00C81B910000F6D9FF29
:2061E8008C22882F5E71910000F6D9FF2C2054F46D00A880910000F6D9FF8C22882F3B805C
:2062080000005F0FB880910000F6D9FFC8C4DA3274FF910000F6D9FFCCC4DA0774FFDA2821
:206228003C30530F2500910000F6D9FFD80301F000F601F200F614F0DF10238092F05300EE
:206248002500910000F6D9FFD80301F000F601F200F614F0DF001580910000F6D9FFC8C4A4
:2062680074F2910000F6D9FFCCC492F074F0910000F6D9FFA022C21F89FF32083C06C2FF14
:206288003B8000003FF0CF7F3B9003303C6B534324F0910000F6D9FF9C2110FF910000268D
:2062A800D9229C211920F0D091000026D922C8C45421A2108B631C10E21091000026D92202
:2062C800CCC454218BA103114B10010291000026D9229C211922F0D042206820534324F015
:2062E800910000F6D9FF9C2110FF482F4EF3DA013C09534324F0910000F6D9FF9C2110FFBE
:20630800482F53432400910000F6D9FF9C2101F000F66CF23BE004007FF00400DA4E3C01EC
:2063280053432400910000F6D9FF9C2101F000F66CF253432400910000F6D9FF9C2101F073
:20634800002653432400910000F6D9FF9C2101F000F6483042F0DA024BF0010289202009BC
:20636800C2F3910000F6D9FFCCC454FFC2DF3F3F907F910000F6D9FF8C22882F3B90000061
:206388005F0F92803BB003201D008400534224F0910000F6D9FF9C2110F2534224F09100C5
:2063A80000F6D9FF9C2110FF482F910000F6D9FF1C5054F0910000F6D9FF041001F200F659
:2063C80014F14B0161114B1041004B00310142F089200C09534224F0910000F6D9FF9C2124
:2063E80010FF483F4EF3DA013C09534224F0910000F6D9FF9C2110FF483F534224009100F9
:2064080000F6D9FF9C2101F000F66CF33BE004007FF00400DA4E3C0153422400910000F66C
:20642800D9FF9C2101F000F66CF353422400910000F6D9FF9C2101F0002653422400910043
:2064480000F6D9FF9C2101F000F6482042F0DA024BF0010289202009534224F0910000F60C
:20646800D9FF9C2110F2534224F0910000F6D9FF9C2110FF48203250534224F0910000F68F
:20648800D9FF9C2110FF483F42F089200409C2F2910000F6D9FFA02209FF72083F2F787F25
:2064A8006D00631A0090910000F6D9FFA02209F07108DA143F0F4780910000F6D9FFA022A3
:2064C80009FF7008BFAF3F80910000F6D9FFA02209FF7208FF6F3780910000F6D9FFA0221E
:2064E80009F07308DA0F3F0F2E808214910000F6D9FFA02209F57208C2153B2003606D000A
:20650800472BBBD0CCFC9BCFDCF34BF201F06F2F1A80910000F6D9FF9C2139F078F0DA5731
:20652800BE01910000F6D9FF9C2139F05050DA573E09910000F6D9FF9C2139F028A0DA57F9
:206548007E031D0035093B90012082088209820A910000F6D9FFCC03820074F0910000F62F
:20656800D9FFD003820074F03BA003003C1E534024F0910000F6D9FF9C2110FF48DF8BF0D6
:206588001F1053412410910000F6D9FF9C2101F100F648D15211BF510800910000F6D9FF05
:2065A800CC0374F03C04C2F03F02E37F3BA003003C1D9A10534F24F0910000F6D9FF9C2158
:2065C80010FF48FF53402410910000F6D9FF9C2101F100F648F1A21FBF5F0800910000F6EB
:2065E800D9FFD00374F03C04C2F03F02E47F910000F6D9FFCC0354F11D00D9019A41534F07
:2066080024F0910000F6D9FF9C2110FF4820534124F0910000F6D9FF9C2110FF482F7FF012
:206628003D009A31534F24F0910000F6D9FF9C2110FF4820534124F0910000F6D9FF9C213D
:2066480010FF482F7FF02A009A41534F24F0910000F6D9FF9C2110FF482F9240534124F066
:20666800910000F6D9FF9C2110FF482F7F0F16009A31534F24F0910000F6D9FF9C2110FF20
:20668800482F9240534124F0910000F6D9FF9C2110FF482F3F0F9E009A51534F24F0910041
:2066A80000F6D9FF9C2110FF4820534124F0910000F6D9FF9C2110FF482F7FF03D009A310F
:2066C800534F24F0910000F6D9FF9C2110FF4820534124F0910000F6D9FF9C2110FF482F1F
:2066E8007FF02A009A51534F24F0910000F6D9FF9C2110FF482F9240534124F0910000F6B5
:20670800D9FF9C2110FF482F7F0F16009A31534F24F0910000F6D9FF9C2110FF482F9240BD
:20672800534124F0910000F6D9FF9C2110FF482F3F0F50009A41534F24F0910000F6D9FF79
:206748009C2110FF4820534124F0910000F6D9FF9C2110FF482F7FF029019A21534F24F0A9
:20676800910000F6D9FF9C2110FF4820534124F0910000F6D9FF9C2110FF482F7FF01601AE
:206788009A41534F24F0910000F6D9FF9C2110FF482F9240534124F0910000F6D9FF9C2128
:2067A80010FF482F7F0F02019A21534F24F0910000F6D9FF9C2110FF482F9240534124F02D
:2067C800910000F6D9FF9C2110FF482F7F0FEE00534124F0910000F6D9FF9C2110FF482058
:2067E8009AE1534F24F0910000F6D9FF9C2110FF482F7F0F3D00534124F0910000F6D9FFEC
:206808009C2110FF48209AD1534F24F0910000F6D9FF9C2110FF482F7F0F2A00534124F019
:20682800910000F6D9FF9C2110FF482F92C09AE1534F24F0910000F6D9FF9C2110FF482F89
:206848007FF01600534124F0910000F6D9FF9C2110FF482F92C09AD1534F24F0910000F667
:20686800D9FF9C2110FF482F3FF09E00534124F0910000F6D9FF9C2110FF48209AF1534FC0
:2068880024F0910000F6D9FF9C2110FF482F7F0F3D00534124F0910000F6D9FF9C2110FF9C
:2068A80048209AD1534F24F0910000F6D9FF9C2110FF482F7F0F2A00534124F0910000F6BE
:2068C800D9FF9C2110FF482F92C09AF1534F24F0910000F6D9FF9C2110FF482F7FF01600DB
:2068E800534124F0910000F6D9FF9C2110FF482F92C09AD1534F24F0910000F6D9FF9C21B7
:2069080010FF482F3FF05000534124F0910000F6D9FF9C2110FF48209AE1534F24F091006D
:2069280000F6D9FF9C2110FF482F7F0F3F00534124F0910000F6D9FF9C2110FF48209AC1DB
:20694800534F24F0910000F6D9FF9C2110FF482F7F0F2C00534124F0910000F6D9FF9C2159
:2069680010FF482F92C09AE1534F24F0910000F6D9FF9C2110FF482F7FF01800534124F035
:20698800910000F6D9FF9C2110FF482F92C09AC1534F24F0910000F6D9FF9C2110FF482F48
:2069A8007FF00400821A3C05C2F1DA193F1F287E3BD002101D00DA019A41534F24F091009E
:2069C80000F6D9FF9C2110FF48D0534124F0910000F6D9FF9C2110FF48DF7FF03D009A417C
:2069E800534F24F0910000F6D9FF9C2110FF48DF9240534124F0910000F6D9FF9C2110FFE2
:206A080048DF7F0F29009A31534F24F0910000F6D9FF9C2110FF48D0534124F0910000F69D
:206A2800D9FF9C2110FF48DF7FF016009A31534F24F0910000F6D9FF9C2110FF48DF924059
:206A4800534124F0910000F6D9FF9C2110FF48DF3F0F9E009A51534F24F0910000F6D9FF48
:206A68009C2110FF48D0534124F0910000F6D9FF9C2110FF48DF7FF03D009A51534F24F0E3
:206A8800910000F6D9FF9C2110FF48DF9240534124F0910000F6D9FF9C2110FF48DF7F0F42
:206AA80029009A31534F24F0910000F6D9FF9C2110FF48D0534124F0910000F6D9FF9C211D
:206AC80010FF48DF7FF016009A31534F24F0910000F6D9FF9C2110FF48DF9240534124F0A6
:206AE800910000F6D9FF9C2110FF48DF3F0F50009A41534F24F0910000F6D9FF9C2110FFE2
:206B080048D0534124F0910000F6D9FF9C2110FF48DF7FF02A019A41534F24F0910000F6A9
:206B2800D9FF9C2110FF48DF9240534124F0910000F6D9FF9C2110FF48DF7F0F16019A2156
:206B4800534F24F0910000F6D9FF9C2110FF48D0534124F0910000F6D9FF9C2110FF48DF3A
:206B68007FF003019A21534F24F0910000F6D9FF9C2110FF48DF9240534124F0910000F6D6
:206B8800D9FF9C2110FF48DF7F0FEF00534124F0910000F6D9FF9C2110FF48D09AE1534F9D
:206BA80024F0910000F6D9FF9C2110FF48DF7F0F3D00534124F0910000F6D9FF9C2110FFC9
:206BC80048DF92C09AE1534F24F0910000F6D9FF9C2110FF48DF7FF02900534124F09100E0
:206BE80000F6D9FF9C2110FF48D09AD1534F24F0910000F6D9FF9C2110FF48DF7F0F1600C4
:206C0800534124F0910000F6D9FF9C2110FF48DF92C09AD1534F24F0910000F6D9FF9C21E3
:206C280010FF48DF3FF09E00534124F0910000F6D9FF9C2110FF48D09AF1534F24F091008C
:206C480000F6D9FF9C2110FF48DF7F0F3D00534124F0910000F6D9FF9C2110FF48DF92C054
:206C68009AF1534F24F0910000F6D9FF9C2110FF48DF7FF02900534124F0910000F6D9FFDA
:206C88009C2110FF48D09AD1534F24F0910000F6D9FF9C2110FF48DF7F0F1600534124F049
:206CA800910000F6D9FF9C2110FF48DF92C09AD1534F24F0910000F6D9FF9C2110FF48DFB5
:206CC8003FF05000534124F0910000F6D9FF9C2110FF48D09AE1534F24F0910000F6D9FFB2
:206CE8009C2110FF48DF7F0F4000534124F0910000F6D9FF9C2110FF48DF92C09AE1534F62
:206D080024F0910000F6D9FF9C2110FF48DF7FF02C00534124F0910000F6D9FF9C2110FF97
:206D280048D09AC1534F24F0910000F6D9FF9C2110FF48DF7F0F1900534124F0910000F6FA
:206D4800D9FF9C2110FF48DF92C09AC1534F24F0910000F6D9FF9C2110FF48DF7FF0050037
:206D6800021882193C0BC2F1910000F6D9FFA02209FF7208C25F3F1F217E910000F6D9FF3C
:206D8800D00354FF910000F6D9FFCC0354F07FF00C00F6AA910000F6D9FFA02209FF700897
:206DA800BF8F0380822A910000F6D9FFD00354F0DA197F0FCD01910000F6D9FFCC0354F017
:206DC800DA147F0FC501910000F6D9FFD00354FF910000F6D9FFCC0354F07FF0B9019100B8
:206DE80000F6D9FF8C22882FDF0FB2818214910000F6D9FFA02209F57208C2153B20036073
:206E08006D00C626BBD0CCFC9BCFDCF34BF201F0370F61F0DF0F9C01910000F6D9FF9C2119
:206E280039F0D170DA575F0F9301910000F6D9FF9C2139F0D580DA575F0F8A01910000F662
:206E4800D9FF9C2139F0D990DA575F0F8101DF0A7D01910000F6D9FF283091000026D92212
:206E6800D003542F74FF3C4B910000F6D9FF283054FF534F24F0910000F6D9FF9C2110FFCF
:206E880048DFFF3F3200910000F6D9FF283054FFC2FF534F24F0910000F6D9FF9C2110FFA7
:206EA80048DFFF3F2200910000F6D9FF8C22DA01B4FF910000F6D9FF8C22DA01ACF2910091
:206EC80000F6D9FF8C22DA01ACF1910000F6D9FFA022DA0489FF08183BA0424082156D00AE
:206EE800D2BB1D006504910000F6D9FF283091000026D9222830542FC2FF74FF910000F678
:206F0800D9FFD00354FF8B6F1FF07F8F0400028F3C08910000F6D9FFD00354FF8B6F1FF0ED
:206F2800910000F6D9FF283054F07FF09F7F82018202910000F6D9FF2830DA0074FF3C1B5F
:206F4800910000F6D9FF283054FF532F20F0910000F6D9FFFCC010FF081F5E323C199100C6
:206F680000F6D9FF283091000026D9222830542FC21F74FF910000F6D9FF283054F0910076
:206F880000F6D9FFECC454FFC2BF3FF0DBFF1D00D000910000F6D9FF283054FF532F20F005
:206FA800910000F6D9FFFCC010FF081F5E22C211910000F6D9FF283054FF532F20F09100F8
:206FC80000F6D9FFFCC010FF081F6E0F910000F6D9FF283054FF532F20F0910000F6D9FF71
:206FE800FCC010FF081F5E131D00B000DF0196003C1B910000F6D9FF283054FF532F20F0F0
:20700800910000F6D9FFFCC010FF081FEE023C19910000F6D9FF283091000026D922283011
:20702800542FC21F74FF910000F6D9FF283054F0910000F6D9FFECC454FFC2BF3FF0DBFF8A
:20704800910000F6D9FF283054FF370F70003C4E910000F6D9FF283054FF532F20F09100B1
:2070680000F6D9FF1C9110FF081FFF5F1380910000F6D9FF283054FFC21F532F20F0910058
:2070880000F6D9FF1C9110FF081FFF5F0380C212BF522280910000F6D9FF8C22DA01B4FF34
:2070A800910000F6D9FF8C22DA01ACF2910000F6D9FF8C22DA01ACF1910000F6D9FFA0229C
:2070C800DA0489FF08183BA0424082156D00DBBA1D006E03910000F6D9FF28309100002630
:2070E800D9222830542FC21F74FF910000F6D9FF283054F1910000F6D9FFECC454FFC2BF7F
:207108007FF10B80910000F6D9FF283054FF8BF000103F1F9F7F3C19910000F6D9FF28304F
:2071280091000026D9222830542FC21F74FF910000F6D9FF283054F0910000F6D9FFECC45C
:2071480054FFC2BF3FF027FF1D003203DF0930038214910000F6D9FFA02209F57208C2158B
:207168003B6003606D001425BBD0CCFC9BCFDCF34BF201F0370F61F0DF0F1A03910000F680
:20718800D9FFA02209FF72087F8F0400028F3C07910000F6D9FFA02209FF72088204370F76
:2071A80068503B6003606D00F324BBD0CCFC9BCFDCF34BF201F0370F61F1DF0FF902DA2850
:2071C8007FF8F602820982028201820A910000F6D9FF283074F83C69910000F6D9FF28309B
:2071E80054F0534024F0910000F6D9FF9C2110FF0810DA57FE0E910000F6D9FF283054F021
:20720800C2F0534024F0910000F6D9FF9C2110FF0810DA577E0EC219910000F6D9FF28307B
:2072280054F2910000F6D9FF283054F1C2E13C4B910000F6D9FF283054FF534F24F0910089
:2072480000F6D9FF9C2110FF0810DA575F0F2380910000F6D9FF283054FFC2FF534F24F0B1
:20726800910000F6D9FF9C2110FF0810DA54FE02910000F6D9FF283054FFC2EF534F24F024
:20728800910000F6D9FF9C2110FF0810DA547E023C1A910000F6D9FF283091000026D92236
:2072A8002830542FC2FF74FF910000F6D9FF283054F0910000F6D9FFA02209FF7208C24F08
:2072C8003F0F8C7FDF0903028204910000F6D9FF283074F23C1D910000F6D9FF283054F069
:2072E800534024F0910000F6D9FF9C2110FF48DFFF3F0400C2143C2A910000F6D9FF283058
:2073080091000026D92228305420C2F074F0910000F6D9FF283054F3910000F6D9FFA022B2
:2073280009F07208C2407F301200910000F6D9FF283054F0534024F0910000F6D9FF9C2151
:2073480010FF0810DA575F0FC87FF6428209910000F6D9FF283074F13C2F5A18FF5F0400FA
:2073680082093C38910000F6D9FF283054FF534F24F0910000F6D9FF9C2110FF0810DA54D5
:207388007E023C28910000F6D9FF283054F0910000F6D9FFA02209FF7208C22F7E023C1A9C
:2073A800910000F6D9FF283091000026D9222830542FC2FF74FF910000F6D9FF283054F052
:2073C800910000F6D9FFA02209FF7208C21F3F0FC67FDF097C01910000F6D9FF283074F806
:2073E8001D00AB00910000F6D9FF283054FF534F24F0910000F6D9FF9C2110FF0810DA5789
:207408005F0F5F80910000F6D9FF283054FFC21F534F24F0910000F6D9FF9C2110FF081033
:20742800DA575F0F4E80910000F6D9FF283054FFC22F534F24F0910000F6D9FF9C2110FFFB
:207448000810DA575F0F3D80910000F6D9FF283054FFC23F534F24F0910000F6D9FF9C21D3
:2074680010FF0810DA575F0F2C80910000F6D9FF283054FF534F24F0910000F6D9FF9C21B6
:2074880010FF48D0910000F6D9FF283054FFC2BF534F24F0910000F6D9FF9C2110FF48DF2A
:2074A800A2F03B60FFFF7F0F0B00C21937096890910000F6D9FF283054FAC24A3C459100CA
:2074C80000F6D9FF283054FF534F24F0910000F6D9FF9C2110FF0810DA575F0F238091005F
:2074E80000F6D9FF283054FFC21F534F24F0910000F6D9FF9C2110FF0810DA54FE02910072
:2075080000F6D9FF283054FFC22F534F24F0910000F6D9FF9C2110FF0810DA547E023C1402
:20752800910000F6D9FF283091000026D9222830542FC21F74FF910000F6D9FF283054F0B0
:20754800DA303FF0517F910000F6D9FF283054F0DA30FE0BDF191A80820082013C0F538156
:2075680020F0910000F6D9FFE0B410FF54F3DA577E34C21037006800C211BF51F27FBF2023
:207588000580C219DA30924ADF29A100910000F6D9FF283091000026D922A022092F720817
:2075A800C21F74FF3C7D910000F6D9FF283054FF534F24F0910000F6D9FF9C2110FF0810B3
:2075C800DA545F0F6380910000F6D9FF283054FFC21F534F24F0910000F6D9FF9C2110FF58
:2075E8000810DA545F0F5280910000F6D9FF283054FFC22F534F24F0910000F6D9FF9C2130
:2076080010FF0810DA575F0F4180910000F6D9FF283054FF534F24F0910000F6D9FF9C21FF
:2076280010FF48D0910000F6D9FF283054FFC22F534F24F0910000F6D9FF9C2110FF48DF18
:20764800A2F00B00C0F1BF6F2100910000F6D9FF8C22DA01B4FF910000F6D9FF8C22DA0201
:20766800ACF2910000F6D9FF8C22DA01ACF1910000F6D9FFA022DA0489FF08183BA04240DB
:2076880082156D0000B83C22910000F6D9FF283091000026D9222830542FC21F74FF91009F
:2076A80000F6D9FF283054FF7F2F1100910000F6D9FF283054F0DA1E7FF00900910000F698
:2076C800D9FF283054FF3F8F707FDF293680910000F6D9FF283074FA3C260B8A8000DA1E10
:2076E8007F0F040082193C27910000F6D9FF283054FF534F24F0910000F6D9FF9C2110FF07
:207708000810DA547E023C17DA367EA23C14910000F6D9FF283091000026D9222830542F84
:20772800C21F74FF910000F6D9FF283054F0DA373FF0D57F3C1C910000F6D9FFA02209FFDD
:2077480072087F8F03003C07910000F6D9FFA02209F872088204370868503B6003606DFFD0
:20776800B4C9F6257694C21937096890DF292080910000F6D9FF8C22DA01B4FF910000F682
:20778800D9FF8C22DA01ACF2910000F6D9FF8C22DA01ACF1910000F6D9FFA022DA0489FFD6
:2077A80008183BA0424082156D006DB70090910000F6D9FFA02209F07008DA143F0F4680F8
:2077C800910000F6D9FFA02209FF7108BFDF3E80910000F6D9FFA02209FF7308FFBF36808B
:2077E800910000F6D9FFA02209FF7208FF6F2E808204910000F6D9FFA02209F57208C215CC
:207808003B2003606D00C421BBD0CCFC9BCFDCF34BF201F06F2F1A80910000F6D9FF9C2142
:2078280039F079F0DA57BE01910000F6D9FF9C2139F05150DA573E09910000F6D9FF9C2144
:2078480039F029A0DA577E031D003F093B90012082088209910000F6D9FFD0C4820074F03D
:20786800910000F6D9FFD4C4820074F0820A3BA003003C1D9AF0534F24F0910000F6D9FFC1
:207888009C2110FF48EF53402410910000F6D9FF9C2101F100F648E15211BF5108009100DD
:2078A80000F6D9FFD0C474F03C04C2F03F02E47F3BA003003C1E534024F0910000F6D9FF26
:2078C8009C2110FF09F100199A10534F24F0910000F6D9FF9C2110FF09FF0019A2F1BF5172
:2078E8000800910000F6D9FFD4C474F03C04C2F03F02E37F910000F6D9FFD0C454F11D0033
:20790800D9019A41534F24F0910000F6D9FF9C2110FF4830534124F0910000F6D9FF9C218D
:2079280010FF483F7F0F3D009A31534F24F0910000F6D9FF9C2110FF4830534124F0910081
:2079480000F6D9FF9C2110FF483F7F0F2A009A41534F24F0910000F6D9FF9C2110FF483F03
:2079680092C0534124F0910000F6D9FF9C2110FF483F7FF016009A31534F24F0910000F6C6
:20798800D9FF9C2110FF483F92C0534124F0910000F6D9FF9C2110FF483F3FF09E009A4160
:2079A800534F24F0910000F6D9FF9C2110FF4830534124F0910000F6D9FF9C2110FF483F0C
:2079C8007F0F3D009A21534F24F0910000F6D9FF9C2110FF4830534124F0910000F6D9FFB9
:2079E8009C2110FF483F7F0F2A009A41534F24F0910000F6D9FF9C2110FF483F92C053414B
:207A080024F0910000F6D9FF9C2110FF483F7FF016009A21534F24F0910000F6D9FF9C2186
:207A280010FF483F92C0534124F0910000F6D9FF9C2110FF483F3FF050009A51534F24F0DC
:207A4800910000F6D9FF9C2110FF4830534124F0910000F6D9FF9C2110FF483F7F0F290169
:207A68009A31534F24F0910000F6D9FF9C2110FF4830534124F0910000F6D9FF9C2110FF07
:207A8800483F7F0F16019A51534F24F0910000F6D9FF9C2110FF483F92C0534124F09100D4
:207AA80000F6D9FF9C2110FF483F7FF002019A31534F24F0910000F6D9FF9C2110FF483FF8
:207AC80092C0534124F0910000F6D9FF9C2110FF483F7FF0EE00534124F0910000F6D9FF8E
:207AE8009C2110FF48309AE1534F24F0910000F6D9FF9C2110FF483F7FF03D00534124F003
:207B0800910000F6D9FF9C2110FF48309AD1534F24F0910000F6D9FF9C2110FF483F7FF078
:207B28002A00534124F0910000F6D9FF9C2110FF483F92409AE1534F24F0910000F6D9FF57
:207B48009C2110FF483F7F0F1600534124F0910000F6D9FF9C2110FF483F92409AD1534FED
:207B680024F0910000F6D9FF9C2110FF483F3F0F9E00534124F0910000F6D9FF9C2110FF78
:207B880048309AF1534F24F0910000F6D9FF9C2110FF483F7FF03D00534124F0910000F697
:207BA800D9FF9C2110FF48309AD1534F24F0910000F6D9FF9C2110FF483F7FF02A005341A1
:207BC80024F0910000F6D9FF9C2110FF483F92409AF1534F24F0910000F6D9FF9C2110FF99
:207BE800483F7F0F1600534124F0910000F6D9FF9C2110FF483F92409AD1534F24F0910074
:207C080000F6D9FF9C2110FF483F3F0F5000534124F0910000F6D9FF9C2110FF48309AE1D7
:207C2800534F24F0910000F6D9FF9C2110FF483F7FF03F00534124F0910000F6D9FF9C2162
:207C480010FF48309AC1534F24F0910000F6D9FF9C2110FF483F7FF02C00534124F09100FE
:207C680000F6D9FF9C2110FF483F92409AE1534F24F0910000F6D9FF9C2110FF483F7F0F98
:207C88001800534124F0910000F6D9FF9C2110FF483F92409AC1534F24F0910000F6D9FF28
:207CA8009C2110FF483F7F0F040082193C05C2F1DA193F1F287E3BD002101D00DA019A4161
:207CC800534F24F0910000F6D9FF9C2110FF48E0534124F0910000F6D9FF9C2110FF48EF89
:207CE8007F0F3D009A31534F24F0910000F6D9FF9C2110FF48E0534124F0910000F6D9FFD6
:207D08009C2110FF48EF7F0F2A009A41534F24F0910000F6D9FF9C2110FF48EF92C05341C7
:207D280024F0910000F6D9FF9C2110FF48EF7FF016009A31534F24F0910000F6D9FF9C21A3
:207D480010FF48EF92C0534124F0910000F6D9FF9C2110FF48EF3FF09E009A41534F24F01B
:207D6800910000F6D9FF9C2110FF48E0534124F0910000F6D9FF9C2110FF48EF7F0F3D00D3
:207D88009A21534F24F0910000F6D9FF9C2110FF48E0534124F0910000F6D9FF9C2110FF44
:207DA80048EF7F0F2A009A41534F24F0910000F6D9FF9C2110FF48EF92C0534124F091004E
:207DC80000F6D9FF9C2110FF48EF7FF016009A21534F24F0910000F6D9FF9C2110FF48EF72
:207DE80092C0534124F0910000F6D9FF9C2110FF48EF3FF050009A51534F24F0910000F678
:207E0800D9FF9C2110FF48E0534124F0910000F6D9FF9C2110FF48EF7F0F2A019A31534F5E
:207E280024F0910000F6D9FF9C2110FF48E0534124F0910000F6D9FF9C2110FF48EF7F0F3B
:207E480017019A51534F24F0910000F6D9FF9C2110FF48EF92C0534124F0910000F6D9FFA6
:207E68009C2110FF48EF7FF003019A31534F24F0910000F6D9FF9C2110FF48EF92C05341BB
:207E880024F0910000F6D9FF9C2110FF48EF7FF0EF00534124F0910000F6D9FF9C2110FF33
:207EA80048E09AE1534F24F0910000F6D9FF9C2110FF48EF7FF03D00534124F0910000F624
:207EC800D9FF9C2110FF48E09AD1534F24F0910000F6D9FF9C2110FF48EF7FF02A0053411E
:207EE80024F0910000F6D9FF9C2110FF48EF92409AE1534F24F0910000F6D9FF9C2110FFD6
:207F080048EF7F0F1600534124F0910000F6D9FF9C2110FF48EF92409AD1534F24F09100F0
:207F280000F6D9FF9C2110FF48EF3F0F9E00534124F0910000F6D9FF9C2110FF48E09AF1F6
:207F4800534F24F0910000F6D9FF9C2110FF48EF7FF03D00534124F0910000F6D9FF9C2191
:207F680010FF48E09AD1534F24F0910000F6D9FF9C2110FF48EF7FF02A00534124F091006D
:207F880000F6D9FF9C2110FF48EF92409AF1534F24F0910000F6D9FF9C2110FF48EF7F0F05
:207FA8001600534124F0910000F6D9FF9C2110FF48EF92409AD1534F24F0910000F6D9FF47
:207FC8009C2110FF48EF3F0F5000534124F0910000F6D9FF9C2110FF48E09AE1534F24F0CC
:207FE800910000F6D9FF9C2110FF48EF7FF04000534124F0910000F6D9FF9C2110FF48E06D
:208008009AC1534F24F0910000F6D9FF9C2110FF48EF7FF02D00534124F0910000F6D9FF42
:208028009C2110FF48EF92409AE1534F24F0910000F6D9FF9C2110FF48EF7F0F1900534195
:2080480024F0910000F6D9FF9C2110FF48EF92409AC1534F24F0910000F6D9FF9C2110FF94
:2080680048EF7F0F05000218821A3C0BC2F1910000F6D9FFA02209FF7208C25F3F1F217EBD
:20808800910000F6D9FFD4C454FF910000F6D9FFD0C454F07FF00C00F69A910000F6D9FFED
:2080A800A02209FF7108BF8F03808229910000F6D9FFD4C454F0DA197F0FD001910000F6E5
:2080C800D9FFD0C454F0DA147F0FC801910000F6D9FFD4C454FF910000F6D9FFD0C454F022
:2080E8007FF0BC01910000F6D9FF8C22882FDF0FB5818204910000F6D9FFA02209F5720845
:20810800C2153B2003606D00431DBBD0CCFC9BCFDCF34BF201F0370F61F0DF0F9F01910085
:2081280000F6D9FF9C2139F0D070DA575F0F9601910000F6D9FF9C2139F0D480DA575F0FD5
:208148008D01910000F6D9FF9C2139F0D890DA575F0F8401DF098001910000F6D9FF283098
:2081680091000026D922D4C4542F74FF3C4D910000F6D9FF283054FF534F24F0910000F6E7
:20818800D9FF9C2110FF48E0DA4B3FF03300910000F6D9FF283054FFC2FF534F24F0910072
:2081A80000F6D9FF9C2110FF48E0DA4B3FF02200910000F6D9FF8C22DA02B4FF910000F65C
:2081C800D9FF8C22DA01ACF2910000F6D9FF8C22DA01ACF1910000F6D9FFA022DA0589FF8B
:2081E80008183BA0424082156D004DB21D006D04910000F6D9FF283091000026D9222830A8
:20820800542FC2FF74FF910000F6D9FFD4C454FF8B6F1FF07F8F0400028F3C08910000F6DE
:20822800D9FFD4C454FF8B6F1FF0910000F6D9FF283054F07FF09D7F82028201910000F656
:20824800D9FF2830DA0074FF3C1B910000F6D9FF283054FF532F20F0910000F6D9FFFCC08B
:2082680010FF14FF5E123C19910000F6D9FF283091000026D9222830542FC21F74FF9100E6
:2082880000F6D9FF283054F0910000F6D9FFECC454FFC2BF3FF0DBFF1D00D100910000F60B
:2082A800D9FF283054FF532F20F0910000F6D9FFFCC010FF14FF5E22C212BF3298803C1BB0
:2082C800910000F6D9FF283054FF532F20F0910000F6D9FFFCC010FF14FFEE023C199100E7
:2082E80000F6D9FF283091000026D9222830542FC21F74FF910000F6D9FF283054F09100E3
:2083080000F6D9FFECC454FFC2BF3FF0DBFF910000F6D9FF283054FF370F70203C509100FD
:2083280000F6D9FF283054FF532F20F0910000F6D9FF1C9110FF14F0DA4B3FF01480910092
:2083480000F6D9FF283054FFC21F532F20F0910000F6D9FF1C9110FF14F0DA4B3FF0038033
:20836800C211BF512280910000F6D9FF8C22DA02B4FF910000F6D9FF8C22DA01ACF29100BD
:2083880000F6D9FF8C22DA01ACF1910000F6D9FFA022DA0589FF08183BA0424082156D00D8
:2083A80072B11D009203910000F6D9FF283091000026D9222830542FC21F74FF910000F6C1
:2083C800D9FF283054F0910000F6D9FFECC454FFC2BF7FF00B80910000F6D9FF283054FF3A
:2083E8008BF200003F0F9D7F3C36910000F6D9FF283054FF532F20F0910000F6D9FFFCC065
:2084080010FF14FF6E0F910000F6D9FF283054FF532F20F0910000F6D9FFFCC010FF14FFDC
:208428005E323C19910000F6D9FF283091000026D9222830542FC21F74FF910000F6D9FF58
:20844800283054F0910000F6D9FFECC454FFC2BF3FF026FF1D003803DF0A360382049100B0
:2084680000F6D9FFA02209F57208C2153B6003606D008E1BBBD0CCFC9BCFDCF34BF201F047
:20848800370F61F0DF0F2003910000F6D9FFA02209FF72087F8F0400028F3C07910000F61C
:2084A800D9FFA02209FF72088214370F68503B6003606D006D1BBBD0CCFC9BCFE4F34BF240
:2084C80001F0370F61F1DF0FFF02DA287FF8FC02DA087F8FF902820982028201820A91000B
:2084E80000F6D9FF283074F83C69910000F6D9FF283054F0534024F0910000F6D9FF9C217F
:2085080010FF14F0DA57FE0E910000F6D9FF283054F0C2F0534024F0910000F6D9FF9C2193
:2085280010FF14F0DA577E0EC219910000F6D9FF283054F2910000F6D9FF283054F1C2E1EC
:208548003C4B910000F6D9FF283054FF534F24F0910000F6D9FF9C2110FF14F0DA575F0FFE
:208568002380910000F6D9FF283054FFC2FF534F24F0910000F6D9FF9C2110FF14F0DA5472
:20858800FE02910000F6D9FF283054FFC2EF534F24F0910000F6D9FF9C2110FF14F0DA5405
:2085A8007E023C1A910000F6D9FF283091000026D9222830542FC2FF74FF910000F6D9FF06
:2085C800283054F0910000F6D9FFA02209FF7208C24F3F0F8C7FDF0907028204910000F6EC
:2085E800D9FF283074F23C1E910000F6D9FF283054F0534024F0910000F6D9FF9C2110FFB6
:2086080048E0DA4B3FF00400C2143C2A910000F6D9FF283091000026D92228305420C2F0AF
:2086280074F0910000F6D9FF283054F3910000F6D9FFA02209F07208C2407F3012009100E8
:2086480000F6D9FF283054F0534024F0910000F6D9FF9C2110FF14F0DA575F0FC77FF642B5
:208668008209910000F6D9FF283074F13C2F5A18FF4F040082093C38910000F6D9FF283066
:2086880054FF534F24F0910000F6D9FF9C2110FF14F0DA547E023C28910000F6D9FF2830D1
:2086A80054F0910000F6D9FFA02209FF7208C22F7E023C1A910000F6D9FF28309100002696
:2086C800D9222830542FC2FF74FF910000F6D9FF283054F0910000F6D9FFA02209FF7208EA
:2086E800C21F3F0FC67FDF097F01910000F6D9FF283074F81D00AA00910000F6D9FF2830F5
:2087080054FF534F24F0910000F6D9FF9C2110FF14F0DA575F0F5E80910000F6D9FF2830E5
:2087280054FFC21F534F24F0910000F6D9FF9C2110FF14F0DA575F0F4D80910000F6D9FF4D
:20874800283054FFC22F534F24F0910000F6D9FF9C2110FF14F0DA575F0F3C80910000F6AE
:20876800D9FF283054FFC23F534F24F0910000F6D9FF9C2110FF14F0DA575F0F2B809100AD
:2087880000F6D9FF283054FF534F24F0910000F6D9FF9C2110FF48E0910000F6D9FF283098
:2087A80054FFC2BF534F24F0910000F6D9FF9C2110FF48EFA2F0DA0A7FF00B00C2193709BA
:2087C8006890910000F6D9FF283054FAC24A3C45910000F6D9FF283054FF534F24F09100B6
:2087E80000F6D9FF9C2110FF14F0DA575F0F2380910000F6D9FF283054FFC21F534F24F0F0
:20880800910000F6D9FF9C2110FF14F0DA54FE02910000F6D9FF283054FFC22F534F24F042
:20882800910000F6D9FF9C2110FF14F0DA547E023C14910000F6D9FF283091000026D9229A
:208848002830542FC21F74FF910000F6D9FF283054F0DA303FF0527F910000F6D9FF283025
:2088680054F0DA30FE0BDF191A80820082013C0F538120F0910000F6D9FFE0B410FF481376
:20888800DA577E34C21037006800C211BF51F27FBF200580C219DA30924ADF29A5009100C5
:2088A80000F6D9FF283091000026D922A022092F7208C21F74FF1D008100910000F6D9FF13
:2088C800283054FF534F24F0910000F6D9FF9C2110FF14F0DA545F0F6680910000F6D9FF1F
:2088E800283054FFC21F534F24F0910000F6D9FF9C2110FF14F0DA545F0F5580910000F607
:20890800D9FF283054FFC22F534F24F0910000F6D9FF9C2110FF14F0DA575F0F4480910002
:2089280000F6D9FF283054FF534F24F0910000F6D9FF9C2110FF48E0910000F6D9FF2830F6
:2089480054FFC22F534F24F0910000F6D9FF9C2110FF48EFA2F00B00C0F1BF6F2400DA0831
:208968007F8F2100910000F6D9FF8C22DA02B4FF910000F6D9FF8C22DA02ACF2910000F616
:20898800D9FF8C22DA01ACF1910000F6D9FFA022DA0589FF08183BA0424082156D0073AEA7
:2089A8003C22910000F6D9FF283091000026D9222830542FC21F74FF910000F6D9FF283002
:2089C80054FF7F2F1100910000F6D9FF283054F0DA1E7FF00900910000F6D9FF283054FF08
:2089E8003F8F6D7FDF293680910000F6D9FF283074FA3C260B8A8000DA1E7F0F0400821936
:208A08003C27910000F6D9FF283054FF534F24F0910000F6D9FF9C2110FF14F0DA547E024E
:208A28003C17DA367EA23C14910000F6D9FF283091000026D9222830542FC21F74FF910032
:208A480000F6D9FF283054F0DA373FF0D57F3C1B910000F6D9FFA02209FF72087F8F040004
:208A680002853C07910000F6D9FFA02209F5720882143B6003606DFF28C0F6257694C219A3
:208A880037096890DF292080910000F6D9FF8C22DA02B4FF910000F6D9FF8C22DA01ACF2CC
:208AA800910000F6D9FF8C22DA01ACF1910000F6D9FFA022DA0589FF08183BA0424082158D
:208AC8006D00E1AD3C0100906D000B1F910000F6D9FF004014FFDE156D00E578910000F639
:208AE800D9FF343054FF4BF201F0370F61F16E09910000F6D9FF0040DA0234FF6D00AB7864
:208B0800910000F6D9FF004014FFDF1F7F02910000F6D9FFA02209FF4818DF2F3E009100B6
:208B280000F6D9FFA02209FF4818DF4F3600910000F6D9FFA02209FF4818DF5F2E0091004B
:208B480000F6D9FFA02209FF4818DF3F2600910000F6D9FFA02209F04818DA08BE0D910019
:208B680000F6D9FFA02209FF48189E66910000F6D9FFA02209FF48181E7F910000F6D9FF6C
:208B8800A02209FF48181E18910000F6D9FFA022DA0089FF0818910000F6D9FFA02209FFA1
:208BA8004818DF2F2600910000F6D9FFA02209FF48189E4E910000F6D9FFA02209FF48181B
:208BC8009E57910000F6D9FFA02209FF48189E60910000F6D9FFA02209FF48181E79910060
:208BE80000F6D9FF383014FFEE036DFFFFBC910000F6D9FFA02209FF4818DF2F3E009100A6
:208C080000F6D9FFA02209FF4818DF4F3600910000F6D9FFA02209FF4818DF5F2E0091006A
:208C280000F6D9FFA02209FF4818DF3F2600910000F6D9FFA02209F04818DA08BE0D910038
:208C480000F6D9FFA02209FF48189E66910000F6D9FFA02209FF48181E7F910000F6D9FF8B
:208C68000C6054FF7B0012044B0F01F0370F61F16E036D00E007910000F6D9FFA02209FFCB
:208C88004818DF4F2F00910000F6D9FFA02209FF4818DF5F2700910000F6D9FFA02209FFF8
:208CA80048189E6F910000F6D9FFA02209FF48189E78910000F6D9FFA02209FF48189E3148
:208CC800910000F6D9FFA02209FF48181E1A910000F6D9FF383014FFEE046D00611A3C409B
:208CE800910000F6D9FFA02209FF4818DF3F3900910000F6D9FFA022DA0089FF142991003B
:208D080000F6D9FF28A091000026D92230A0542F74FF910000F6D9FF24C091000026D92248
:208D280034C0542F74FF910000F6D9FF08B091000026D92218B0542F74FF910000F6D9FF5B
:208D480008D014FF5E1D910000F6D9FF24C0DA0074FF910000F6D9FF1CC0DA0074FF9100FC
:208D680000F6D9FFA02209FF4818DF2F4100910000F6D9FFA02209FF4818DF4F3900910023
:208D880000F6D9FFA02209FF4818DF5F3100910000F6D9FFA02209FF4818DF6F29009100D3
:208DA80000F6D9FFA02209FF4818DF7F2100910000F6D9FF383014FFEE1A910000F6D9FFF3
:208DC80044E054FF6E10910000F6D9FF44E054FF6E0E6D0003777B001AF44BF201F0370F60
:208DE80061F16E056D00D2766DFFD6BF910000F6D9FFA02209FF4818DF2F4700910000F68B
:208E0800D9FFA02209FF4818DF4F3F00910000F6D9FFA02209FF4818DF5F3700910000F656
:208E2800D9FFA02209F04818DA085F0F2E00910000F6D9FFA02209FF4818DF6F260091002B
:208E480000F6D9FFA02209FF48189E7E910000F6D9FF383014FFEE18910000F6D9FF146043
:208E680054FF7B0012044B0F01F0370F61F06E0C910000F6D9FFA02209FF48181E356DFF62
:208E880014EB6DFF96F4910000F6D9FF28F009FF2069910000F6D9FF182054F04B0F01F0A7
:208EA800370F61F06E5A910000F6D9FFA02209FF4818DF2F5300910000F6D9FFA02209FF38
:208EC8004818DF4F4B00910000F6D9FFA02209FF4818DF5F4300910000F6D9FFA02209FF7E
:208EE8004818DF3F3B00910000F6D9FFA02209F04818DA085F0F3200910000F6D9FFA02294
:208F080009FF4818DF6F2A00910000F6D9FFA02209FF4818DF7F2200910000F6D9FFA0223F
:208F2800DA0389FF0818910000F6D9FF8C22DA00ACF2910000F6D9FF8C22DA00B4FF9100F4
:208F480000F6D9FF8C22DA00ACF1910000F6D9FF0850DA0074FF3C59910000F6D9FFA0225C
:208F680009FF4818DF3F5280910000F6D9FF28F009FF2069910000F6D9FF1C2054F04B0F50
:208F880001F0370F61F16E0E910000F6D9FF086014FFEE08910000F6D9FF0860DA0134FF1F
:208FA8003C34910000F6D9FF28F009FF2069910000F6D9FF202054F04B0F01F0370F61F06C
:208FC8006E24910000F6D9FF28F009FF2069910000F6D9FF242054F04B0F01F0370F61F125
:208FE8006E14910000F6D9FF086014FF6E0E910000F6D9FFA022DA0089FF0818910000F667
:20900800D9FF0860DA0034FF0090910000F6D9FFA02291000046D9448C523B0005403BC0FD
:20902800035091000026D922A02209266A086D00B11B89F22408910000F6D9FFA02209FFB7
:209048006408910000F6D9FFA02209F026097F0F0E80910000F6D9FFA02291000026D92264
:20906800A022092F260989FF240882023C5E82033C58DA0F3F3F0D80910000F6D9FFA022BF
:2090880009F064088B601F00370068003C26DA467F3F1080DA4B3F3F0D80910000F6D9FF5B
:2090A800A02209F064088B601F00370068003C15DA413FF30D80910000F6D9FFA02209F093
:2090C80064088B601F00370068003C07910000F6D9FFA02209F06408530225F0910000F6B9
:2090E800D9FF8C5210FF01F300F614F17F100E80530225F0910000F6D9FFD80310FF01F3F0
:2091080000F6DA0134FF3C0C530225F0910000F6D9FFD80310FF01F300F6DA0034FFC2137C
:20912800DA503FF3A8FFC212DA3C3FF2A2FF009082018202910000F6D9FFA02209FF481848
:209148005E323C08910000F6D9FFA02209FF14296E01910000F6D9FFA02209FF4818DE51A6
:20916800910000F6D9FFA02209F04D18DA467E09910000F6D9FF286054FF4B0F31513C3936
:20918800910000F6D9FFA02209FF4818DE41910000F6D9FFA02209F04D18DA467E09910068
:2091A80000F6D9FF2C6054FF4B0F31513C22910000F6D9FF8C22882F5E19910000F6D9FF26
:2091C8002C6054FF4B0F31513C14910000F6D9FF8C22882F5E29910000F6D9FF286054FFF7
:2091E8004B0F31513C06910000F6D9FFA02254F5910000F6D9FFA02209F072087F050900BE
:20920800910000F6D9FFA02209FF72089215DA313FF504003B1003509AB5910000F6D9FF6D
:20922800A02209F072083F0F9300910000F6D9FF34609AB534FF8BB51F003C250B0580301B
:20924800C2F3534320F0910000F6D9FF3C2010FF54F3534024F0910000F6D9FF9C2110FFC8
:20926800488F4B0F41416B4361115A05C2FF534F20F0910000F6D9FF3C2010FF54FF6B0FAA
:209288002122C2103F50DC7F910000F6D9FF28309A5574FF3C41025F325F910000F6D9FFE0
:2092A800283054F0420FC2FF534F20F0910000F6D9FF3C2010FF54F0910000F6D9FF283081
:2092C80054FF534F24F0910000F6D9FF9C2110FF488F4B0F41F16BF06111025F325F91009F
:2092E80000F6D9FF283054F0420FC2FF534F20F0910000F6D9FF3C2010FF54FF6B0F21225E
:20930800910000F6D9FF283091000026D9222830542FC2FF74FF910000F6D9FF283054FFC3
:209328003FF5BB7F534524F0910000F6D9FF9C2110FF488F4B0F41F16B0121FF7B00F8037B
:209348006B0021024B0F51F01D006001910000F6D9FFA02209FF72087F5FCA00910000F68C
:20936800D9FF346091000026D922A022092F720834FF910000F6D9FF283091000026D922B7
:20938800A022092F720874FF3C3D910000F6D9FF283054FF5AF5C2FF534F20F0910000F612
:2093A800D9FF3C2010FF54F0910000F6D9FF283054FF534F24F0910000F6D9FF9C2110FF33
:2093C800488F4B0F41F16BF06111910000F6D9FF283054FF5AF5C2FF534F20F0910000F602
:2093E800D9FF3C2010FF54FF6B0F2122910000F6D9FF283091000026D9222830542FC21FED
:2094080074FF910000F6D9FF283054FF3F5FBF7F910000F6D9FF28301A5591000026D92213
:20942800A02209207208A20F74FF3C41025F325F910000F6D9FF283054F0420FC2FF534F7D
:2094480020F0910000F6D9FF3C2010FF54F0910000F6D9FF283054FF534F24F0910000F69F
:20946800D9FF9C2110FF488F4B0F41F16BF06111025F325F910000F6D9FF283054F0420FD2
:20948800C2FF534F20F0910000F6D9FF3C2010FF54FF6B0F2122910000F6D9FF283091002F
:2094A8000026D9222830542FC2FF74FF910000F6D9FF283054FF3FF5BB7F910000F6D9FF9D
:2094C800283054FF534F24F0910000F6D9FF9C2110FF488F4B0F41F16B0121FF7B00F80393
:2094E8006B0021024B0F51F01D009000910000F6D9FFA02209F07208DA317FF080809100EF
:2095080000F6D9FF346091000026D922A022092F720834FF910000F6D9FF2830910000261A
:20952800D922A022092F7208C23F74FF3C41025F325F910000F6D9FF283054F0420FC2FFC4
:20954800534F20F0910000F6D9FF3C2010FF54F0910000F6D9FF283054FF534F24F09100F2
:2095680000F6D9FF9C2110FF488F4B0F41F16BF06111025F325F910000F6D9FF283054F02C
:20958800420FC2FF534F20F0910000F6D9FF3C2010FF54FF6B0F2122910000F6D9FF28306E
:2095A80091000026D9222830542FC2FF74FF910000F6D9FF283054FF910000F6D9FFA022B7
:2095C80009F072083FF0B57F910000F6D9FFA02209FF7208534F24F0910000F6D9FF9C2138
:2095E80010FF488F4B0F41F16B0121FF7B00F8036B0021024B0F51F03C08910000F6D9FF23
:20960800A022486F4B0F41F1910000F6D9FFA0224B0F31F16CF6910000F6D9FFA022682590
:209628006D000C1D0090DA4C5F4F2C80026F3C26104F14F0DF100B80104F09F07FF8DF100E
:209648000600745FDA542C543C1B8B150000FE051A6582204B0F0102014000F614FF6E0942
:209668004265DA024BF501027450DA572C543C087456DA482C543C04C2FF7F5FDB7F3C2C56
:20968800DA525F4F2A80025F3C25104F14F0DF100A80104F0810DF100600745FDA542C54B3
:2096A8003C1B8BF61F00FE051A6582204B0F0102014000F614FF6E094265DA024BF50102A3
:2096C8007450DA572C543C087455DA482C543C04C21F7FF6DC7F00906D00231A910000F6AC
:2096E800D9FFA022DA0289FF3208910000F6D9FFA022DA0089FF3308910000F6D9FF2830B5
:20970800DA3B74FF3C7C910000F6D9FF283054FF534F24F0910000F6D9FF9C2110FFDA46F6
:209728002CF1910000F6D9FF283054FF534F24F0910000F6D9FF9C2110FFDA4634FF910035
:2097480000F6D9FF283054FF534F24F0910000F6D9FF9C2110FFDA006CF2910000F6D9FF10
:20976800283054FF534F24F0910000F6D9FF9C2110FFDA4F6CF3910000F6D9FF283054FFC3
:20978800534F24F0910000F6D9FF9C2110FFDA006CFA910000F6D9FF283054FF534F24F0E0
:2097A800910000F6D9FF9C2110FFDA4F6CF9910000F6D9FF283054FF534F24F0910000F6A1
:2097C800D9FF9C2110FFDA006CF4910000F6D9FF283054FF534F24F0910000F6D9FF9C21C7
:2097E80010FFDA4F6CF5910000F6D9FF283091000026D9222830542FC2FF74FF910000F6C9
:20980800D9FF283054FF910000F6D9FFA02209F072087F0F7A7F6DFFFAFB6DFF64C06DFF45
:2098280055C46D00DF0F91000046D944D8033BC003403B0005503BA003606D0035036DFFC0
:2098480045F96DFF87BC6D0090006DFFF6CB6DFF71FC91000026D9222850910000F6D9FF87
:20986800A02209FF7208C25F534F24F0910000F6D9FF9C2110FF488FB42F91000026D9222E
:20988800A022910000F6D9FFA02209FF7208C21F534F24F0910000F6D9FF9C2110FF4880D1
:2098A800910000F6D9FFA02209FF7208C22F534F24F0910000F6D9FF9C2110FF488F42F022
:2098C800910000F6D9FFA02209FF7208C23F534F24F0910000F6D9FF9C2110FF488F42F0F2
:2098E800DA034BF001028B801DF06C2B91000026D922A022910000F6D9FFA02248BF8B8FE0
:2099080002F0910000F6D9FF9C2119F0F890A20F6C2791000026D922A022910000F6D9FF89
:20992800A022487F4B0F4101910000F6D9FFA02209FF7208C22F8BAF1CF04B0F41F14BF059
:2099480051F07B001F044B0F41F06C28910000F6D9FFA02291000026D922A0224C2B0BF0FA
:20996800C0F16CFB0090910000F6D9FF2830DA3A74FF1D005101910000F6D9FF283054FF80
:20998800534F24F0910000F6D9FF9C2110FF081F3B7005005F0F0681910000F6D9FF28305B
:2099A80054FF534F24F0910000F6D9FF9C2110FF14F0DA575F0FF680910000F6D9FF28309B
:2099C80054F0DA2D3F0FEE00910000F6D9FF283054FFC2FF534F24F0910000F6D9FF9C215B
:2099E80010FF081F3B7005005F0FDC80910000F6D9FF283054FFC2FF534F24F0910000F6A7
:209A0800D9FF9C2110FF14F0DA575F0FCB80910000F6D9FF186091000026D9222830542F48
:209A280074FF1D00B100910000F6D9FF186091000026D9221860542FC2FF74FF910000F69E
:209A4800D9FF186054FF534F24F0910000F6D9FF9C2110FF081F3B4005005F0F95809100BF
:209A680000F6D9FF186054FF534F24F0910000F6D9FF9C2110FF14F0DA545F0F858091002E
:209A88000026D9223400910000F6D9FF186054FFC2FF534F24F0910000F6D9FF9C2110FF9D
:209AA800488F910000F6D9FF283054F0C22053402400910000F6D9FF9C2101F000F6488068
:209AC800A20F4B0F4101910000F6D9FF186054FFC2FF910000F6D9FF283054F1A21FC2EFD8
:209AE8004B0F41F14BF051F0742F910000F6D9FF283054FFC22F534F24F0910000F6D9FFA3
:209B08009C2110FF4880910000F6D9FF283054F1C2213C2C910000F6D9FF283054FF534FB6
:209B280024F0910000F6D9FF9C2110FF91000026D9223400542291000026D9222830542FF5
:209B4800A21F4B0F41F14B0041316BF261F34B0F31F16CF8910000F6D9FF283091000026F4
:209B6800D9222830542FC2FF74FF910000F6D9FF283054FF910000F6D9FF186054F27F2FFE
:209B8800CB7F3C0F910000F6D9FF186054F0910000F6D9FFA02209FF7208C25F7FF0457F16
:209BA800910000F6D9FF283054FF534F24F0910000F6D9FF9C2110F2910000F6D9FF283008
:209BC80054FF534F24F0910000F6D9FF9C2110FF48808221910000F6D9FF283054FFC2FF13
:209BE800534F24F0910000F6D9FF9C2110FF488F03100AFF82304B0F010289202009910017
:209C080000F6D9FF283091000026D9222830542FC2FF74FF910000F6D9FF283054F09100C9
:209C280000F6D9FFA02209FF7208C25F7FF0A57E0090910000F6D9FFA02209FF7208FF5FC6
:209C48002481910000F6D9FFA02209FF7208530F25F0910000F6D9FFD80310FF09FF68087C
:209C6800DF0F1301910000F6D9FFA02209FF7208530F25F0910000F6D9FFD80310FF09F07E
:209C88006808910000F6D9FF283054FF530F25F0910000F6D9FFD80310FF09FF67085F0F9D
:209CA800F480910000F6D9FF283054FF530F25F0910000F6D9FFD80310FF09F06708910065
:209CC80000F6D9FF283054FF530F25F0910000F6D9FFD80310FF09FF69085F0FD680910075
:209CE80000F6D9FFA02209FF7208FFAF05803BA000503C07910000F6D9FFA02209F5720810
:209D080082143B2003606D00430FBBD0CCFC9BCFDCF34BF201F0370F61F1DF0FB6009100A1
:209D280000F6D9FFA02209FF7208FFAF05803BA000503C07910000F6D9FFA02209F57208CF
:209D480082043B2003606D00230FBBD0CCFC9BCFDCF34BF201F0370F61F1DF0F96009100B1
:209D680000F6D9FF2830DA3674FF3C6B910000F6D9FF283054FF530F25F0910000F6D9FFAB
:209D8800D80310FF09FF68086E3B910000F6D9FF283054FF530F25F0910000F6D9FFD803F5
:209DA80010FF09F06808910000F6D9FF283054FF530F25F0910000F6D9FFD80310FF09FF51
:209DC8006708FE0E910000F6D9FF283054FF530F25F0910000F6D9FFD80310FF09F06708CE
:209DE800910000F6D9FF283054FF530F25F0910000F6D9FFD80310FF09FF69083E023C2874
:209E0800910000F6D9FF283054FF910000F6D9FFA02209F072083FF00A00910000F6D9FF04
:209E2800A022DA0189FF08183C13910000F6D9FF283091000026D9222830542FC2FF74FF0E
:209E4800910000F6D9FF283054FFFF1F917F910000F6D9FF283054FF910000F6D9FFA02297
:209E680009F072087FF01000910000F6D9FFA02209FF48185E18910000F6D9FFA022DA00EE
:209E880089FF08183C0F910000F6D9FFA02209FF48185E18910000F6D9FFA022DA0089FF45
:209EA80008180090404C0B451088026A910000F6D9FFA022820089F08E18910000F6D9FFE9
:209EC800A022820089F0901882003C0E01C000F6820134F19A1A530F25F010CF01F000F6F9
:209EE800DA0034FFC210DA503FF0F27F82003C1F534024F0910000F6D9FF9C2110FFDA0028
:209F08006CFD534024F0910000F6D9FF9C2110FFDA4F6CFE530025F010CFDA0034FF5300C4
:209F280025F010CFDA0089FF0F18C210DA3C3FF0E17F40C40B89104802A66D00440040C4D8
:209F48000B89104802A66D008A003C32534A24F0910000F6D9FF9C2110FF48FFFF3F0F0090
:209F6800910000F6D9FFA02291000026D922A022092F8E18C21F89FF8E18534A24F0910015
:209F880000F6D9FF9C2110FF09F00019DA4D7F0F0F00910000F6D9FFA02291000026D92276
:209FA800A022092F9018C21F89FF9018C2FA910000F6D9FFA02209FF9218C21F3FAFC87F41
:209FC8000090534624F0910000F6D9FF9C2110FF488F3C1C53062500014000F610FF14F01A
:209FE800DF10148053062500014000F610FF09F07FF8F60B53462400910000F6D9FF9C21C8
:20A0080001F000F66CFF3C04C2FFFF2FE57F534624F0910000F6D9FF9C2110FF48803C1A5D
:20A02800530625F0104F01F000F614FFDE12530625F0104F01F000F6081FEE0B534624F0E0
:20A04800910000F6D9FF9C2110FF89F000193C05C210DA4F3FF0E67F00902050912000F8C2
:20A06800D9FFE4F249FF000A49A2000AA0F504F02420FC5E912000F8D9FFE8B249FF000A4F
:20A0880049A2100AA0F544F06420FC5E8208534624F0910000F6D9FF9C2110FF48FF370F1D
:20A0A8006840820502678209026A534624F0910000F6D9FF9C2110FF09F000193700682060
:20A0C8008203026B820C0261910000F6D9FFA022825089F092181D00FA01C2183B00190039
:20A0E8007F800A80910000F6D9FFA02289F192181D00EF013F7117803FB11580910000F62A
:20A10800D9FFA02209F092187F010A00910000F6D9FFA02289F192181D00DB01C2F1370147
:20A1280068103F710A80910000F6D9FFA02209F092185F01D080532520F010AF081F426FD2
:20A14800370F6870532520F010AF14FF424F370F6890530725F0104F01F900F614FFEE22CF
:20A16800DF35048082053C04C21537056850532820F0910000F6D9FFFCC010FF2815532840
:20A1880020F0910000F6D9FF7C5110FF2816532820F0910000F6D9FF1C9110FF28141D002F
:20A1A8009A00532520F010AF089F426F370F6870532520F010AF088F424F370F6890530739
:20A1C80025F0104F01F900F614FFEE41532520F010AF081F42F637066860532520F010AFDF
:20A1E80014FF42F437046840534624F0910000F6D9FF9C2110FF48DFEE11534624F09100EF
:20A2080000F6D9FF9C2110FF68D4534624F0910000F6D9FF9C2110FF68F4532820F0910010
:20A2280000F6D9FFFCC010FF2815532820F0910000F6D9FF7C5110FF2816532820F0910020
:20A2480000F6D9FF1C9110FF28143C44532520F010AF089F42F637066860532520F010AF3E
:20A26800088F42F437046840534624F0910000F6D9FF9C2110FF48DFEE09534624F09100F2
:20A2880000F6D9FF9C2110FF68D4534624F0910000F6D9FF9C2110FF68F4F65382353C026E
:20A2A800C2F5532820F0910000F6D9FFFCC010FF2815532820F0910000F6D9FF7C5110FF27
:20A2C8002816532820F0910000F6D9FF1C9110FF28143FB10A80910000F6D9FFA02209FFB3
:20A2E80092185F1FE880532320F0C21F534F20F010AF484F42AF370F68B0532320F0534FE0
:20A3080020F010AF484F422F370F68C0530B25F0104F01FC00F614FFEE1FF63382333C02EF
:20A32800C2F3532820F0910000F6D9FFFCC010FF34F3532820F0910000F6D9FF7C5110FFBE
:20A3480034FA532820F0910000F6D9FF1C9110FF34F21D00B000532320F0C21F534F20F015
:20A3680010AF48CF42AF370F68B0532320F0534F20F010AF48CF422F370F68C0530B25F050
:20A38800104F01FC00F614FFEE48532320F0C21F534F20F010AF484F42FA370A68A05323B0
:20A3A80020F0534F20F010AF484F42F237026820534A24F0910000F6D9FF9C2110FF48E084
:20A3C800DA4F7E09534A24F0910000F6D9FF9C2110FF68E2534A24F0910000F6D9FF9C21D2
:20A3E80010FF89F20019532820F0910000F6D9FFFCC010FF34F3532820F0910000F6D9FFEC
:20A408007C5110FF34FA532820F0910000F6D9FF1C9110FF34F23C4E532320F0C21F534FCB
:20A4280020F010AF48CF42FA370A68A0532320F0534F20F010AF48CF42F237026820534A09
:20A4480024F0910000F6D9FF9C2110FF48E0DA4F7E09534A24F0910000F6D9FF9C2110FF01
:20A4680068E2534A24F0910000F6D9FF9C2110FF89F20019DF33048082033C04C2133703B0
:20A488006830532820F0910000F6D9FFFCC010FF34F3532820F0910000F6D9FF7C5110FF7A
:20A4A80034FA532820F0910000F6D9FF1C9110FF34F25A9C0BF0C0F1FF3F0900910000F62A
:20A4C800D9FFA02289F192183C031DFF08FE910000F6D9FFECC474F8009020103B600480FB
:20A4E8003B600490820A910000F6D9FF3800820034F0910000F6D9FFA022820089F0300808
:20A50800910000F6D9FFA022820089F03308910000F6D9FF2830DA3A74FF3C31910000F6AA
:20A52800D9FF283054F0534024F0910000F6D9FF9C2110F2910000F6D9FF283054FF534F2E
:20A5480024F0910000F6D9FF9C2110FF482F910000F6D9FF285009F0C008420F82204B0F58
:20A56800010289200809910000F6D9FF283091000026D9222830542FC2FF74FF910000F617
:20A58800D9FF283054F0DA363F0FCA7F910000F6D9FF2830DA3674FF1D004804910000F66E
:20A5A800D9FFD40391000026D92228305420530025F091000026D922D8031022F4F29100C8
:20A5C8000026D9220420910000F6D9FF283054F0C210534024F0910000F6D9FF9C2110FF8F
:20A5E800482F910000F6D9FF982254F0A20F742F91000026D9220020910000F6D9FF2830A2
:20A6080054FFC21F534F24F0910000F6D9FF9C2110FF482F910000F6D9FF982254F0420FF8
:20A62800742F910000F6D9FF042054FF4EF382153C06910000F6D9FF042054F5910000F62C
:20A64800D9FF042074F5910000F6D9FF002054F0DA4E7F0F05003BE004603C06910000F6C7
:20A66800D9FF002054F6910000F6D9FF002074F6910000F6D9FFD403D4F43BC0044049A57C
:20A68800000A6DFFD2F709A04408DA57FE0D910000F6D9FF283054FF534F24F0910000F6FB
:20A6A800D9FF9C2110F2910000F6D9FF283054FFC21F534F24F0910000F6D9FF9C2110FF2F
:20A6C800482F6C223C0F910000F6D9FF283054FF534F24F0910000F6D9FF9C2110FF54AF34
:20A6E8006CF2910000F6D9FF283054FF534F24F0910000F6D9FF9C2110FF0CA42CF19100AB
:20A7080000F6D9FF283054FF534F24F0910000F6D9FF9C2110FF0810DA485F0FCE80910050
:20A728000026D9222430910000F6D9FF283054FF534F24F0910000F6D9FF9C2110FF482F3A
:20A74800C21F742F3C78910000F6D9FFD403D4FF91000026D9222430542F10FF14FFEE2FE8
:20A76800910000F6D9FFD403D4FF91000026D9222430542F10FF081F6E22910000F6D9FF1A
:20A78800283054FF534F24F0910000F6D9FF9C2110FF91000026D9222430542F6CF29100AD
:20A7A80000F6D9FF283054FF534F24F0910000F6D9FF9C2110FFDA542CF13C52910000F6D7
:20A7C800D9FFD403D4FF91000026D9222430542F10FF14FF6E023C44910000F6D9FF2430A1
:20A7E80054F0910000F6D9FF283054FF534F24F0910000F6D9FF9C2110FF483FC2FFFE00DC
:20A80800910000F6D9FF283054FF534F24F0910000F6D9FF9C2110FFDA542CF13C2191000C
:20A8280000F6D9FF243091000026D9222430542FC21F74FF910000F6D9FF243054F0910089
:20A8480000F6D9FF283054FF534F24F0910000F6D9FF9C2110FF483FC2FF7F0F767F91003A
:20A8680000F6D9FF283054FF534F24F0910000F6D9FF9C2110FF4830910000F6D9FF283047
:20A8880054FF534F24F0910000F6D9FF9C2110FF482FA2F0DA073F0F1000910000F6D9FFD5
:20A8A800A02291000026D9222830542FC21F89FF32081D00C8028201910000F6D9FFA02213
:20A8C80009F04818DF304701910000F6D9FF283054F0534024F0910000F6D9FF9C2110FFF3
:20A8E8000810DA575F0F3781910000F6D9FF283054F0DA0A7F0F2F01910000F6D9FF28308D
:20A9080054F0DA327FF02701DA465F9FBF803B400590910000F6D9FF283054FBC22B910057
:20A9280000F6D9FF283054F0C2103C0F534024F0910000F6D9FF9C2110FF0812DA547E24CC
:20A94800C21137016810C210910000F6D9FF283054FF8BFF00F03FF0EB7FBF9143809100D9
:20A9680000F6D9FF283054FFC23F534F24F0910000F6D9FF9C2110FF4820910000F6D9FFAD
:20A98800283054FF421F534F24F0910000F6D9FF9C2110FF482FA2F04B0041F1C2D14B015D
:20A9A80041014B0F51A0DA004BFA01F0370F61F16E043B4005803C0F3B600480DA004BFA5F
:20A9C80001F0370F61F06E07910000F6D9FF3800DA4634FF910000F6D9FF205074FA3C55BA
:20A9E800910000F6D9FFA02209FF4818DF5F4E80910000F6D9FF8C22882FDF7F4780BF61B1
:20AA08004580BF612780910000F6D9FF283054FFC23F534F24F0910000F6D9FF9C2110FFB6
:20AA28004820910000F6D9FF283054FF421F534F24F0910000F6D9FF9C2110FF482FA2F051
:20AA48004B0041F1C2D14B0141014B0F51A03C06910000F6D9FF205054FADA004BFA01F096
:20AA6800370F61F16E043B4005803C0F3B600480DA004BFA01F0370F61F06E07910000F6B7
:20AA8800D9FF3800DA4634FFDA545F8F2580910000F6D9FF283054FF534F24F0910000F643
:20AAA800D9FF9C2110F2910000F6D9FF283054FF5AFB4B0F4101534B24F0910000F6D9FFEB
:20AAC8009C2110FF482F4B0F41F16B0A61FF4B0F31F16C22910000F6D9FF283054FF534F14
:20AAE80024F0910000F6D9FF9C2110FF482F4EF3DA013C0E910000F6D9FF283054FF534F86
:20AB080024F0910000F6D9FF9C2110FF482F910000F6D9FF283054F053402400910000F63E
:20AB2800D9FF9C2101F000F66CF23BE004007FF00400DA4E3C01910000F6D9FF283054F041
:20AB480053402400910000F6D9FF9C2101F000F66CF2910000F6D9FF283054FF534F24F015
:20AB6800910000F6D9FF9C2110FF0810DA57FE0D910000F6D9FF283054FF534F24F09100FD
:20AB880000F6D9FF9C2110FF14F0DA577E0E910000F6D9FFA02291000026D922A022092F85
:20ABA8007308C21F89FF3308910000F6D9FF283054FF534F24F0910000F6D9FF9C2110FF83
:20ABC8000810DA57FE06910000F6D9FF283054F0DA377FF00F00910000F6D9FFA0229100E4
:20ABE8000026D922A022092F7008C21F89FF3008910000F6D9FF283054FF534F24F09100C8
:20AC080000F6D9FF9C2110FF482F4EF3DA013C0E910000F6D9FF283054FF534F24F0910064
:20AC280000F6D9FF9C2110FF482F910000F6D9FF283054F053402400910000F6D9FF9C212D
:20AC480001F000F66CF23BE004007FF00400DA4E3C01910000F6D9FF283054F053402400FE
:20AC6800910000F6D9FF9C2101F000F66CF2910000F6D9FF283054FF534F24F0910000F624
:20AC8800D9FF9C2110FF483F4EF3DA013C0E910000F6D9FF283054FF534F24F0910000F6D4
:20ACA800D9FF9C2110FF483F910000F6D9FF283054F053402400910000F6D9FF9C2101F0A2
:20ACC80000F66CF33BE004007FF00400DA4E3C01910000F6D9FF283054F0534024009100DD
:20ACE80000F6D9FF9C2101F000F66CF3910000F6D9FF283054F053402400910000F6D9FF6A
:20AD08009C2101F00026910000F6D9FF283054F053402400910000F6D9FF9C2101F000F6A2
:20AD28004820A20F6C21910000F6D9FF283054FF534F24F0910000F6D9FF9C2110F29100F6
:20AD480000F6D9FF283054FF534F24F0910000F6D9FF9C2110FF4830910000F6D9FF283062
:20AD680054FF534F24F0910000F6D9FF9C2110FF482F42F0DA024BF0010289202009910071
:20AD880000F6D9FF283054FF534F24F0910000F6D9FF9C2110FF481F82703FF00F00910029
:20ADA80000F6D9FFA02291000026D9222830542FC21F89FF32083C46910000F6D9FF283092
:20ADC80054FF534F24F0910000F6D9FF9C2110FF4830DA0A7F0F1200910000F6D9FF283084
:20ADE80054FF534F24F0910000F6D9FF9C2110FF4820DA463FF00F00910000F6D9FFA02230
:20AE080091000026D9222830542FC21F89FF32083C19910000F6D9FF283091000026D9223C
:20AE28002830542FC2FF74FF910000F6D9FF283054FF910000F6D9FFA02209F072083FF02E
:20AE4800AF7B3C01009020103B6004803B600490820A910000F6D9FF3C00820034F0910017
:20AE680000F6D9FFA022820089F03308910000F6D9FFA022820089F03108910000F6D9FF50
:20AE88002830DA3A74FF3C31910000F6D9FF283054F0534024F0910000F6D9FF9C2110F29E
:20AEA800910000F6D9FF283054FF534F24F0910000F6D9FF9C2110FF483F910000F6D9FFB9
:20AEC800285009F0C008420F82204B0F010289200C09910000F6D9FF283091000026D922BA
:20AEE8002830542FC2FF74FF910000F6D9FF283054F0DA363F0FCA7F910000F6D9FF2830E2
:20AF0800DA3674FF1D005F04910000F6D9FFD40391000026D92228305420530025F0910079
:20AF28000026D922D8031022F4F291000026D9220420910000F6D9FF283054F0C2105340BF
:20AF480024F0910000F6D9FF9C2110FF483F910000F6D9FF982254F0A20F742F91000026BB
:20AF6800D9220020910000F6D9FF283054FFC21F534F24F0910000F6D9FF9C2110FF483F5B
:20AF8800910000F6D9FF982254F0420F742F910000F6D9FF042054FF4EF382153C069100D7
:20AFA80000F6D9FF042054F5910000F6D9FF042074F5910000F6D9FF002054F0DA4E7F0FE9
:20AFC80005003BE004603C06910000F6D9FF002054F6910000F6D9FF002074F6910000F66A
:20AFE800D9FFD403D4F43B20054049A5060A6DFF1CF309A04A08DA57FE0D910000F6D9FF23
:20B00800283054FF534F24F0910000F6D9FF9C2110F2910000F6D9FF283054FFC21F534F1C
:20B0280024F0910000F6D9FF9C2110FF483F6C233C10910000F6D9FF283054FF534F24F0A7
:20B04800910000F6D9FF9C2110FF09AF06096CF3910000F6D9FF283054FF534F24F0910046
:20B0680000F6D9FF9C2110FF0CAA34FF910000F6D9FF283054FF534F24F0910000F6D9FF26
:20B088009C2110FF14F0DA485F0FE38091000026D9222430910000F6D9FF283054FF534F33
:20B0A80024F0910000F6D9FF9C2110FF483FC2FF742F1D008D00910000F6D9FFD403D4FFAB
:20B0C80091000026D9222430542F10FF14FFEE30910000F6D9FFD403D4FF91000026D922E4
:20B0E8002430542F10FF09FF7FF86E22910000F6D9FF283054FF534F24F0910000F6D9FF34
:20B108009C2110FF91000026D9222430542F6CF3910000F6D9FF283054FF534F24F0910022
:20B1280000F6D9FF9C2110FFDA5434FF3C65910000F6D9FFD403D4FF91000026D92224305C
:20B14800542F10FF14FF6E023C57910000F6D9FF243054F0910000F6D9FF283054FF534F9C
:20B1680024F0910000F6D9FF9C2110FF482FC21F5F0F2380910000F6D9FF283054FF534F73
:20B1880024F0910000F6D9FF9C2110FF91000026D9222430542F6CF3910000F6D9FF2830C9
:20B1A80054FF534F24F0910000F6D9FF9C2110FFDA5434FF3C21910000F6D9FF2430910051
:20B1C8000026D9222430542FC2FF74FF910000F6D9FF243054F0910000F6D9FF283054FF3A
:20B1E800534F24F0910000F6D9FF9C2110FF482FC21F7FF0627F910000F6D9FF283054FFB4
:20B20800534F24F0910000F6D9FF9C2110FF4830910000F6D9FF283054FF534F24F091007C
:20B2280000F6D9FF9C2110FF482FA2F0DA073F0F1000910000F6D9FFA02291000026D92251
:20B248002830542FC21F89FF32081D00C9028201910000F6D9FFA02209F04818DF3048012B
:20B26800910000F6D9FF283054F0534024F0910000F6D9FF9C2110FF14F0DA575F0F38819D
:20B28800910000F6D9FF283054F0DA0A7F0F3001910000F6D9FF283054F0DA327FF0280169
:20B2A800DA465F9FBF803B400590910000F6D9FF283054FBC22B910000F6D9FF283054F02B
:20B2C800C2103C0F534024F0910000F6D9FF9C2110FF14F2DA547E24C21137016810C2104C
:20B2E800910000F6D9FF283054FF8BFF00F03FF0EB7FBF914380910000F6D9FF283054FF0C
:20B30800421F534F24F0910000F6D9FF9C2110FF4830910000F6D9FF283054FFC23F534FBE
:20B3280024F0910000F6D9FF9C2110FF483FA2F04B0041F1C2D14B0141014B0F51A0DA00EA
:20B348004BFA01F0370F61F16E043B4005803C0F3B600480DA004BFA01F0370F61F06E071F
:20B36800910000F6D9FF3C00DA4634FF910000F6D9FF245074FA3C55910000F6D9FFA022E4
:20B3880009FF4818DF4F4E80910000F6D9FF8C22882FDF7F4780BF614580BF61278091001B
:20B3A80000F6D9FF283054FF421F534F24F0910000F6D9FF9C2110FF4830910000F6D9FFF3
:20B3C800283054FFC23F534F24F0910000F6D9FF9C2110FF483FA2F04B0041F1C2D14B0163
:20B3E80041014B0F51A03C06910000F6D9FF245054FADA004BFA01F0370F61F16E043B40C0
:20B4080005803C0F3B600480DA004BFA01F0370F61F06E07910000F6D9FF3C00DA4634FF2B
:20B42800DA545F8F2680910000F6D9FF283054FF534F24F0910000F6D9FF9C2110F2534BC6
:20B4480024F0910000F6D9FF9C2110FF483F4B0F41F1910000F6D9FF283054F00B0B800001
:20B468004B0041016B0A71FF4B0F31F16C23910000F6D9FF283054FF534F24F0910000F600
:20B48800D9FF9C2110FF483F4EF3DA013C0E910000F6D9FF283054FF534F24F0910000F6CC
:20B4A800D9FF9C2110FF483F910000F6D9FF283054F053402400910000F6D9FF9C2101F09A
:20B4C80000F66CF33BE004007FF00400DA4E3C01910000F6D9FF283054F0534024009100D5
:20B4E80000F6D9FF9C2101F000F66CF3910000F6D9FF283054FF534F24F0910000F6D9FF54
:20B508009C2110FF0810DA57FE0D910000F6D9FF283054FF534F24F0910000F6D9FF9C2127
:20B5280010FF14F0DA577E0E910000F6D9FFA02291000026D922A022092F7308C21F89FF82
:20B548003308910000F6D9FF283054FF534F24F0910000F6D9FF9C2110FF14F0DA57FE0684
:20B56800910000F6D9FF283054F0DA377FF00F00910000F6D9FFA02291000026D922A022A4
:20B58800092F7108C21F89FF3108910000F6D9FF283054FF534F24F0910000F6D9FF9C2174
:20B5A80010FF482F4EF3DA013C0E910000F6D9FF283054FF534F24F0910000F6D9FF9C21BB
:20B5C80010FF482F910000F6D9FF283054F053402400910000F6D9FF9C2101F000F66CF2CA
:20B5E8003BE004007FF00400DA4E3C01910000F6D9FF283054F053402400910000F6D9FF3B
:20B608009C2101F000F66CF2910000F6D9FF283054FF534F24F0910000F6D9FF9C2110FF35
:20B62800483F4EF3DA013C0E910000F6D9FF283054FF534F24F0910000F6D9FF9C2110FF2A
:20B64800483F910000F6D9FF283054F053402400910000F6D9FF9C2101F000F66CF33BE02C
:20B6680004007FF00400DA4E3C01910000F6D9FF283054F053402400910000F6D9FF9C2118
:20B6880001F000F66CF3910000F6D9FF283054F053402400910000F6D9FF9C2101F0002677
:20B6A800910000F6D9FF283054F053402400910000F6D9FF9C2101F000F64820A20F6C2127
:20B6C800910000F6D9FF283054FF534F24F0910000F6D9FF9C2110F2910000F6D9FF2830CD
:20B6E80054FF534F24F0910000F6D9FF9C2110FF4830910000F6D9FF283054FF534F24F0D6
:20B70800910000F6D9FF9C2110FF482F42F0DA024BF0010289202009910000F6D9FF2830AA
:20B7280054FF534F24F0910000F6D9FF9C2110FF481F82703FF00F00910000F6D9FFA02215
:20B7480091000026D9222830542FC21F89FF32083C46910000F6D9FF283054FF534F24F06F
:20B76800910000F6D9FF9C2110FF4830DA0A7F0F1200910000F6D9FF283054FF534F24F0DA
:20B78800910000F6D9FF9C2110FF4820DA463FF00F00910000F6D9FFA02291000026D922DD
:20B7A8002830542FC21F89FF32083C19910000F6D9FF283091000026D9222830542FC2FFA9
:20B7C80074FF910000F6D9FF283054FF910000F6D9FFA02209F072083FF0987B3C01009041
:20B7E800910000F6D9FFA02209FF4818DF2F2480910000F6D9FFA022DA0089FF31089100B9
:20B8080000F6D9FFA022DA0089FF33086DFF1DFB910000F6D9FFA022DA0089FF3008910023
:20B8280000F6D9FFA022DA0089FF33086DFF57F61D00AD01910000F6D9FFA02209F07108BC
:20B84800DA287FF00B80910000F6D9FFA02209F07008DA283FF09B81910000F6D9FFA022E4
:20B8680009FF7008BF5F9381910000F6D9FFA02209FF7108BF5F8B81910000F6D9FFA02221
:20B8880009FF4818DF4F8301910000F6D9FFA02209FF4818DF5F7B01910000F6D9FFA02222
:20B8A80009FF4818DF6F7301910000F6D9FFA02209FF4818DF7F6B0182088202910000F66E
:20B8C800D9FFA02209F07208C230534024F0910000F6D9FF9C2110FF48803C16910000F6EE
:20B8E800D9FFA02209F17208C211530125F0910000F6D9FFD80310FF01F000F614FFEE03C2
:20B9080082183C14C2F0910000F6D9FFA02209F17208C231534124F0910000F6D9FF9C2137
:20B9280010FF482F92217F10DB7F910000F6D9FFA02209F07208C230534024F0910000F629
:20B94800D9FF9C2110FF48803C16910000F6D9FFA02209FF7208C21F530F25F0910000F69F
:20B96800D9FFD80310FF01F000F614FFEE0382123C14C210910000F6D9FFA02209FF7208B9
:20B98800C23F534F24F0910000F6D9FF9C2110FF483FC2EF7F0FDB7FF683DF02F8009100BA
:20B9A80000F6D9FFA02209F07108DA287F0F7480910000F6D9FFE0B44850DA577E09910025
:20B9C80000F6D9FFE0B44870DA575F0F5500910000F6D9FFE0B44890DA575F0F4D00910009
:20B9E80000F6D9FFA02209F07108DA327FF04480DF024280910000F6D9FFA02209FF7208B8
:20BA0800C22F530F25F0910000F6D9FFD80310F2910000F6D9FFA02209FF7208C22F534F44
:20BA280024F0910000F6D9FF9C2110FF488F102F14FF6E21910000F6D9FFA02209FF720864
:20BA4800C21F530F25F0910000F6D9FFD80310F2910000F6D9FFA02209FF7208C21F534F24
:20BA680024F0910000F6D9FF9C2110FF488F102F14FFEE11910000F6D9FFA022DA0089FFD4
:20BA88003108910000F6D9FFA022DA0089FF33086DFFDBF9910000F6D9FFA02209F07008D5
:20BAA800DA287F0F7480910000F6D9FFE0B44840DA577E09910000F6D9FFE0B44860DA57FB
:20BAC8005F0F5500910000F6D9FFE0B44880DA575F0F4D00910000F6D9FFA02209F0700862
:20BAE800DA327FF04480DF084280910000F6D9FFA02209FF7208C22F530F25F0910000F6C4
:20BB0800D9FFD80310F2910000F6D9FFA02209FF7208C22F534F24F0910000F6D9FF9C2102
:20BB280010FF488F102F14FF6E21910000F6D9FFA02209FF7208C21F530F25F0910000F6B4
:20BB4800D9FFD80310F2910000F6D9FFA02209FF7208C21F534F24F0910000F6D9FF9C21D2
:20BB680010FF488F102F14FFEE11910000F6D9FFA022DA0089FF3008910000F6D9FFA022AA
:20BB8800DA0089FF33086DFFAAF400900262820182038206DF04FF8002203C0F534024F0FC
:20BBA800910000F6D9FF9C2110FF0811DA547E123C0CC2F037005000910000F6D9FFA022D9
:20BBC80009F172083F01EC7F370068707F5706807B00F8231D00E3020B578000DA087FF008
:20BBE80006007B00F8231D00DA02534724F0910000F6D9FF9C2110FF482F5345240091000B
:20BC080000F6D9FF9C2101F000F6482052004B0041010B5780104B0141114B1051806788B8
:20BC2800BF0F4B076111534724F0910000F6D9FF9C2110FF482F4B0F41F16B10619F0251C0
:20BC48003C5E534124F0910000F6D9FF9C2110FF482F4B0F41F14B0141016B0861096B0096
:20BC680031FF7B0000044B0F01F016068B0F20F2EE19534124F0910000F6D9FF9C2110FF20
:20BC8800482F4B0F41F14B0141016B0861096B0031FF7B00000C4B0F01F016038B0F20F2FC
:20BCA8006E057B00F8F36B0F2133534524F0910000F6D9FF9C2110FF0810DA547E0F534197
:20BCC80024F0910000F6D9FF9C2110FF0810DA577E057B00F8231D006202534124F0910001
:20BCE80000F6D9FF9C2110FF48DFFF4F06007B00F8F36B0F2166C211370150103F71A37F83
:20BD08005A574B0F41F14BF3511082483C0E532820F0910000F6D9FF7C5110FF081F7E724E
:20BD28003C0C9A18370F7080910000F6D9FFECC454F0C2B03F08EDFF3C25532820F0910056
:20BD480000F6D9FF7C5110FF081F7E523C23532820F0910000F6D9FFFCC010FF081F5E3F62
:20BD68009A18532F20F0910000F6D9FFFCC010FF081F5E357B00F8231D001102C2183708B4
:20BD88007080910000F6D9FFECC454FFC2BF3FF8D6FFDF140B8102203C0F534024F0910098
:20BDA80000F6D9FF9C2110FF14F1DA547E123C0CC2F037005000910000F6D9FFA02209FF74
:20BDC80072083F0FEC7F370068707F5706807B00F8231D00E4010B578000DA087FF00600EC
:20BDE8007B00F8231D00DB01534724F0910000F6D9FF9C2110FF483F53452400910000F609
:20BE0800D9FF9C2101F000F6483052004B0041010B5780104B0141F14BF051806788BF0F0E
:20BE28004B076111534724F0910000F6D9FF9C2110FF483F4B0F41F16B1061AF02593C5BCD
:20BE4800534924F0910000F6D9FF9C2110FF483F4B0F41014B0941116B18611A6B0131009B
:20BE68007B0000144B1001F016068B0F20F2EE19534924F0910000F6D9FF9C2110FF483FAE
:20BE88004B0F41F14B0941016B08610A6B0031FF7B00000C4B0F01F016038B0F20F26E05F5
:20BEA8007B00F8F36B0F2133534524F0910000F6D9FF9C2110FF14F0DA54FE0A534924F085
:20BEC800910000F6D9FF9C2110FF14F0DA57FE009A19534F24F0910000F6D9FF9C2110FF68
:20BEE80014F0DA577E057B00F8231D005801C219370950903F79A67F5A574B0F41F14BF323
:20BF0800511082483C0E532820F0910000F6D9FF7C5110FF14FF7E723C0C9A18370F7080AB
:20BF2800910000F6D9FFECC454F0C2B03F08EDFF3C34532820F0910000F6D9FF7C5110FFCB
:20BF480014FF7E523C32532820F0910000F6D9FFFCC010FF14FF5E1F9A18532F20F091006E
:20BF680000F6D9FFFCC010FF14FF5E157B00F8231D001501534924F0910000F6D9FF9C2105
:20BF880010FF48E0DA4E3FF006007B00F8F36B0F2166C21837087080910000F6D9FFECC486
:20BFA80054FFC2BF3FF8C7FFDF24F78002203C19534024F0910000F6D9FF9C2110FF0811CC
:20BFC800DA547E1C534024F0910000F6D9FF9C2110FF14F1DA547E123C0CC2F0370050007B
:20BFE800910000F6D9FFA02209FF72083F0FE27F370068407F5406807B00F8231D00CF002D
:20C008000B548000DA087FF006007B00F8231D00C6000B5480004B004101A2524B0241116A
:20C028004B1051003B3033139B31F3134B100100370061F06E057B00F8231D00B000534478
:20C0480024F0910000F6D9FF9C2110FF488F53452400910000F6D9FF9C2101F000F648803B
:20C06800A20F4B0F41F10B5480004B0041014B0F51206722BF0F4B046111534424F09100F0
:20C0880000F6D9FF9C2110FF488F4B0F41F16B10616F02573C7A534724F0910000F6D9FF34
:20C0A8009C2110FF488F4B0F41014B0741116B1261166B0131007B0000144B1001F016060D
:20C0C8008B0F20F2EE19534724F0910000F6D9FF9C2110FF488F4B0F41F14B0741016B0268
:20C0E80061066B0031FF7B00000C4B0F01F016038B0F20F26E057B00F8F36B0F2133534560
:20C1080024F0910000F6D9FF9C2110FF0810DA54FE07534724F0910000F6D9FF9C2110FFB4
:20C128000810DA577E0D9A17534F24F0910000F6D9FF9C2110FF0810DA575F0F2100534521
:20C1480024F0910000F6D9FF9C2110FF14F0DA54FE09534724F0910000F6D9FF9C2110FF86
:20C1680014F0DA577E0F9A17534F24F0910000F6D9FF9C2110FF14F0DA577E047B00F82316
:20C188003C0DC217370750703F47877FA2544B0441F14BF3511002123C01009082089100D9
:20C1A80000F6D9FFA02209FF7208C21F530F25F0910000F6D9FFD80310FF09FF6808DF0F5E
:20C1C800AF00910000F6D9FFA02209FF7208C21F530F25F0910000F6D9FFD80310FF09F06B
:20C1E8006808910000F6D9FF283054FF530F25F0910000F6D9FFD80310FF09FF67085F0F18
:20C208008F80910000F6D9FF283054FF530F25F0910000F6D9FFD80310FF09F06708910044
:20C2280000F6D9FF283054FF530F25F0910000F6D9FFD80310FF09FF69085F0F7180910054
:20C2480000F6D9FFA02209F07108DA197FF06880910000F6D9FFA02209F07008DA197FF096
:20C268005F80910000F6D9FF3C5054FF910000F6D9FF9C2119F0F4E04B0041016B0031FF78
:20C288007B0017044B0F01F0370F61F16E48910000F6D9FF9C2119FFF8E04B0F41F191003E
:20C2A80000F6D9FF3C5054F06B0031FF7B0017044B0F01F0370F61F16E328214910000F607
:20C2C800D9FFA02209FF72088BAF00F0370F68503B2003606DFF5CFCBBD0CCFC9BCFDCF304
:20C2E8004BF201F0370F61F06E1A8204910000F6D9FFA02209FF72088BAF00F0370F685098
:20C308003B2003606DFF44FCBBD0CCFC9BCFDCF34BF201F0370F61F06E028218910000F6C9
:20C32800D9FF28F009FF1C697B0017044B0F01F0370F61F0DF0FE801910000F6D9FF28F0B2
:20C3480009FF1C697B00170C4B0F01F0370F61F1DF0FDA01DF08D801910000F6D9FFA0221D
:20C3680009FF7208FF6FD081910000F6D9FF046054FF7B0012044B0F01F0370F61F0DF0FFD
:20C38800C301910000F6D9FF046054FF7B00120C4B0F01F0370F61F1DF0FB60182013B706C
:20C3A8000320910000F6D9FF283074F23C43910000F6D9FF283054F0534024F0910000F68D
:20C3C800D9FF9C2110FF0810DA545F0F2880910000F6D9FF283054F0534024F0910000F62C
:20C3E800D9FF9C2110FF14F0DA54FE08910000F6D9FF283054F0C2F0534024F0910000F67E
:20C40800D9FF9C2110FF0810DA547E08910000F6D9FF283054FF370F68203C1A910000F6EF
:20C42800D9FF283091000026D9222830542FC2FF74FF910000F6D9FF283054F0910000F681
:20C44800D9FFA02209FF7208C21F3F0FB27F910000F6D9FF283074F23C36910000F6D9FF6A
:20C46800283054FF534F24F0910000F6D9FF9C2110FF488F910000F6D9FFA02209F06B08C4
:20C488005200910000F6D9FF283054FF534F24F0910000F6D9FF9C2110FF488F910000F6F9
:20C4A800D9FFA02209F36B08A23F03F00A11910000F6D9FF283091000026D9222830542F38
:20C4C800C2FF74FF910000F6D9FF283054F0910000F6D9FFA02209FF7208C21F3F0FBF7F15
:20C4E800910000F6D9FFF0C44B0141019AF291000026D922A02209217208A21F4B0F41F1A2
:20C508004BF051F074FF910000F6D9FFF0C454FF910000F6D9FFA02209F018294B004101D6
:20C528004B0F01F0370F61F0DF0F8A00910000F6D9FF105054FF7B00F8034B0F01F0370F80
:20C5480061F06E45910000F6D9FF105054FF7B00F80B4B0F01F0370F61F16E39910000F62E
:20C56800D9FFA022DA0189FF1429910000F6D9FF28A091000026D92238A0542F74FF910041
:20C5880000F6D9FF24C091000026D9223CC0542F74FF910000F6D9FF08B091000026D92274
:20C5A80024B0542F74FF910000F6D9FF08D014FF5E1D910000F6D9FF24C0DA0074FF9100C3
:20C5C80000F6D9FF1CC0DA0074FF3C38910000F6D9FFA022DA0289FF1429910000F6D9FFC7
:20C5E80028A091000026D92234A0542F74FF910000F6D9FF24C091000026D92230C0542F87
:20C6080074FF910000F6D9FF08B091000026D9221CB0542F74FF910000F6D9FF08D014FFCA
:20C628005E1D910000F6D9FF24C0DA0074FF910000F6D9FF1CC0DA0074FF3C648214910098
:20C6480000F6D9FFA02209FF72088BAF00503B2003606DFF9DFABBD0CCFC9BCFDCF34BF2AC
:20C6680001F0370F61F06E4E8204910000F6D9FFA02209FF72088BAF00503B2003606DFF91
:20C6880087FABBD0CCFC9BCFDCF34BF201F0370F61F06E38910000F6D9FFA022DA0289FF95
:20C6A8001429910000F6D9FF28A091000026D92234A0542F74FF910000F6D9FF24C09100BE
:20C6C8000026D92230C0542F74FF910000F6D9FF08B091000026D9221CB0542F74FF91002F
:20C6E80000F6D9FF08D014FF5E1D910000F6D9FF24C0DA0074FF910000F6D9FF1CC0DA0059
:20C7080074FF3C08910000F6D9FFA022DA0089FF1429910000F6D9FFA02209FF1429EE380E
:20C72800910000F6D9FFA022DA0089FF1429910000F6D9FF28A091000026D92230A0542F05
:20C7480074FF910000F6D9FF24C091000026D9222CC0542F74FF910000F6D9FF08B09100DF
:20C768000026D92218B0542F74FF910000F6D9FF08D014FF5E1D910000F6D9FF24C0DA00F0
:20C7880074FF910000F6D9FF1CC0DA0074FF0090D9AA70FF59A6880073540A80DA0059AF5A
:20C7A800840082003C0D534020F010AFDA0074FF534020F010AFDA0059FF4000C2103B0092
:20C7C80010F03FF0F27F820982003C1D82013C1803400AF1104F14FF534F20F010AF034010
:20C7E8000AF11042142F534F20F010A2542FC21F74FF03400AF1104F14FF42F9C2113F4128
:20C80800E97FC2103F50E47F82003C11534020F010AF534020F010A2542F4B0F41F14B08FC
:20C8280041114B1F51F059FF4000C2103B0010F03FF0EE7FDA0059AF8000820A02AB820C89
:20C848003C47534C20F010AF19FF40006B0F21BB4B0C4101534C20F010AF19FF40006BF077
:20C8680061AA7B00F8F36B0B31FF4B8911024B0061016B0A31004BBA51D04BF051106B0032
:20C8880021EA6B0E31417B0000546D0067684B2F41F06B0E314D7B0000546D005F686B2B54
:20C8A800610F19AF80004BF001F0370F61F16E0759A08000370C68F059AF840019AF800097
:20C8C8004BF001F0370F61F06E023C06C21C19AF88003FFCB8FF19A284003C01009091001E
:20C8E80000F6D9FF004014FFDF1F1A01910000F6D9FF28F009FF2069910000F6D9FF30302F
:20C9080054F04B0F01F0370F61F1DF0F0901910000F6D9FF28F009FF2069910000F6D9FF89
:20C928002C3054F04B0F01F0370F61F0DF0FF800910000F6D9FFA02209FF4818DF3FF000F0
:20C94800910000F6D9FF2830DA1474FF1D00E000820191000026D9222430910000F6D9FFD2
:20C96800283054FF534F24F0910000F6D9FF9C2110FF482F742F3C36910000F6D9FF2830E0
:20C9880054FF530F25F0910000F6D9FFD80310FF91000026D9222430542F10FF14F091004F
:20C9A80000F6D9FF283054FF530F25F0910000F6D9FFD80310FF91000026D9222430542FAD
:20C9C80010FF081F3E04C21137015010910000F6D9FF243091000026D9222430542FC21F4F
:20C9E80074FF910000F6D9FF243054F0910000F6D9FF283054FF534F24F0910000F6D9FFA6
:20CA08009C2110FF483F3FF0B97F4B0141F1910000F6D9FF3C3054F04B0F01F0370F61F1E4
:20CA28006E6B910000F6D9FF004014FFDF2F39804B0141F1910000F6D9FF3C3054F04B0FB5
:20CA480001F0370F61F16E2B910000F6D9FF3830DA0134FF910000F6D9FF50D0DA0134FF4A
:20CA6800910000F6D9FF8C22DA00ACF1910000F6D9FF8C22DA00ACF2910000F6D9FF8C2298
:20CA8800DA00B4FF910000F6D9FFA022DA0089FF08183BA0424082056D00F58D3C2D910091
:20CAA80000F6D9FF0040DA0134FF910000F6D9FFA022DA0089FF0818910000F6D9FF8C22A2
:20CAC800DA00ACF1910000F6D9FF8C22DA00ACF2910000F6D9FF8C22DA00B4FF3BA042405B
:20CAE80082056D00D08D6D00075991200048D944F4F26D00C475910000F6D9FF2830910026
:20CB08000026D9222830542FC21F74FF910000F6D9FF283054F0DA373FF01C7F00909100C6
:20CB280000F6D9FF102054FF910000F6D9FF082054F04B0F5130910000F6D9FF142054FF10
:20CB4800910000F6D9FF0C2054F04B0F514082053C2D4B0541F17B00F0036B3F61F04B0FDE
:20CB6800310182013C1F4B0141F17B00F0236B4F61F24B0F31F153052520910000F6D9FF0C
:20CB88008C5201F200F601F100F653C02B2091000026D9223C55012200261022142F34FF4C
:20CBA800C211DA503FF1E17FC215DA3C3FF5D37F910000F6D9FFE490DA0034FF00900B579B
:20CBC800108854AA4BA941B04BAB41C06B0631F46B8A61DF7B0010F44BF941F0B70D810FC8
:20CBE8004B0F41F06BBB614F6D008B67B70D81FF4BCF01F016038B0F20F2EE0F6BA971F2E5
:20CC08007B00F0034B0F41F002D46D0024004B0241016B0F61483C054BAD51F06B0F21489D
:20CC2800B70481FF4BBF01F016038B0F20F2EE0A6799BFFF6D000F004B0241014B0F412075
:20CC48003C076799BFFF4B4F41F04BBF51203C010090DA004BF401F0370F61F16E03821211
:20CC68003C0BDA004BF401F0370F61F06E0382F23C0382023C01009091000026D922046039
:20CC8800910000F6D9FFA022486F4B0F41F1910000F6D9FF3C5054F06B0031FF910000F6D7
:20CCA800D9FF085054F06B0021FF742F910000F6D9FF8C22882FDE63910000F6D9FF046002
:20CCC80054FF910000F6D9FF2C5054F06B0031FF7B0012044B0F01F06F2F1580910000F6A9
:20CCE800D9FF046054FF910000F6D9FF2C5054F06B0031FF7B00120C4B0F01F0370F61F068
:20CD08006E1C910000F6D9FF046091000026D9220460542FBBD0CC0C9BC0EC0391000026C1
:20CD2800D9222C505421BBA099299B92F1234B2141106B0F61F174FF910000F6D9FFA02284
:20CD480009FF48185E1F910000F6D9FF046091000026D9220460542F7B00F0034B0F41F091
:20CD680074FF910000F6D9FFA02209FF4818DF3F3D80910000F6D9FF086014FFEE36910045
:20CD880000F6D9FF046091000026D9220460542F7B00F0034B0F41F074FF910000F6D9FFF5
:20CDA800046054FF7B801C044B0F01F0370F61F16E09910000F6D9FF04607B801CF474FFFE
:20CDC8003C14910000F6D9FF046054FF7B801C0C4B0F01F0370F61F06E08910000F6D9FF0B
:20CDE80004607B801CFC74FF910000F6D9FF006091000026D922046054246D002F0074F2F2
:20CE0800910000F6D9FF0CD091000026D9220460542F74FF910000F6D9FF04609100002649
:20CE2800D9220060542F74FF910000F6D9FF2C5091000026D9220060542F74FF910000F62F
:20CE4800D9FF004014FF5E17910000F6D9FF0460DA0074FF3C01009020080246910000F656
:20CE6800D9FFD8C474F6910000F6D9FFE4C491000026D922DCC4542F74FF910000F6D9FF1E
:20CE8800E8C491000026D922E0C4542F74FF910000F6D9FFDCC491000026D9221C40542F02
:20CEA80091000026D922E0C4542091000026D922DCC454216B0F61F174FF910000C6D9CC9E
:20CEC800E0C4910000F6D9FF1C4054FF910000F6D9FF244054F074A0910000F6D9FFE4C476
:20CEE80054F4910000F6D9FFE0C454F5910000F6D9FF204054F76DFF64FE910000F6D9FF5F
:20CF0800E8C454F06B2F61F074CF910000F6D9FFDCC454F23C0100906D00DA4B0090910026
:20CF280000F6D9FFA02291000026D9223C5054246D00084A89F22B08910000F6D9FFA02215
:20CF4800DA006CF3910000F6D9FFA022DA056CF4910000F6D9FFA02282EF6CF5910000F6B6
:20CF6800D9FFA022DAA06CF1910000F6D9FFA0223B3033F39B3FF3F36CF8910000F6D9FF03
:20CF8800A022DA4689FF0B18910000F6D9FFA022DA4689FF0A18910000F6D9FFA022DA46D0
:20CFA80089FF0C18910000F6D9FFA022DA4689FF0D18910000F6D9FFA022DA0089FF3C19F7
:20CFC800910000F6D9FFA022DA0089FF1429910000F6D9FFA02291000026D9222460542FAF
:20CFE8004B0F31F174FF910000F6D9FFA022DA5089FF2609910000F6D9FFA022DA8C89FF29
:20D008002A08910000F6D9FF9822DA0274FF910000F6D9FF9C22DA0274FF910000F6D9FFA3
:20D02800A022DA1989FF1829910000F6D9FFA022DA0089FF282900908201820282038204F4
:20D0480082058206910000F6D9FF346014FFEE09910000F6D9FF1050DA0074FF1D0054013E
:20D06800910000F6D9FFA02209FF14296E09910000F6D9FF1050DA0074FF1D0045019100CB
:20D0880000F6D9FFA02209FF4818DF4F8D00910000F6D9FFA02209FF4818DF5F85009100F8
:20D0A80000F6D9FFA02209FF4818DF3F7D00910000F6D9FF346014F83C6B910000F6D9FFD0
:20D0C800346014F05A08910000F6D9FF1C6010F2534824F0910000F6D9FF9C2110FF48D07F
:20D0E800534824F0910000F6D9FF9C2110FF48EF42F082274B7001A2342A4B0861F16B0F61
:20D108002111910000F6D9FF346014FF5AF8910000F6D9FF1C6010FF14FF4B0F61F16B0F5A
:20D12800212273880AF04B0F41F16B0F2133910000F6D9FF346014FF5AF8910000F6D9FF9E
:20D148001C6010FF14FFE28F4B0F41F16B0F2144534824F0910000F6D9FF9C2110FF08105B
:20D16800DA577E057B00F8F36B0F2155534824F0910000F6D9FF9C2110FF14F0DA577E050B
:20D188007B00F8F36B0F2166C21837086880910000F6D9FF346014FF8B8F00F03FF88F7FCA
:20D1A8001D008B00910000F6D9FFA02209FF4818DF3F7C00910000F6D9FF346014F83C6BF6
:20D1C800910000F6D9FF346014F05A08910000F6D9FF1C6010F2534824F0910000F6D9FF03
:20D1E8009C2110FF4820534824F0910000F6D9FF9C2110FF483F42F082274B7001A2342AFB
:20D208004B0861F16B0F2111910000F6D9FF346014FF5AF8910000F6D9FF1C6010FF14FF60
:20D228004B0F61F16B0F212273880AF04B0F41F16B0F2133910000F6D9FF346014FF5AF8D6
:20D24800910000F6D9FF1C6010FF14FFE28F4B0F41F16B0F2144534824F0910000F6D9FFDF
:20D268009C2110FF0810DA577E057B00F8F36B0F2155534824F0910000F6D9FF9C2110FFDE
:20D2880014F0DA577E057B00F8F36B0F2166C21837086880910000F6D9FF346014FF8B8F46
:20D2A80000F03FF88F7F3C08910000F6D9FF1050DA0074FF3C287B0010F44BF151F07B0006
:20D2C80010044B0251007B0010144B1351107B0010244B245120910000F6D9FF10506B0F6E
:20D2E80071027B00002C4B2041006BFF71F14BF051F06B0531067B0010144B1051006B00BB
:20D3080021FF74FF0090FF440B00538420F0912000F8D9FFDC5F10FFD4F23C02A0023C01FF
:20D328000090094F4C18161F3C0182003E0E82103E0E82203E0F8240BE003B800000BE0093
:20D348003B000100BE003C1282023C126D00BA203C0F6D0003203C0C6D0027203C096D00DB
:20D368008B1F3C066D00741F3C0382023C013C01009082F282003C17538020F0912000F817
:20D38800D9FFDC5F10FFD4FF7D4F0D80538020F0912000F8D9FFDC5F10FF481F370F482074
:20D3A8003C04C210BF40EAFF3C010090404F40F46DFFB9FF09FFD408370F6CF0C21F4B0FF6
:20D3C80041F14BF251203C0100906DFFD4FF53C220F060FF9140003F30F3D93F002849F227
:20D3E800080A3C0100906DFFC6FF53C220F060FF9140003F30F3D9320028B0423C0100906C
:20D408006DFFB9FF53C220F060FF9140003F30F3D93200283C010090494F081A3C0554FFDB
:20D42800345FB015C2F4FF14FCFF02423C0100902010404F0B541088026A89A7080909FF4C
:20D448004C18161F78033C0140F46DFFB1FFC2188B4860F3370F68F074AF8B1A60F3370F24
:20D4680068F0780154AF4B0F61F14BF941503BF026F19B3FA8F34BF5413082044B52510073
:20D488004B00716182108F461FF06E0D7B0018144B1941104B1251104B0171118F411FF0AF
:20D4A8006E023C010269821882074B0061014B0241F04B0661014B0F51006B0031F582018C
:20D4C8004B1F01F0AE046B0031B53C056B0031F567FFBFBF4B3B01F016038B0F20F26E0284
:20D4E8008214822D3C39DF2D05808210821E3C0773D70A004B8011028B1000E03C234B0D00
:20D5080061A14BA241A0036D0AC04B0C61F14BFA51C06B0C31F5820A4BAF01F0AE046B0CBD
:20D5280031A53C056B0C31F567FFBFAF4BAB01F0370F61F16E0602AB02D8036D0A900207CE
:20D54800C2107F0EDEFF4B3B01F016038B0F20F26E023C09C21DF647736D0AF03BF0FF0076
:20D568007FF0C3FF820440F46D00360009FFE00837097000370F0CF089FFA00809FFE20811
:20D5880037087000370F0CF089FFA20809F0560854AFC2FF370F68F037F004F089FF1608E6
:20D5A80009F05708580137F004F089FF170858026E03DA013C02DA0009F0570837F081F33F
:20D5C80089FF170840F409A40C096D00050082123C010090094F4C18374F05F0894F0C18A0
:20D5E800F6493C01094F4F18370FE1F33C01EEFB3C093C01094F4F18370FE1F33C01DF1F12
:20D60800FBFF0090494F041A3C05145F74FFB015C2F4FF14FCFF02423C0100902008F4A441
:20D62800405DD4DFF44F40F46D00E60B820440F46DFFD2FFDA0009F05A0837F002F089FFF0
:20D648001A0809DFC80809F0D408C2FF370F70F037F00CF0ACFA09D46C0840F46DFFBCFF37
:20D6680009D4040909D54A0809D64D0809D74C0840F46DFFDFFE0228820440F46DFFACFFA8
:20D6880009DF7C086E0382103C028200087F370F01F22CF709DF56086E03DA013C02DA00C6
:20D6A80009F05B0837F001F389FF1B0809DF540809F05B0837F081F389FF1B0809DF510819
:20D6C80009F0590837F083F089FF190809DF530809F05B0837F001F289FF1B0809DF5508FC
:20D6E80009F05C0837F004F089FF1C0809D0580808CF370F02F32CFC09DF590809F05008F1
:20D7080037F002F389FF100809DF500809F0D80837F003F3ACFC09D05A0808DF8BF02003A7
:20D7280037006800370F04F02CFD09DF5B0809F051088BFF20F3370F68F037F004F089FF64
:20D74800110809DF520809F05A0837F002F089FF1A0809DCA809BD0C7900D4CEBD0E2800DB
:20D7680009C0040809C95D084CE16E2109E4840909E44808370068506D00670E09E48409D7
:20D7880009E4480802956D00920ED4E2DA016E0382103C0282000C27370F81F22C27D4E257
:20D7A8000CEC0920460837F002F02C2609CE8809BD0E1E0009C00C0809C95D084CE16E1770
:20D7C80009E4840909E44808370068506D003D0E09E4840909E4480802956D00680ED4E2FC
:20D7E8000CEC0920440837F003F02C2409CE9009BD0E150009C5540809C95D0809E484091F
:20D8080009E448080CECA6F56D001F0E09E4840909E4480802956D004A0E09CE9809BD0E40
:20D82800150009C55C0809C95D0809E4840909E448080CECA6F56D00080E09E4840909E42E
:20D84800480802956D00330E09D46C0840F46DFFC3FEDA0089FF001982FF6CFFDA00D4A2C2
:20D868002C2E09DF6D082E0CDA016E03DA013C02DA0009F0421837F001F089FF021809DF7B
:20D888006D082E1CDA016E03DA013C02DA0009F0421837F001F189FF021809DF6D082E2CBD
:20D8A800DA016E03DA013C02DA0009F0431837F001F189FF031809DF6D082E3CDA016E03FE
:20D8C800DA013C02DA0009F0431837F081F189FF031809DF6D082E4CDA016E03DA013C0281
:20D8E800DA0009F0431837F001F389FF0318DA002C2DDA002C2C09DF7D082C2FD20089208C
:20D908005409DA006C240C2F82003E0482103E043C0682193C063BC000903C0382093C01B4
:20D928004CDC6E0C09D4B00909D4AE0802956D00F124D4A4894284093C0909D4AE080295BC
:20D948006D00D424D4A4894284094CDE6E0C09D4B80909D4B40802956D00DC24D4A4894268
:20D9680088093C0909D4B40802956D00BF24D4A48942880909D9660809DFE208EE03DF394A
:20D98800228040F46DFF31FD09DFE2081420370F68F037F008F0342F0C21379F82F12C2126
:20D9A8000C2396022C23DA016E03DA013C02DA0009F0431837F001F289FF03180C21960432
:20D9C8002C2109DFE008EE03DF39228040F46DFF19FD09DFE0081420370F68F037F008F000
:20D9E800342F0C21379F82F12C210C2396022C23DA016E03DA013C02DA0009F0431837F029
:20DA080081F389FF03180C2196042C2109DFE4086E2140F46DFFDBFC09DFE4081420370FAB
:20DA280068F037F008F0342F0C21379F82F12C210C2396022C23DA016E03DA013C02DA00EC
:20DA480009F0421837F001F089FF02180C2196042C21DA016E03DA013C02DA0009F050080D
:20DA680037F081F089FF1008DA016E0382103C02820008CF370F81F02CFC09FF500896011B
:20DA880089FF100808CF96012CFC02823C010090F445DA00894F3C08DA01894F2C08DA0106
:20DAA800AC447B107EF46C41DA032C4ADA002C4CDA032C4DDA00894F1008DA01894F110833
:20DAC800DA01894F1208DA00894F1308DA00894F1608DA00894F1408DA07894F1508DA0155
:20DAE800894F1808DA01894F1908DA00894F1A08DA00894F1B08DA00894F1C08DA00894F21
:20DB0800A208DA00894FA008DA00894FA408DA00894F2608DAFF894F2D08A00FEC4AA00F41
:20DB2800EC4EA00FEC4CDA00894FAE08DA00894FB408DA00894F3D080090D44F09FF7608B6
:20DB480016013C016E0909FF7E08960189FF3E080C4E96012C4E09FF7608370F61F13C0139
:20DB68006E0909FF7E08960489FF3E080C4E96022C4E09FF7708370F61F13C016E0909FFE9
:20DB88007F08960489FF3F080C4E96042C4E09FF7708370FE1F13C016E0909FF7F0896089F
:20DBA80089FF3F080C4E96082C4E09FF7708370F61F33C016E0909FF7F08964089FF3F0813
:20DBC8000C4E96102C4E0090404F6D004A22022F02F46D004621821074F002F46D006122F4
:20DBE8003C0114FF370FE1F0BA0F3C01DF1FFB7F0090404F6D003522022F02F46D0031216F
:20DC080014F0B700010034F002F46D004A223C0114FF370FE1F0BA0F3C016EFB0090FF24C4
:20DC28000B00538420F0912000F8D9FFE07F10FFD4F23C02A0023C01009082F282003C173F
:20DC4800538020F0912000F8D9FFE07F10FFD4FF7D4F0D80538020F0912000F8D9FFE07FFB
:20DC680010FF481F370F48203C04C210BF20EAFF3C01009002486DFFE2FF914000FFD9FF92
:20DC88006008530221F010FF534820F010F23C0100907643DF140980094F6C28375F02F07C
:20DCA800894F2C283C42DF240400DF340980094F6C28375F02F1894F2C283C37DF440400D4
:20DCC800DF540980094F6C28375F02F2894F2C283C2CDA0C7E48094F6C28375F02F3894F7B
:20DCE8002C283C23DA0A3E43DA0D7E48094F6D28375F02F0894F2D283C18DF640400DF74C7
:20DD08000980094F6D28375F02F1894F2D283C0DDA083E43DA097E48094F6D28375F02F203
:20DD2800894F2D283C0200A00090404F0B451088026A6D00C71B022B4B8B51406D0030439A
:20DD4800022082033C0782224B200102F6023C05C213DA103FF3F9FFDA107FF34B8076A65A
:20DD680082204B0911029AF03C029AF9370F700009F1E4083701100089F0A408DA018200D1
:20DD8800820137F101133701011789F138198F7300F182005380201082700F10000009F21D
:20DDA800301982F4C64026020F1F00F0A6F289F230198F8300F18B0F20F26E0DDA00538F0E
:20DDC80020F0C23F82100FF0000009FF3019A60F89FF301909FF701837AF81F389FF301808
:20DDE800DA010F3F00F04B0F61F14BFB51203C0282023C010090094054080C5C8B4FA0F297
:20DE080037F001F3894F1408094051080C5C37F002F3894F11080090404F024F02586D009D
:20DE2800511B02294BF951406D00BA42022082033C0782224B200102F6023C05C213DA1011
:20DE48003FF3F9FFDA107FF33F80C2F83708700009F1D4183701100089F0941882008211A4
:20DE68008202370201233712012789F238198F7300F182105380201082700F10000009F2E8
:20DE8800301982F4C64026020F1F00F0A6F289F230198F8300F18B0F20F26E0DDA01538F2C
:20DEA80020F0C23F82100FF0000009FF3019A60F89FF3019DA010F3F00F04B0F61F14BF9D8
:20DEC80051203C0282023C010090094054080C5C8B4FA0F237F081F3894F1408094054088D
:20DEE8000C5C37F002F0894F14080090404D405FC86C89DC900914CF370FE1F0BA0F3C01B7
:20DF0800EE0440C46DFF77FE09FF5C081E1409FF5D086E5CDA0182100FF000004CC1260F9F
:20DF28006E03DA013C02DA003C01EE08DA0182100FF000004CC1A60F6CC109FF69086E22DE
:20DF480048BF6E05C864C8B56DFFC1FFDA0109F07008532F2010C22182320F1200204CC583
:20DF680082F3C632262F0F100000A60F6CC5483F370F70F009C0D41837F010F089CF9418C5
:20DF88003C064824483540C46DFF48FF09FFF80809C0D01837F010F089CF901809FF5D183A
:20DFA8006E1409FF5D08EE1109FF7A0809C0741837F003F189CF341809FF7B0809C07418ED
:20DFC80037F082F289CF34183C0109FF5C086E0709FF5D18EE0409FF5D086E64481882014B
:20DFE80082100F1000004CC126F07603DA013C02DA003C01EE08820082110F0100104CC164
:20E00800A61F6CC109FF5D186E0B09FF5D08EE08484F6E0609FF7A085E5248483C0109FF93
:20E0280060086E31489F6E05C864C8956DFFE5FEDA0009F06808532F20F09221DA030F1F0C
:20E0480000204CC582F3C632262F0F100000A60F6CC509FF740809C0701837F081F389CFF8
:20E06800301809FF74085E16DA024BF811028BF01F80370870F009C0E40837F010F089CF39
:20E08800A4083C0854F409F6740840C402856DFF4EFE09FFF60809C0E00837F010F089CF4C
:20E0A800A00809FEA019BD0E2300D4ECBCCF09EF080809C4840909C44808370F68506D00CD
:20E0C800C409D4C440C56DFF98FE09EC8409BCCF09EF080809C4840909C44808370F685042
:20E0E8006D00B309D4C440C56DFFF1FE09FFFE086E2CC86209F07C08DA010F0F00F0092096
:20E108003029A6F089203029C86409F47C0809F57D086DFFC0FDC86409F47D086DFFACFDEA
:20E1280009F0401809FFFE081421370F68F037F108F0342F0C21370F82F12C210C23960228
:20E148002C230C2196042C2109FFC4186E2CC86209F04218DA010F0F00F009203029A6F058
:20E1680089203029C86409F4421809F543186DFF92FDC86409F443186DFF7EFD09F04618FC
:20E1880009FFC4181421370F68F037F108F0342F0C21370F82F12C210C2396022C230C21C7
:20E1A80096042C2109FFCA186E2CC86209F04818DA010F0F00F009203029A6F08920302966
:20E1C800C86409F4481809F549186DFF64FDC86409F449186DFF50FD09F04C1809FFCA18F8
:20E1E8001421370F68F037F108F0342F0C21370F82F12C210C2396022C230C2196042C2164
:20E2080009FFD0186E2CC86209F04E18DA010F0F00F009203029A6F089203029C86409F4B7
:20E228004E1809F54F186DFF36FDC86409F44F186DFF22FD09F0521809FFD0181421370F83
:20E2480068F037F108F0342F0C21370F82F12C210C2396022C230C2196042C2109FF5C0812
:20E2680089DF140849FF141A49D2180AA02444FF642FFC4E00902068912000F8D9FFFC5F87
:20E2880049FF000A49A2000AC506180044FF642FFC6E49AF000A4942000AC506180044FF4F
:20E2A800642FFC6E894598090090404F09FF5408DF1F3780C842DA008210820137F101137D
:20E2C800370101178921381909FF6108EE28487F6E1BC842821009FF6008532020008B806A
:20E2E800001082300F1000000922341982F3C63026020F1F00F0A6F289223419C844C87533
:20E308006DFFE5FD3C0BC842DA008210820137F1811037018114892138193C013C0109FF64
:20E3280054086E0409FF61086E32C842DA018200820137F101133701011789213819486FCE
:20E348006E1BC842820009FF6008532020008B80001082300F1000000922341982F3C630CE
:20E3680026020F1F00F0A6F289223419C844C8656DFF43FD3C0BC84FDA018200820137F174
:20E3880081103701811489F138193C010090404F40F46D002F0082504DC0E1FF16073C0107
:20E3A8003E289110003030F3D933C04F54313C034D00D01F3701E2F05E1382003C17370158
:20E3C800E2F0EE13534220F060FF9130003F30F3D93F1436081F16075E1382103C05081F2A
:20E3E80016075E3282203C02825002023C010090822282003C17538020F0912000F8D9FF08
:20E40800F07F10FFD4FF7D4F0D80538020F0912000F8D9FFF07F10FF481F370F68203C04F3
:20E42800C210BF20EAFF3C010090404F024F40F46DFFE0FF02286E031E325E4382093C02B9
:20E4480082195E23821A3C02820ADF1949804DC0E1FF16073C015F8F28006D00161E022849
:20E4680002846D00261D913000CFD9CC143640F46DFFC0FF534220F010C2142F37AF02F0EE
:20E48800342F02846D00341E9110003030F3D933C04F543FB72F82F09110003030F3D933D2
:20E4A800C04F743F3C1C6D00DC1D022B02B46D00D81C913000FFD9FF1436534820F010FFF4
:20E4C8009130002FD9221436534820F01022142F37AF02F034FF02B46D00E31D02923C01E0
:20E4E800009082124DC0E1FF16073C01FF2F0B80538F20F0912000F8D9FFF07F10FFD4FF2C
:20E508003C02A00F3C017DF4048082023C109110003030434933088A543F06F4374F9FF010
:20E528009110003030434933088A743F3C010090404FDA0140F46DFFD6FF262F40F46DFF2D
:20E5480028FFF626821440F46DFF71FF262F02F23C010090913000FFD9FF004654FF370F3D
:20E568006EF18FFF83813C01911000A7D9AA408F0D0080043B0098F0CD4FE00F0D00C0049B
:20E588004D00E0FFB70F14F0CD0FE00F0D00C00482117617DA009601CD4F20090D00C0043A
:20E5A8004DC0E1FF8F7F00213C01913000FFD9FF004653C220F010FF54F037006E018FF07F
:20E5C80083313C01913000FFD9FF004653C220F010FF54FF2E1B8F2320F0960154F03700C0
:20E5E80070088F002100A6F074F08F2320F0960254F0370070088F002100A60F74FF3C018F
:20E6080054FF1601DF1FFE7FDA00761382003C028210370F81F0CDCF20090D00C00491304A
:20E6280000FFD9FF004653C220F010FF54FF2E1B8F2320F0960154F0370070088F002100E9
:20E64800A60F74FF86238F3340F154F0370070088F002100A60F74FF3C0154FF6F0FFF7F97
:20E668000D00C00482114DC0E1FF8F7F00213C01913000FFD9FF004653C220F010FF54F07F
:20E6880037006E018FF083313C01913000FFD9FF004653C220F010FF54FF2E1B8F2320F0EC
:20E6A800960154F0370070088F002100A6F074F08F2320F0960254F0370070088F00210021
:20E6C800A60F74FF3C0154FF1601DF1FFE7FDA00761382003C028210370F81F0CD0F040993
:20E6E8000D00C004913000FFD9FF004653C220F010FF54FF2E1B8F2320F0960154F03700BF
:20E7080070088F002100A60F74FF86238F3340F154F0370070088F002100A60F74FF3C01FD
:20E7280054FF6F0FFF7F0D00C004913000FFD9FF004654FF2E1B8F2820F0960154F037005E
:20E7480070088F002100A60F74FF8F2820F0960254F0370070088F002100A60F74FF3C01FA
:20E7680054FF1601DF1FFE7F910000F8D9FF004080FFCD4FE20F0D00C00491F000F8D9FF5D
:20E78800000480FFCD0FE20F0D00C004911000F7D9FF80CF80FFCD8FE20F0D00C004913033
:20E7A80000FFD9FF004654FF2E1B8F2820F0960154F0370070088F002100A60F74FF8F28B8
:20E7C80020F0960354F0370070088F002100A60F74FF3C0154FF6F0FFF7F91000000D900C7
:20E7E800000091000010D911000091000080D988000091000090D9990000911000F7D9FF11
:20E80800C00F91100027D922C001A004802080FFA2F0DA404BF0114282003C1E80FFB70F7F
:20E828001CF08F4F1F1080FFBBF0FF2F0662262F06AFA6F1F606CD81E30F0D00C0043C020B
:20E8480074419AD47E05CDC1E30F0D00C00440F449FF001AC2103F40E3FFDA00744F6D00E6
:20E86800141C022F02846D00531B02F46D00941B6DFF54F36D00091C913000FF19FF303639
:20E888006F1F12008F2220F09601913000FF19F03036370070088F002100A60F913000FF75
:20E8A80059FF303686228F2240F1913000FF19F03036370070088F002100A60F913000FF05
:20E8C80059FF30363C01913000FF19FF30361601DF1FFB7FDA00913000FF59FF1816912097
:20E8E8000048D94468926D006B169130884F911000F8D9FF904E80F46DFF1CFE911000F849
:20E90800D9FFB4A7DC0F0090913000FFD9FF0C4654FF370F6EF18FFF83113C01912000A6A9
:20E92800D9AA408B0D0080043B0098F0CD4FE00F0D00C0044D00E0FFB70F14F0CD0FE00F90
:20E948000D00C00482127627DA009601CD4F20090D00C0044DC0E1FF8F7F00313C019130FC
:20E9680000FFD9FF004653C320F010FF54F037006E018FF083413C01913000FFD9FF0046F5
:20E9880053C320F010FF54FF2E1B8F2420F0960154F0370070088F002100A6F074F08F24F4
:20E9A80020F0960254F0370070088F002100A60F74FF3C0154FF1601DF1FFE7FDA00762347
:20E9C80082003C028210370F81F0CDCF20090D00C004913000FFD9FF004653C320F010FF7D
:20E9E80054FF2E1B8F2420F0960154F0370070088F002100A60F74FF86248F3440F154F06C
:20EA0800370070088F002100A60F74FF3C0154FF6F0FFF7F0D00C00482124DC0E1FF8F7F7B
:20EA280000313C01913000FFD9FF004653C320F010FF54F037006E018FF083413C01913022
:20EA480000FFD9FF004653C320F010FF54FF2E1B8F2420F0960154F0370070088F002100C3
:20EA6800A6F074F08F2420F0960254F0370070088F002100A60F74FF3C0154FF1601DF1FC9
:20EA8800FE7FDA00762382003C028210370F81F0CD0F04090D00C004913000FFD9FF0046DD
:20EAA80053C320F010FF54FF2E1B8F2420F0960154F0370070088F002100A60F74FF8624AE
:20EAC8008F3440F154F0370070088F002100A60F74FF3C0154FF6F0FFF7F0D00C004913051
:20EAE80000FFD9FF0C4654FF2E1B8F2120F0960154F0370070088F002100A60F74FF8F2177
:20EB080020F0960254F0370070088F002100A60F74FF3C0154FF1601DF1FFE7F91F000F8DF
:20EB2800D9FF000680FFCD4FE20F0D00C00491F000F8D9FF000480FFCD0FE20F0D00C00420
:20EB4800912000F6D9FF80CB80FFCD8FE20F0D00C004913000FFD9FF0C4654FF2E1B8F2110
:20EB680020F0960154F0370070088F002100A60F74FF86218F3140F154F0370070088F0001
:20EB88002100A60F74FF3C0154FF6F0FFF7F91000000D900000091000010D9110000910012
:20EBA8000080D988000091000090D9990000912000F6D9FFC00B91200026D922C00DA0044C
:20EBC800802080FFA2F0DA404BF0114282003C1E80FFB70F1CF08F4F1F1080FFBBF0FF2F42
:20EBE8000662262F06AFA6F1F606CD81E30F0D00C0043C0274419AD47E05CDC1E30F0D0086
:20EC0800C00440F449FF001AC2103F40E3FFDA00744F911000F8D9FFB0B7DC0F0090DA0095
:20EC28000950DA08370F0EF009505C08370F03F809505D08370F81F909505E08370F01FAD1
:20EC480009505F08370F83FA09506108370F01FE09506008370F03FC6C4582010950640823
:20EC6800370103100950650837018111095066083701041409506B083701011A09506708B3
:20EC8800370103120950680837018113095069083701041609506C083701811A09506A0803
:20ECA8003701041809506D083701011B09506E083701011C09506F083701811C095F70082D
:20ECC8006E0382203C028200095F71086E03DA013C02DA00A6F03701021D095F720837F11D
:20ECE800041E095F730837F1811B89411009095F06096C42095F0A096C43095F16096C41DD
:20ED0800095F1209744F095F6A086E0A095F6A081E17095F6A081E24095F0E096C46009067
:20ED2800F4450090404F405CD4C2D42DF4FD09CF04082CF409CF0408530F22F010D2D92216
:20ED48000002E822C82440C56DFF6BFF820009CF63086E05DA0137F001083C04DA0137F053
:20ED6800810809FF0408534F20F010D25920C08109CFF4086E22D4F209FF0408BC21534FE3
:20ED880020F060FF9140003F30F3D93F40483C0109C0760809CFF40814F1370F68F037F106
:20EDA80008F034FF081F370F82F12CF1083F96022CF3081F96042CF100902038912000F8B6
:20EDC800D9FFC08F49FF000A49A2000AA0D644FF642FFC6E49AF000A4942000AA0D644FFB7
:20EDE800642FFC6EF44500906DFF1BFF0090D45FF44F0090404F6D003419022F02F46D004C
:20EE0800301814F0B700010034F002F46D0049190090404C025809C488090CCC370468505E
:20EE280002F46D00120309C4880909C44C0802856D003D030CC482203E0B8230BE018240B1
:20EE4800BE078250BE0D82605F0F23003C29D4CF09C05008084F370F81F02CF43C22D4CF7D
:20EE680009C05008084F370F02F22CF43C1AD4CF09C05008085F370F02F02CF53C12D4CFED
:20EE880009C05008085F370F81F12CF53C0AD4CF09C05008085F370F81F22CF53C023C0143
:20EEA8000090404C025809C488090CCC3704685002F46D00CA0209C4880909C44C08028576
:20EEC8006D00F5020CC482203E0B8230BE018240BE078250BE0D82605F0F23003C29D4CFFB
:20EEE80009C05008084F370F01F02CF43C22D4CF09C05008084F370F02F12CF43C1AD4CF70
:20EF080009C05008084F370F02F32CF43C12D4CF09C05008085F370F01F12CF53C0AD4CF5B
:20EF280009C05008085F370F01F22CF53C023C010090404F6D009518022F02F46D009117F7
:20EF480091A0003030F3D933C04F5430B700010091A0003030F3D933C04F743002F46D0028
:20EF6800A01800906D009612913000FF39FF3506370F64F24B0F41F14BF251203C013C01A9
:20EF8800009037046800DA084BF00102DA0203F10AF6370F68F0DF15068082220FF2102059
:20EFA8003C0482120FF210203C010090404F026F82066DFFE8FF6E04681268223C0268126E
:20EFC8000090404F026F82066DFFDDFF6E04684268523C0268420090404F3B0001606DFFE4
:20EFE800D2FF74F20090404F024F0269820602F46DFFC9FF02283B0001600BF910486DFFB7
:20F00800C2FF8F0201F0A6F868680090DA01744F0090804F53042800420F60FF3C014842B4
:20F028003C010090BC41DA024BF50102534020F053042100600F9140003F30F3D93FC069E1
:20F0480010F23C010090804F53042800420F60FF3C0168550090804F53042800420F60FF53
:20F068003C0168350090804F53042800420F60FF3C0168450090804F53042800420F60FFA8
:20F088003C0168250090804F53042800420F60FF3C01481F375F02F06CF10090804F5304D1
:20F0A8002800420F60FF3C014890DA006CF948BF375F02F06CFB68907663DA013C02DA0062
:20F0C80037F001F0767382103C028200370F81F06CF90090804F53042800420F60FF3C01EE
:20F0E800DF15048082103C028200481F370F81F56CF10090404C405F8218D4F2F4C2084F96
:20F108002CC4084F3B008000E20FD4F21022911000303023D93D000D89CD880909FF0508B9
:20F128002CC549DE001A89CE8C0909FF52085E1709F40508821540E46DFF50FF09F4050848
:20F148008215821640E46DFF50FF09F4050809F5500840D46DFFC0FF09F40508086540D46F
:20F168006DFF93FF487F6E08C87409F4600809F561086D00240109FF54081E1509FF5508B6
:20F18800DF1F278009F4050809F5560809F6540809F7550840D46DFF83FFD4F4084409F590
:20F1A80005086DFF41FF09F0570809FFD8081421370F68F037F108F0342F0C21370F82F112
:20F1C8002C210C2396022C230C2196042C2109FF52085E1E09F40508482540D46DFF4DFF8F
:20F1E80009F40508483540D46DFF37FF3C0D09F40508482540D46DFF38FF09F405084835CC
:20F2080040D46DFF22FF09F405088215820640E46DFFCEFE09F405088215820640E46DFF07
:20F22800D2FE09FF53085E1509C48C096DFFF0FE02823C010090F445DA002C44DA002C4545
:20F24800DA146C42DA0A6C43DA01894F1008DA022C46DA00894F1108DA00894F1208DA01EC
:20F26800894F1308DA00894F1408DA00894F1508DA02894F1608DA00894F1708DA00AC4C81
:20F28800A00FEC47DA80894F2008DA00894F21080090404F024FC83409F40508821502F64A
:20F2A8006DFF86FEC83409F40508821502F66DFF8AFEC8346DFFACFE0090404F024FC8344F
:20F2C80009F40508820502F66DFF72FEC83409F40508820502F66DFF76FEC8346DFF98FE5E
:20F2E8000090594400C00090194F08C0370F78F04B0F41F1194004C0370078004B004101C6
:20F308004B0F51F06D0006004BF241203C0100906DFF2AFE3C010090404F0B54108840F451
:20F328006DFFE4FF4B8251007B00F8136B0131004B0071814B0861116B0131007B00F01318
:20F348004B1001F0370F61F16E02C2186D008916022A02A46D008515DA00BE90DA013E9EB3
:20F36800DA023E9CDA033E9ADA043E98DA053E96DA06BE91DA07BE963C1C534920F010F249
:20F38800534920F010FF19FF0CC0378F18F0592F0CC03C1019FF24C0378F18F059FF24C052
:20F3A8003C0919FF28C0378F18F059FF28C03C023C0102A46D0075160090404F0258481FF9
:20F3C8008FCF1F00481F160F532F2020082F0F2F001082330F23003091A0012FD922F04F23
:20F3E800534020F01022542F82F0C630260F2631A61F742FC82408CF09F55008A64502F457
:20F408006D002300C82408C402856D0050000090A00282003C13538020F0912000F8D9FFF1
:20F42800F8E110FF481F7E49538020F0912000F8D9FFF8E110FFD4F2C210FFD00480BD02B8
:20F44800EC7F3C010090404F0B4510A849FC100A82404B0A01828F3A00F1538F20C091408F
:20F46800002FD922000E7D2F15806D00FA15022F02F46D00F61409F0201982110FA110105C
:20F4880082F2C621261089F0201902F46D000916534820F010CFDAFF0FCF00F00FCB10B0D4
:20F4A80002F302B249F240080090404F0B4510886D00D715022A02A46D00D31449FF001A30
:20F4C800DA084BF801028F7800F1534F2040534020F010FFDA0F0F4F00F00F49109002F32C
:20F4E800029249F2400802A46D00DB1500902020404CDA084BF401826D00F20E534920F0D1
:20F5080010A2534920F010CF488F742F09CF500816FFC21F4B0F41F14BF25100534920F040
:20F5280010AF14FF163FC21F4B0F41F14BF05100534920F010AF14FF370F62F3921153494B
:20F5480020F010AF081F160342F1534920F010AF081F370F62F142F14B0141F14BF05120D9
:20F568003C01009020080248405F3705E8FB8B0F20F26E01820949A6000A028440F56D00BF
:20F588003900DA0037F9019014AF37F983900CA137F903920CA237F983930CA337F90395AC
:20F5A8000CA437F983960CA537F90398081FAE63DA003C02DA0137F98199DA0037F9019AB4
:20F5C80014FFAE53DA003C02DA0137F9819ADA0037F9019B09FFC008370F66F3C2FF370FB5
:20F5E80070F037F9859B3789049E02923C010090406C82088209DA084BF40122094F5008DB
:20F6080016FF9210534320F0104F09FF6008163FC21FE2F0534320F0104F09FF6008370FF3
:20F6280062F39211534320F0104F09FF6108160342F1534320F0104F09FF6108370F62F1F9
:20F6480042F173100AA0B025405D820B3C4E534B20F010DF54FFE2AF4B0F61F17B0000040D
:20F668004B0F51C0820D820E3C328210532E20F00FF010004B0041F14BFC51F07B00F003E5
:20F688006B00214F6D005E36FF922180532E20F00FF210F04B0F41F14BCF01F016068B0F75
:20F6A80020F26E09C2F28B0240F3370F689002E8821D3C0FFF820B809A12C2FF8B0F40F3ED
:20F6C800370F689002E8821D3C04C21EBF8ECFFFF6D382798278532B20F010CF2819532B36
:20F6E80020F010CF34F8C21BBF3BB3FF0090404C405F7641820854CF6E016D00F10D3C0128
:20F7080009CF500816FFC21F4B0F41F14BF251F03C017B00F8034BF0513048103B800040EF
:20F72800821502463700E81BBA016E037B00F8037B00F8134B0151703B0040929B49979457
:20F74800024A3C4D4B0A41014B0341004B0751107B00F0236B0221114B0131B1DA407FBF40
:20F7680005003B0004B03C0973AB0A10FF410400822B3C034EB2821B4B0B41114B104100FF
:20F788006B07311082024B2101F0AE046B0731003C056B0731F067FFBF0F4B9001F06F2F06
:20F7A8001E804B9001F0AE264B9001F0AE036F060580020902A602B56F061180DA004BF007
:20F7C80001F0AE27DA004BF001F0370F61F06E03DA003C02DA016E023C04C2FAFF2AB47F92
:20F7E8003F5409006F0607006F050580025F026502F6DA024BF601229AD2370F4800C2F53F
:20F80800370568F037F80680DA024BF601421A52C2FF370F68F037F802838E03020F3C02D8
:20F82800DA0037F802858E0382323C01370268F037F80284088FAE43DA013C02DA0037F8BE
:20F848000186088FAE33DA003C02DA0137F88186089F370FE1F237F8018702823C010090B0
:20F868000248BC416D003C0DDA004BF801F0AE217B0008F44BF841F04BF251004B0031F1C0
:20F888004B0F41F16B0F31F07B00F0134B1F01F0AE244B0031F13C044B0031F1C21F8B1FE9
:20F8A80040134B0161F14BF251F06B0F31F882004B0F01F0AE084B0161F14BF251F06B0F15
:20F8C80031583C094B0161F14BF251F06B0F31F867FFBF5F82463C2C4B0661F14BF841F0C8
:20F8E8004BF251F07B00F0036B0021FF4B0F710173600AF04B0F61F14BF251306B0331F8EF
:20F9080082044B4F01F0AE046B0331383C056B0331F867FFBF3F4B5301F0AE2476030235F8
:20F9280002013705E8FB6E02F6023C06C2163B801FF07F6FD3FFC2F18B0140233C01009022
:20F94800FF440B00538420F0912000F8D9FF648210FFD4F23C02A0023C01009082F282008B
:20F968003C17538020F0912000F8D9FF648210FFD4FF7D4F0D80538020F0912000F8D9FF43
:20F98800648210FF481F370F48203C04C210BF40EAFF3C010090494F102A3C0554FFB45F15
:20F9A800B025C2F4FF14FC7F0090494F102A3C0554FF745FB045C2F4FF14FC7F0090494FFC
:20F9C800102A3C0554FF345FB015C2F4FF14FC7F0090DA010F4F10F0370F70F009410819DB
:20F9E800765737017008A6F0370110183C083701700882F2C6F226203701101876673701B1
:20FA08007000A6F0370110103C083701700082F2C62F26F037011010894108190090DA0860
:20FA28004BF40102534120F0104F49FF241A3C06095FC00874FFB025C2F5FF15FB7F009064
:20FA4800DA084BF40102534120F0104F49FF241A3C05545F74FFB045C2F5FF15FC7F0090BF
:20FA6800DA084BF40102534120F0104F49FF241A3C05145F74FFB015C2F5FF15FC7F00900F
:20FA8800094F4518EE047B1000F03C02DA01CC4D094078080F0F10F06CF10090094288095A
:20FAA8003C010090094F4518EE03DA013C037B1000F0CC4D094078080F0F10F06CF1009049
:20FAC800404F405C406D0248D4FE40E46D008F050229DF093680ECE2084F96012CF4E84C2C
:20FAE800A8A8821089F00718E86DA8E848FF6E05C8F240F42D02000009FF49181E1409FF25
:20FB080049185E3540F46D0047093C1A09FF4918DE4209E2A80909E4A809094FD818C2F8DD
:20FB280037087000370F10F0892F981840F46D0033093C06C8AF09E488092D0F000002927C
:20FB48003C01009082020C44AE04D44F481F6E0282123C0100902010404C405DD4D2D42FED
:20FB6800F802C8AFF801D4DFF4CF0CC4B70F01F02CC409DF640889CF081809DF650889CFAD
:20FB8800091809DF260989CF0C1909DF2A0989CF10190CD8370F61F1D80109F0510837F03E
:20FBA800010389F0110849DF1C0AF4AF5E1754FFEE05DA0089CF04183C07CCD7481F370F1A
:20FBC80068F089CF041809C04418DA084BF00182534920F009A48409104F029440D56DFF30
:20FBE80088FD022F6CF809C4441849D5080A4CD109A4840902F56DFFB7FC022F6CCC821022
:20FC080009CF44180FF000008F0001100CD9AE43DA003C02DA0109C444180F4F10F0D801E0
:20FC280049FF081A8F000140A640A6F10203021249F2400809CF7308370F64F28F7F00412B
:20FC480009A484096DFF55FC4B0231F189CF0A09D4AF54FFEE07A00FECCFA00F89CF8019F6
:20FC68003C46D4FF09F2C80989C2F4090CD9370F61F289CF05180CD86F1F2280911000F873
:20FC8800D9FF88AFECCF911000F8D9FFACAF89CF801940C46DFF08FFD4AFD4FF09D56008C2
:20FCA80009DA6108DA80C82408C4A6F56DFFCDFBC82408C402A56DFFFAFB3C19A00FECCF90
:20FCC800A00F89CF8019D4A2D42F09D5600809DA6108D422092F5008C82408C4A6F56DFF2C
:20FCE800B4FBC82408C402A56DFFE1FB09DFC808370F66F389CF0618911000F8D9FF76A052
:20FD0800ECCA911000F8D9FF4480ECCBD80209FF46186E119110002F09F00518534920F0E8
:20FD2800D80110FF49FF241A530022F0102280FF592F0C0282023C010090404C40C46D0053
:20FD48009823A00FECC7DA8089CF2008DA0089CF2108A00FECC7DA0089CF2008DA0089CF5B
:20FD68002408DA0289CF250882FF89CF2609DA0089CF2A0900902040404C405DCCD5F80FC0
:20FD88006D006F11022802846D006B1014FFB70F01F034FF09DF58086E03DA003C02DA012D
:20FDA80014F037F081F134FF02846D007A11820809D4100909A4BC096DFF54FD370268F0AD
:20FDC80037F80880DA0F37F80485DA0037F8828C09DF59086E03DA013C02DA0037F8818DC2
:20FDE800DA0137F8048E68484CD489CF0819820009DFC6086E043BF01FF03C02DA0037F0F3
:20FE08000900820109DFC408EE0409DF66086E02821137108104820109DFC208EE0409DF74
:20FE280066086E0282113710010509DF5B0837F0020809DF5C0837F0020909DF680837F083
:20FE4800020D09DF690837F0020E685009DEA009BD0E3B00D4EFBCFF0CE409E85508C81415
:20FE6800088408C5A6F56DFFF0FAC814088402856DFF1DFBCCE2BCFF0CEC09E85508C81432
:20FE8800088408C5A6F56DFFE0FAC814088402856DFF0DFBCCE4BD0F180009EF140809E824
:20FEA8005508C8140884370F68506DFFCEFAC814088402856DFFFBFAD4F2D4F40C4408C04D
:20FEC800370F03F02C24D80FECCAF4CCDA006CC1A00FECC2911000F8D9FF88BFECC59110C6
:20FEE80000F8D9FF8CDFECC609DF66086E0C911000F8D9FF2EA0ECC7911000F8D9FF228038
:20FF0800ECC83C0B911000F8D9FF5870ECC7911000F8D9FF7E60ECC8911000F8D9FF6020FE
:20FF2800ECC909DF6608DF0F8C00DA0189CF061849A4000A9110005F6DFFF4F649A4040A9B
:20FF480049A5000A6DFF3BF709DF250889CF051809CF05182CA8DA0089AF2708DA0189AF5C
:20FF68003408DA0089AF0A09DA0089AF2A08DA0089AF2F08DA00ACAFDA0089AF2308D80F32
:20FF880049FF241A80FF89AF0E09DA0089AF2D08DA0189AF3008DA0089AF2108DA0089AF26
:20FFA8002208DA0089AF20080CD889AF3A0809DFC40889AFB80849C4380A49A5040A6DFF14
:20FFC800B3F609DF240889CF041809CF04182CA8DA0089AF2708DA0189AF3408D80F49FF61
:18FFE800102A80FF89AF0A09DA0089AF2A08DA0189AF2F08DA0089AF5D
:02000004800179
:200000000E09DA0089AF2D08DA0089AF3008DA00ACAFDA0089AF2108DA0089AF2208DA00B2
:2000200089AF2308DA0089AF20080CD889AF3A0809DFC20889AFB80849C42C0A49A5040ADC
:200040006DFF76F63C04DA0089CF0618BBF0FFFFD80F89FF141909CF46186E4509A4BC0998
:200060006DFF82FC914000FFD9FF1068538221F010FF3C01823009DF2508370F70F014F1D2
:20008000370F68F037F108F034FF081F370F82F12CF1083F96022CF3081F96042CF109A4E9
:2000A000BC096DFF61FC914000FFD9FF1068538221F010FFB04F3C01823009DF2408370F55
:2000C00070F014F1370F68F037F108F034FF081F370F82F12CF1083F96022CF3081F96040E
:2000E0002CF13C6D09DFC4086E2109A4BC096DFF3BFC914000FFD9FF1068538221F010FFCD
:200100003C0109D0480809DFC40814F1370F68F037F108F034FF081F370F82F12CF1083F8B
:2001200096022CF3081F96042CF109DFC2086E2209A4BC096DFF18FC914000FFD9FF1068D6
:20014000538221F010FFB04F3C0109D0480809DFC20814F1370F68F037F108F034FF081F76
:20016000370F82F12CF1083F96022CF3081F96042CF109DFC6086E2309A4BC096DFFF4FBB9
:20018000914000FFD9FF1068538221F010FF49FF080A3C0109D0480809DFC60814F1370F89
:2001A00068F037F108F034FF081F370F82F12CF1083F96022CF3081F96042CF1D80F09FFCC
:2001C0005308960189FF13080090404F405C40F46D009F21E85CDA0089FF1808DA0089FF46
:2001E0001908DA0089FF1A08DA0089FF1B08DA0089FF1C08DA0089FF2808DA0089FF29082A
:20020000A002E88282FF89FF240882FF89FF2508DA0089FF2608BB00C2FB9BEFC3F46CF4BE
:200220000090911000CF094804186DFF3DFC402F530822F010C2392F1E02370F61F18B0F44
:200240002002DF100D80530822F010C2530822F010C4394F1F029604E92F1F023C01DF00E8
:20026000110009FF00196E0609F2801940F42D020000084FB70F01F02CF4D4F46D001A0262
:20028000530822F010CF39FF1E02370FE1F18B0F20F25E1C530822F010CF530822F010C2F1
:2002A000392F1F029604E9FF1F023C010090404C40C46DFFF9FB402F9110005F09C10518FF
:2002C00009C6A80949F7100A530122F01052392F1E02370FE1F18B0F2002DF100D80530150
:2002E00022F01052530122F01054394F1F029604E92F1F023C01DF001A00530122F0105F39
:2003000039FF1E02370F61F18B0F20F25E1C530122F0105F530122F01052392F1F02960407
:20032000E9FF1F023C011D00BC0009FF49181E1509FF4918DF3F2580530122F0105F39FFC9
:200340001E02370F61F18B0F20F25E1C530122F0105F530122F01052392F1F029604E9FF17
:200360001F023C01534120F0105F534120F01052392FC2819602E9FFC2811D00920009FFE1
:200380004918DF4F2480530122F0105F39FF1E02370F61F18B0F20F25E1C530122F0105F6A
:2003A000530122F01052392F1F029604E9FF1F023C01534120F0105F534120F01052392F8B
:2003C000C2819602E9FFC2813C6B530122F01052392F1E02370F61F18B0F2002DF100D8050
:2003E000530122F01052530122F01054394F1F029604E92F1F023C01DF00530088AFBF2F5B
:200400005000530122F01052530122F01054394F1F029604E92F1F02534120F010525341E4
:2004200020F01054394FC2819602E92FC281547FEE0C48CF8210370F01F0896F201909FFA4
:200440000C19896F24193C2C48CF8210370F01F0896F201909FF4618FF9F0A80D47288AFBE
:20046000102F09FF7FF8896F24193C1A09F04618DA103F0F0D8088AFC2FF532F20F0D47F3A
:2004800010FF09FFC008896F24193C0A88AFC2FF534F20F0D47F10FF54FF896F24190090DE
:2004A000404C09C2A809092FC0188FFF1F813C01BBF0FF0F8920141940C46DFFF5FA402F5C
:2004C000911000DF6F08070009FF4A18960189FF0A186F18070009FF4A18960289FF0A1839
:2004E0006F28070009FF4A18960489FF0A186F78070009FF4A18968089FF0A186F380700EA
:2005000009FF4A18960889FF0A186F48070009FF4A18961089FF0A186F58070009FF4A1879
:20052000962089FF0A186F68070009FF4A18964089FF0A18DF08110009FF00196E0609F20B
:20054000801940F42D020000084FB70F01F02CF4D4F46D00AF0009CF46186E3109C00418D3
:20056000530022F010DF39FF1E02370F61F18B0F20F25E1C530022F010DF530022F010D276
:20058000392F1F029604E9FF1F023C0109C00518530022F010DF39FF1E02370F61F18B0F2E
:2005A00020F25E1C530022F010DF530022F010D2392F1F029604E9FF1F023C010090404F8C
:2005C00040F46DFF71FA0925AC0940242D050000484FC21F6CF40090404F40F46DFF64FAA2
:2005E0000925A80940242D050000483FC21F6CF30090DA01494F0408EE0382023C02821269
:200600003C010090404FD4F2D4220924A80949FC180A094F4218370FE3013C0188EF0B0FD3
:2006200080F1370F508054CFEE0A82003C05094110293C01C2103F80FC7F3C2609F04618D0
:20064000FF900B80D4C502846DFFBFF9D4C201280026F4C23C1909F04618DA103F0F0C8032
:20066000D4C502846DFF9DF9532820F0D4C21022F4C23C0AD4C502846DFF9DF9534820F03E
:20068000D4C21022F4C288EFA28FACFE88EFEE1009FF00196E0609F2801940F42D02000089
:2006A000084FB70F01F02CF4D4F46D0003000090DA006C4100902008404F49FD100AD4F250
:2006C000D42C09CF4618DF0F7E02911000EF09C4A809F4A46DFF48F9538221F03C0109C82F
:2006E000051809C904184DC0E2FF370FE1F78B0F20A23C010D00400300003C0188AFBF2F98
:20070000E50088AF92F0530822F010E2530822F010E4B94F140237007000370F0EF0F92F4A
:20072000140209FF4618FF9F10808200530822F010E2530822F010E4394F1602370F83F272
:20074000E92F16023C2109F04618DA103F0F10808210530822F010E2530822F010E4394F13
:200760001602370F83F2E92F16023C0E8220530822F010E2530822F010E4394F1602370FE4
:2007800083F2E92F160254DFEE4049F20C1A802FB70F1C007B0000FDFE014DC0E1FF1607E0
:2007A0003C0149F20C1A8020B7000C0AB770030E7B000011E21FA2F03C0449F20C1A802096
:2007C000530822F010E259200802820082118222530822F010E2192310023703033037131A
:2007E000813137230434530822F010E259231002530822F010E2530822F010E4394F12026C
:200800009610E92F12023C3A54DFB70F1C007B0000FD7E0F4DC0E1FF16073C0154D0B70054
:200820000C0AB770030E7B000011E21FA2F03C0254D0530822F010E25920080282008211F2
:200840008202530822F010E219231002370303303713813137230434530822F010E2592391
:200860001002530822F010E2530822F010E4394F1202B70F01F2E92F1202D4A24922241A06
:20088000530822F010E4802F594F0C02820082118202530822F010E21923100237030332DD
:2008A0003713813337230436530822F010E259231002530822F010E2530822F010E4394F71
:2008C0001F029604E92F1F0288A0530922F010E2530922F010E4B94F140237007000370F2F
:2008E0000EF0F92F140209FF4618FF9F10808200530922F010E2530922F010E4394F160244
:20090000370F83F2E92F16023C2109F04618DA103F0F10808210530922F010E2530922F010
:2009200010E4394F1602370F83F2E92F16023C0E8220530922F010E2530922F010E4394F02
:200940001602370F83F2E92F1602486FEE4049F2101A802FB70F1C007B0000FDFE014DC035
:20096000E1FF16073C0149F2101A8020B7000C0AB770030E7B000011E21FA2F03C0449F299
:20098000101A8020530922F010E259200C02820082118222530922F010E219231002370305
:2009A00003323713813337230436530922F010E259231002530922F010E2530922F010E4C0
:2009C000394F12029620E92F12023C3B486FB70F1C007B0000FDFE004DC0E1FF8F7F000117
:2009E0003C01486FB70F0CFAB77F031E7B0000F1E2F0A2013C024861530922F010E259213E
:200A00000C02820082118202530922F010E219231002370303323713813337230436530924
:200A200022F010E259231002530922F010E2530922F010E4394F1202B70F81F2E92F120261
:200A4000530922F010E2530922F010E4394F1F029604E92F1F02BBF0FFFFD4A4894F141932
:200A60006DFF82F79140002FD9221068538221F010223C010C2396022C23D4A46DFF74F764
:200A80009140002FD9221068538221F01022B0423C010C2396022C23D4A46DFF65F7914075
:200AA000002FD9221068538221F010224922080A3C010C2396022C23530922F010E25309F0
:200AC00022F010E4394F1F029604E92F1F02534920F010E2534920F010E4394FC2819601F4
:200AE000E92FC28188AFBF2F2B00530822F010E2530822F010E4394F1F029604E92F1F020F
:200B0000534820F010E2534820F010E4394FC2819601E92FC28109FF4818EE0948CF8200E4
:200B2000370F01F0D4AF89FF20193C0848CF8210370F01F0D4AF89FF20193C3F54DFEE0E28
:200B400048CF8210370F01F0D4A2892F201909FF0C19D4AF89FF24193C3048CF8210370F7E
:200B600001F0D4A2892F201909FF4618FF9F0B80D4D288AF102F09FF7FF8D4AF89FF2419AB
:200B80003C1C09F04618DA103F0F0E8088AFC2FF532F20F0D4DF10FF09FFC008D4AF89FFB9
:200BA00024193C0B88AFC2FF534F20F0D4DF10FF54FFD4AF89FF241976A30D0000031D0064
:200BC000EE0088AFBF1FEB00D4F2D422092CA80909FF7308370F644209CF421816073C018A
:200BE0008B4F000109FF47185E12C2F088AF7E02C2F088AF0B0F80F1370F5080BF18CF00AA
:200C000088AF5280A8A088AFEE0382113C02820109FF4718DE11BF28100088AF6E0D4DC0FB
:200C2000E20F3700E1078B0020923C010D00400300003C013C084DC0E20F3700E1078B00B1
:200C400020923C0109FF4718DE14820089F0071809FF4818EE0848CF8200370F01F089CFAC
:200C600020193C0748CF8210370F01F089CF201954DFEE1E09F00C19DF01130082013C0474
:200C800089C02419C2119AF83FF1FC7F48CF8211371F01F089CF201989C024193C08DA0098
:200CA0003C0489C02419C21F3F8FFD7F3C7409FF4618FF9F2480DF011800BF280800D4D55B
:200CC0009AF840C402F56DFFD1F648CF8210370F01F089CF2019D4DF01F800F609FF7FF8C2
:200CE00089CF24193C06D4D540C402856DFFBEF6D4DF01F800F6F4DF3C4E09F04618DA1089
:200D00003F0F2780DF011A00BF280800D4D59AF840C402F56DFF89F648CF8210370F01F0F4
:200D200089CF2019C2F8532820F0D4DF10FF09FFC00889CF24193C0BD4D540C402856DFFCF
:200D400074F6532820F0D4DF10FFF4DF3C24DF011900BF280800D4D59AF840C402F56DFF1F
:200D600075F648CF8210370F01F089CF2019C2F8534820F0D4DF10FF54FF89CF24193C0B41
:200D8000D4D540C402856DFF61F6534820F0D4DF10FFF4DF76930D00000300902008404DBE
:200DA00049DF100AD4D2D42C8CDA82404B0F0102F6188CDA82404B0F0102370068F03C0860
:200DC0008CDA82404B0F0102370068F0C21F370F688009DF49189E4B8CDA3B0001004B0FC2
:200DE0000102F6198CDA3B0001004B0F0102370068F03C098CDA3B0001004B0F01023700D8
:200E000068F0C21F42F8C2F83708688009CF4618DF0F2102911000EF09C4A809F4A46DFF25
:200E2000A3F5538221F03C0109C9051809CA04184DC0E2FF370FE1F78B0F20B23C010D0057
:200E4000400300003C01530922F010E2530922F010E4B940140237800E00F92014028220AB
:200E6000530922F010E2530922F010E4394F1602370F83F2E92F160254FFB70F1C007B0075
:200E800000FD7E0F4DC0E1FF16073C0154F0B7000C0AB770030E7B000011E21FA2F03C02DB
:200EA00054F0530922F010EF59F00802820082118202530922F010EF19F31002370303309D
:200EC0003713813137230434530922F010EF59F31002530922F010EF530922F010E2392F84
:200EE0001202B70F01F2E9FF120209DF49189E4DD4AF49FF1C1A530922F010E280FF592F8D
:200F00000C02820082118202530922F010EF19F31002370303323713813337230436530942
:200F200022F010EF59F31002530922F010EF530922F010E2392F1F029604E9FF1F028CDAE3
:200F400082404B0F0102F6188CDA82404B0F0102370068003C088CDA82404B0F0102370040
:200F60006800C210530A22F010EF530A22F010E2B92F140237007000370F0EF0F9FF140271
:200F80008220530A22F010EF530A22F010E2392F1602370F83F2E9FF16024CD6EE4049DF2D
:200FA000101A80FFB70F1C007B0000FDFE014DC0E1FF16073C0149DF101A80F0B7000C0A59
:200FC000B770030E7B000011E21FA2F03C0449DF101A80F0530A22F010EF59F00C02820071
:200FE00082118222530A22F010EF19F31002370303323713813337230436530A22F010EFBF
:2010000059F31002530A22F010EF530A22F010E2392F12029620E9FF12023C3C4CD6B70F15
:201020001C007B0000FDFE004DC0E1FF8F7F00013C014CD6B70F0CFAB77F031E7B0000F134
:20104000E2F0A2013C0309D11809530A22F010EF59F10C02820082118202530A22F010EF14
:2010600019F31002370303323713813337230436530A22F010EF59F31002530A22F010EF17
:20108000530A22F010E2392F1202B70F81F2E9FF1202530A22F010EF530A22F010E2392F07
:2010A0001F029604E9FF1F02BBF0FFFFD4A4894F14196DFF59F4914000FFD9FF1068538298
:2010C00021F010FF3C01083F96022CF3D4A46DFF4BF4914000FFD9FF1068538221F010FF7D
:2010E000B04F3C01083F96022CF3D4A46DFF3CF4914000FFD9FF1068538221F010FF49FF45
:20110000080A3C01083F96022CF3530A22F010EF530A22F010E2392F1F029604E9FF1F0287
:20112000534A20F010EF534A20F010E2392FC2819601E9FFC28109DF4918DF3F308009D007
:201140009408DA103FF00A0009D0F208DA0F37F085F389DFB2083C0B09D0F2088CDAC2FF12
:20116000370F70F037F085F389DFB20809D09408DA103FF0090009DF7008B70F01F089DFF2
:2011800030083C0609DF7008960189DF300809DF7208964089DF32083C3709DF4918DF1FAA
:2011A000248009D09408DA103FF00A0009D0F208DA0F37F085F389DFB2083C0B09D0F2085C
:2011C0008CDAC2FF370F70F037F085F389DFB20809DF7008960189DF300809DF72089640B2
:2011E00089DF32083C1109DF7008960189DF300809DF7208964089DF320809DFF208B70FE7
:2012000085F389DFB208530922F010EF530922F010E2392F1F029604E9FF1F02534920F08F
:2012200010EF534920F010E2392FC2819601E9FFC28109DF49181E464CDCD4AF89FF1C198F
:201240003C054CDCD4AF89FF201976B30D0000033C010090913000FFD9FF300654F8370882
:2012600064F0EE0382023C096D003E00370864F04B0F41F14BF251203C010090913000FF5B
:20128000D9FF300654F8370864F2EE0382023C096D002A00370864F24B0F41F14BF251203F
:2012A0003C01009002486D0050018200DA003E84DA013E873C0B913000FF19F000263C0821
:2012C000913000FF19F004263C0382023C0176094B0061F17B0028044B0F51F04BF241201F
:2012E0003C0100906D00DA00913000FF39FF3106370F6402DA003E0CDA01BE0BDA02BE0E8F
:20130000DA035F0F2100DA045F0F23003C26913000FF39FF0C16160FEE023C0A913000FF5B
:2013200039FF0C16160F4B0F41F14BF251203C177B0017F44BF251203C127B001FF44BF254
:2013400051203C0D7B0027F44BF251203C087B002FF44BF251203C0382023C013C01009032
:20136000910000F6D9FF386054FF4B0F61213C010090913000FF39FF3706370F62F2EE06B7
:20138000BB00C22B9BE2CB243C11913000FF39FF3706370F62F25E19910000F6D9FF3860AF
:2013A00054FF4B0F61213C0282023C010090913000FFD9FF00066DFFDEFF09FF64081601FD
:2013C0005E1A09FF6E08167FC21F4B0F41F14BF251203C2409FF6408370FE1F15E1EBB0044
:2013E000C20B9BE0CB0409FF6C08167FC21F4B0F41F14BF051203C1209FF6908370FE5F0CA
:20140000C21F4B0F41F14BF2410009FF6C08167FC21F4B0F41F14BF051203C010090913029
:2014200000FFD9FF00066DFFA6FF09FF540816015E1A09FF5E08167FC21F4B0F41F14BF21E
:2014400051203C2909FF5408370FE1F15E1EBB00C20B9BE0CB0409FF5C08167FC21F4B0FB0
:2014600041F14BF051203C1709FF5908370FE7F0C21F4B0F41F14BF2411009FF5C08167FB9
:20148000921009FF5B08160FC21FE2F04B0041F14BF151203C010090913000FF39FF33063F
:2014A000370F62F282003E0482103E083C0ABB00C22B9BE2CB243C013C066DFFB2FF3C03C1
:2014C00082023C013C0100906DFFE8FF913000FF39FF3106370F6402DA003E0CDA01BE0C87
:2014E000DA02BE0FDA035F0F2200DA045F0F24003C27913000FF39FF3206160FEE03820239
:201500003C0A913000FF39FF3206160F4B0F41F14BF251203C177B001FF44BF251203C1219
:201520007B0027F44BF251203C0D7B002FF44BF251203C087B0037F44BF251203C03820277
:201540003C013C0100906DFFA9FF913000FF39FF3106370F6402DA003E0CDA01BE0CDA02ED
:20156000BE0FDA035F0F2200DA045F0F24003C27913000FF39FF3106160FEE0382023C0A4F
:20158000913000FF39FF3106160F4B0F41F14BF251203C177B001FF44BF251203C127B0065
:2015A00027F44BF251203C0D7B002FF44BF251203C087B0037F44BF251203C0382023C0135
:2015C0003C010090404F820891000026D922386009FF0819742F6D00480502296D0059055F
:2015E000022A02946D0041049130002F392F3046370FE1B19130002F392F304696089130A4
:20160000002FE92F304602946D004F0502A46D0054043C019130002F392F3306370FE1F363
:20162000EEFA9130002F392F3306B70F02F29130002FE92F33069130002F392F33069640CF
:201640009130002FE92F33069130002F392F180696109130002FE92F18063C019130002FDA
:20166000392F3306370FE1F3EEFA9130002F392F3706B71F02F29130002FE92F3706913062
:20168000002F392F370696409130002FE92F37066D00B001A62802A46D002E05DF087E8143
:2016A00002A46D000A043C019130002F392F1406370FE1F26EFA9130002F39201C0608AFB7
:2016C00037F007F09130002FE92F1C069130002F39201B06088F37F004F09130002FE92F9E
:2016E0001B069130002F39201906089F37F087F09130002FE92F19069130002F392F18067F
:2017000096409130002FE92F18069130002F392F1A06B70F01F09130002FE92F1A069130B5
:20172000002F392F180696209130002FE92F18069130002F392F1A0696019130002FE92F01
:201740001A069130002F392F1A0696049130002FE92F1A06BB70714B9B1485436D00A701BC
:201760003C019130002F392F1406370F61F16EFA9130002F392F1806B70F01F09130002F9D
:20178000E92F18063C019130002F392F3306370FE1F3EEFA9130002F392F3306B71F02F2E8
:2017A0009130002FE92F33063C019130002F392F3306370FE1F3EEFA48346D0078019130F5
:2017C000002F19203006485F82F1C61F26F0485F4841261FA6F0DA0137F0020EDA0137F037
:2017E000010F9130002FD922300674203C019130002F392F3706370FE1F3EEFA9130002F60
:2018000019203406487F82F1C61F26F0487F4861261FA6F0DA0137F0020EDA0137F0010FB1
:201820009130002FD922340674203C019130002F392F0316370FE1F3EEFA9130002F192016
:201840000016489F82F1C61F26F0489F4881261FA6F0DA0137F0010F9130002FD92200167F
:2018600074203C019130002F392F0F16370FE1F3EEFA9130002F19200C1648BF82F1C61F6E
:2018800026F048BF48A1261FA6F0DA0137F0010F9130002FD9220C1674209130002F19208B
:2018A000002648DF82F1C61F26F048DF48C1261FA6F09130002FD922002674209130002FCD
:2018C0001920042648FF82F1C61F26F048FF48E1261FA6F09130002FD9220426742002A456
:2018E0006D000A049100802F192F140209F0041982F1C610260F09F0041982F1C610260FA7
:2019000009F0041909F100192610A60F02946D00AC029100802FD9221402742F02946D000B
:20192000C403820C3C3702A46D00C7023C019130002F392F1406370FE1F26EFA9130002FE3
:2019400039201C0653CC20F0C8121022142F37F007F09130002FE92F1C0602A46D00CC0364
:2019600053CC20F0C81210224C226E0953CC20F0C8121022092288092D02000053CC20F0F2
:20198000C8121022092402096D009100C21C370C68C014FF3FFCC9FF02A46D008E02913042
:2019A00000FF39FF1806B70F01F3913000FFE9FF180602A46D00A00302946D005602913080
:2019C00000FF39FF2C469608913000FFE9FF2C46913000FF39FF304637BF81F1913000FF10
:2019E000E9FF304602946D00600302823C0100903B00288082096D003803022A913000FFD0
:201A000039F01006B7008202913000FFE9F01006913000FF39F01206910000F6D9FF3860A5
:201A200054F13B005AF29B6F02F04BF111229AF2370F68F037F005F0913000FFE9FF120669
:201A4000913000FF39FF10069604913000FFE9FF10063C05C2F8F68382193C0D913000FF08
:201A600039FF10066F1FF87F913000FF39FF11066F0FF27F02A46D00F801913000FF39FF11
:201A80002C469608913000FFE9FF2C46913000FF39FF30469608913000FFE9FF304602A44C
:201AA0006D00030302923C01009002486DFFF6FC913000FF39FF3506160F4B0F41F14BF289
:201AC00051F03C014B8F41F04B0F71F185F110003C0185F01000A2103FF0FDFF0090DA0131
:201AE0008B0401000F0F10F0913000FF59FF248600908FF43F006F041500913000FFD9FF04
:201B00001086534020F010F2913000FFD9FF1086534020F010FF083F375F03F22C233C133A
:201B2000913000FFD9FF1086534020F010F2913000FFD9FF1086534020F010FF081F375F35
:201B400003F22C2100908FF43F006F041500913000FFD9FF1086534020F010F2913000FFD6
:201B6000D9FF1086534020F010FF083FB70F01F02C233C13913000FFD9FF1086534020F0D8
:201B800010F2913000FFD9FF1086534020F010FF081FB70F01F02C2100908FF43F006F0473
:201BA0001500913000FFD9FF1086534020F010F2913000FFD9FF1086534020F010FF083F16
:201BC000B70F81F02C233C13913000FFD9FF1086534020F010F2913000FFD9FF108653409C
:201BE00020F010FF081FB70F81F02C2100908FF43F006F041400913000FFD9FF1086534081
:201C000020F010F2913000FFD9FF1086534020F010FF083F96012C233C12913000FFD9FFBF
:201C20001086534020F010F2913000FFD9FF1086534020F010FF081F96012C2100908FF46B
:201C40003F006F041400913000FFD9FF2C86534020F010F2913000FFD9FF2C86534020F0E2
:201C600010FF083F96202C233C12913000FFD9FF2C86534020F010F2913000FFD9FF2C8682
:201C8000534020F010FF081F96202C2100908FF43F006F041400913000FFD9FF10865340CE
:201CA00020F010F2913000FFD9FF1086534020F010FF083F96022C233C12913000FFD9FF1E
:201CC0001086534020F010F2913000FFD9FF1086534020F010FF081F96022C2100908FF4CA
:201CE0003F006F041400913000FFD9FF1086534020F010F2913000FFD9FF1086534020F07A
:201D000010FF083F96082C233C12913000FFD9FF1086534020F010F2913000FFD9FF108631
:201D2000534020F010FF081F96082C210090DA010F4F00F0913000FF19F0208626F0760328
:201D400082123C0282023C0100908FF43F006F041500913000FFD9FF1086534020F010F243
:201D6000913000FFD9FF1086534020F010FF082F375F03F22C223C13913000FFD9FF1086F6
:201D8000534020F010FF9130002FD9221086534020F01022142F375F03F234FF00906F0437
:201DA0001F008B05011082100F10100086F4913000FFD9FF2C86534420F010FF9130002F38
:201DC000D9222C86534420F01022542F82F2C620260F0F160060A66F74FF3C1B82100F5016
:201DE000100086F4913000FFD9FF2C86534420F010FF9130002FD9222C86534420F01022E3
:201E0000542F82F1C610260F0F560060A66F74FF00908FF43F006F041500913000FFD9FF02
:201E20002C86534020F010F2913000FFD9FF2C86534020F010FF083F375F02F32C233C13DF
:201E4000913000FFD9FF2C86534020F010F2913000FFD9FF2C86534020F010FF081F375FDA
:201E600002F32C2100904DC0E1FF16073C0153CF20F060FF9130003F30F3D93F004654FFE4
:201E80002E1B8F2420F0960154F0370070088F002100A60F74FF86248F2440F154F03700CB
:201EA00070088F002100A60F74FF3C0154FF1601DF1FFE7F0090913000FF19FF30366F1F54
:201EC00012008F2420F09601913000FF19F03036370070088F002100A60F913000FF59FF3B
:201EE000303686248F2440F1913000FF19F03036370070088F002100A60F913000FF59FF93
:201F000030363C01913000FF19FF30361601DF1FFB7F00904DC0E1FF16073C01913000FFBA
:201F2000D9FF004653CF20F010FF54FF2E1B8F2420F0960154F0370070088F002100A60FF4
:201F400074FF8F2420F0960254F0370070088F002100A60F74FF3C0154FF1601DF1FFE7FC6
:201F6000084F96082CF454FF2E1B8F2420F0960154F0370070088F002100A60F74FF8624E1
:201F80008F3440F154F0370070088F002100A60F74FF3C0154FF6F0FFF7F0090913000FFA6
:201FA00019FF30366F1F12008F2420F09601913000FF19F03036370070088F002100A60F66
:201FC000913000FF59FF30368F2420F09602913000FF19F03036370070088F002100A60FE5
:201FE000913000FF59FF30363C01913000FF19FF30361601DF1FFB7F913000FF39FF3436F7
:202000009608913000FFE9FF3436913000FF19FF30366F1F12008F2420F09601913000FF18
:2020200019F03036370070088F002100A60F913000FF59FF303686248F3440F1913000FF41
:2020400019F03036370070088F002100A60F913000FF59FF30363C01913000FF19FF303604
:202060006F0FFC7F00904DC0E1FF16073C0153CF20F060FF9130003F30F3D93F004654FF2B
:20208000370F6EF18FFF83213C013C010090913000FFD9FF303654FF370F6EF18FFF832137
:2020A0003C013C0100904DC0E1FF16073C0153CF20F060FF9130003F30F3D93F004654FF6A
:2020C0002E1B8F2420F0960154F0370070088F002100A60F74FF86248F3440F154F0370079
:2020E00070088F002100A60F74FF3C0154FF6F0FFF7F0090913000FF19FF30366F1F120096
:202100008F2420F09601913000FF19F03036370070088F002100A60F913000FF59FF3036A4
:2021200086248F3440F1913000FF19F03036370070088F002100A60F913000FF59FF303640
:202140003C01913000FF19FF30366F0FFC7F0090F647094F40189601894F00183C08DF14D0
:202160000780094F40189604894F00180090F647094F7C089601894F3C083C08DF14078084
:20218000094F7C089610894F3C080090FF240B00538420F0912000F8D9FF60F210FFD4F254
:2021A0003C02A0023C01009082F282003C17538020F0912000F8D9FF60F210FFD4FF7D4FC5
:2021C0000D80538020F0912000F8D9FF60F210FF481F370F48203C04C210BF20EAFF3C0181
:2021E0000090404C405F09C0380909C13C0914FFEE0C083F37F00500082F37F00504081FFD
:2022000037F1011182183C0F14FF5E1C083F37F00508082F37F0050C081F37F1011382182B
:202220003C02820889C13C0989C0380940C46DFFBDFF09FFC8086E26081FEE099140002F07
:20224000D9225028538220F010223C099140002FD9225028538220F01022B04208A009FF83
:20226000C8081421370F68F037F108F0342F0C21370F82F12C210C2396022C230C21960428
:202280002C2108264CC4820102F009C32C0982020F20A0400F31A0503C016DFFF56E3C0131
:2022A00014FF534F20F010C28922300914F440C46DFF50FF14F440C46DFF5BFF08264CC4CC
:2022C000820102F009C32C0982020F20A0400F31A0503C016DFFD86E3C0114FF534F20F0D4
:2022E00010C2481F42F28922300902823C010090025FC234B7040200370050808BC80100CD
:202300008B8000406D001938BC2640240B8F10486D0004003C010090C234B70402F0370F55
:202320005000DA00894F1808DA01894F1908804F8BCF01F0C27FB70F03F0744FDA00AC4208
:20234000DA00AC47DA00894F0A09894F0609DA00AC49AC48894094088945960840423C01B1
:2023600000900B451088027A54AB910000F6D9FF107091000026D9221070542FC21F74FF82
:20238000910000F6D9FF0C7091000026D9220C70542FC21F74FF910000F6D9FF107054FF2B
:2023A0005E4D02646D00180102A46D002306910000F6D9FF1070DA0074FF910000F6D9FFBF
:2023C0000C7054FF5E2A02946D001000910000F6D9FF0C70DA0074FF0B89104802B66D005A
:2023E000FA016D008C060090910000F6D9FF207091000026D92230B0542F91000026D9229D
:2024000028F009201C696B0031FF91000026D922007054206B0031FF74FF910000F6D9FF58
:20242000208091000026D9222080542F91000026D922207054206B0021FF74FF910000F6EC
:20244000D9FF208054FF910000F6D9FF00B054F04B0F01F0370F61F16E0D910000F6D9FFA1
:20246000208091000026D92200B0542F67FFBFFF74FF910000F6D9FF208054FF910000F667
:20248000D9FF00B054F06700BF0F4B0F01F0370F61F06E0D910000F6D9FF20809100002628
:2024A000D92200B0542F67FFBFFF74FF910000F6D9FF207054FF910000F6D9FF047054F0FE
:2024C0004B0F01F0370F61F06E24910000F6D9FF207054FF910000F6D9FF047054F06700C8
:2024E000BF0F4B0F01F0370F61F16E13910000F6D9FF10D091000026D92200A0542F910005
:202500000026D922207054204B0F41F074FF3C1E910000F6D9FF10D091000026D92210D06D
:20252000542F91000026D9223C90542091000026D92200A054216B01310091000026D92210
:20254000047054216B1071FF74FF910000F6D9FF28B091000026D9221490542F910000266D
:20256000D9222080542091000026D92210D054216B0F61F191000026D9223880542091000A
:202580000026D92228F0092128594B10410091000026D92214D054214B1041007B802C14D9
:2025A0004B1051006B0021FF74FF910000F6D9FF247091000026D9222070542F74FF9100B5
:2025C00000F6D9FF2CB091000026D92228B0542F74FF0090910000F6D9FF28709100002693
:2025E000D9220460542F74FF910000F6D9FF248091000026D9222480542F91000026D922F8
:20260000046054206B0021FF74FF910000F6D9FF248054FF910000F6D9FF04B054F04B0FDD
:2026200001F0370F61F16E0B910000F6D9FF248091000026D92204B0542F74FF910000F6B2
:20264000D9FF248054FF910000F6D9FF04B054F06700BF0F4B0F01F0370F61F06E0D910031
:2026600000F6D9FF248091000026D92204B0542F67FFBFFF74FF910000F6D9FF30B0910098
:202680000026D9223C80542F91000026D9220460542091000026D9222C7054216B013100F0
:2026A00091000026D92208A0542191000026D9220460542291000026D9221890542391005D
:2026C0000026D922248054244B4341306B2161136B0F61F174FF910000F6D9FF1C809100F3
:2026E0000026D9223090542F91000026D92230B0542091000026D92234B054216B013100C8
:2027000091000026D9223480542191000026D92230B0542291000026D92234B054237B004E
:2027200000446B43712291000026D92238B054236B0321224B2141106B0F61F174FF9100C5
:2027400000F6D9FF2C7091000026D9220460542F74FF910000F6D9FF187091000026D9226A
:2027600030B0542F91000026D92234B054206B0031FF74FF910000F6D9FF1C70910000263C
:20278000D92230B0542F91000026D92234B054207B0000146B1071FF91000026D92238B0BD
:2027A00054206B0021FF74FF910000F6D9FF38B091000026D92234B0542F74FF910000F64D
:2027C000D9FF34B091000026D92230B0542F74FF00900248910000F6D9FF30709100002625
:2027E000D92228B0542F91000026D92228F00920285991000026D92214D054216B1071FF19
:2028000074FF910000F6D9FF147091000026D9220090542F91000026D92230705420910046
:202820000026D922347054217B0000246B21710091000026D922387054216B0121009100D5
:202840000026D92214A0542191000026D9223070542291000026D922347054236B033122D8
:2028600091000026D9221C90542391000026D922307054244B4341306B2161136B0F61F1EE
:2028800074FF910000F6D9FF387091000026D9223470542F74FF910000F6D9FF34709100DE
:2028A0000026D9223070542F74FF910000F6D9FF3CB091000026D9223CB0542F910000263E
:2028C000D922147054206B0021FF74FF910000F6D9FF00C091000026D9223CB0542F74FF54
:2028E000910000F6D9FF3CB054FF910000F6D9FF08B054F04B0F01F0370F61F16E0B9100F2
:2029000000F6D9FF3CB091000026D92208B0542F74FF910000F6D9FF3CB054FF910000F678
:20292000D9FF08B054F06700BF0F4B0F01F0370F61F06E0D910000F6D9FF3CB0910000262F
:20294000D92208B0542F67FFBFFF74FF910000F6D9FF3CB054FF82004B0F01F016068B0F89
:2029600020F2DF0F97003B202A4082056D008F5E910000F6D9FF3CB054FF6B0821FF3B00AE
:2029800000029B9061044B0F01F0AE2F3BB00040910000F6D9FF3CB054FF6B0821FF4B0FC7
:2029A00071516D0054643C073BB000403B8064526D004D64910000F6D9FF3CB054FF6B0822
:2029C00031FF82004B0F01F016068B0F20F26E283B402A4082056D005A5E910000F6D9FFAC
:2029E0003CB054FF6B0831FF3B0000029B9061044B0F01F0AE2F3BA00140910000F6D9FF85
:202A00003CB054FF6B0831FF4B0F71516D001F643C073BA001403B8064526D00186491007E
:202A200000F6D9FF3CB054FF6B0831FF82004B0F01F0370F61F06E2D3B402A4082156D00FE
:202A4000265E910000F6D9FF3CB054FF67FFBFFF6B0821FF3B0000029B9061044B0F01F085
:202A60006F2F12803BA00140910000F6D9FF3CB054FF67FFBFFF6B0821FF4B0F71516D002C
:202A8000E6633C073BA001403B8064526D00DF63910000F6D9FF3CB054FF82004B0F01F003
:202AA000370F61F0DF0FA000910000F6D9FF3CB054FF67FFBFFF6B0831FF82004B0F01F0BF
:202AC00016068B0F20F26E2D3B202A4082156D00DE5D910000F6D9FF3CB054FF67FFBFFFCD
:202AE0006B0831FF3B0000029B9061044B0F01F06F2F12803BB00040910000F6D9FF3CB075
:202B000054FF67FFBFFF6B0831FF4B0F71516D009E633C073BB000403B8064526D009763CB
:202B2000910000F6D9FF3CB054FF67FFBFFF6B0831FF82004B0F01F0370F61F06E283B20DB
:202B40002A4082056D00A35D910000F6D9FF3CB054FF6B0821FF3B0000029B9061044B0FBF
:202B600001F0AE2F3BB00040910000F6D9FF3CB054FF6B0821FF4B0F71516D0068633C0794
:202B80003BB000403B8064526D0061633B402A4082156D007C5D910000F6D9FF3CB054FF08
:202BA00067FFBFFF6B0821FF3B0000029B9061044B0F01F06F2F12803BA00140910000F673
:202BC000D9FF3CB054FF67FFBFFF6B0821FF4B0F71516D003C633C073BA001403B8064522F
:202BE0006D003563910000F6D9FF20C054FFDE1B3BF003403B4034516D0029633B202A4019
:202C000082056D00445D3B402A4082056D003F5D3BB0004082056D001A633BA0014082056B
:202C20006D0015630090910000F6D9FF04C091000026D92224C0542F91000026D92228C049
:202C4000542091000026D92204605421B701811F6B1071FF74FF0090910000F6D9FF3C7024
:202C600091000026D9220460542F74FF910000F6D9FF288091000026D9222880542F9100D3
:202C80000026D922046054206B0021FF74FF910000F6D9FF08C091000026D9220890542F49
:202CA00091000026D9220460542091000026D922088054216B01310091000026D92228A0C4
:202CC000542191000026D9220460542291000026D9222490542391000026D9222880542444
:202CE0004B4341306B2161136B0F61F174FF910000F6D9FF088091000026D9220460542F16
:202D000074FF910000F6D9FF10C091000026D92208C0542F74FF910000F6D9FF08C054FF27
:202D2000910000F6D9FF0CB054F04B0F01F0370F61F16E0B910000F6D9FF08C091000026FA
:202D4000D9220CB0542F74FF910000F6D9FF08C054FF910000F6D9FF0CB054F06700BF0FB8
:202D60004B0F01F0370F61F06E0D910000F6D9FF08C091000026D9220CB0542F67FFBFFFBA
:202D800074FF910000F6D9FF08C054FF910000F6D9FF00D054F06700BF0F4B0F01F0370F0D
:202DA00061F16E16910000F6D9FF08C054FF910000F6D9FF00D054F04B0F01F0370F61F06E
:202DC0006E07910000F6D9FF08C0DA0074FF910000F6D9FF008091000026D92228F0092F29
:202DE0001C6991000026D922007054206B0021FF74FF910000F6D9FF2C8091000026D922FD
:202E00002C80542F91000026D922008054206B0021FF74FF910000F6D9FF0CC091000026FD
:202E2000D9222CA0542F91000026D9220080542091000026D9222890542191000026D92211
:202E40002C8054224B2141106B0F61F191000026D9220C90542091000026D92228F0092111
:202E600028594B10410091000026D92214D054214B1041007B802C144B1051006B0021FF1C
:202E800074FF910000F6D9FF048091000026D9220080542F74FF910000F6D9FF0CC054FF36
:202EA000910000F6D9FF0CB054F04B0F01F0370F61F16E0B910000F6D9FF0CC09100002675
:202EC000D9220CB0542F74FF910000F6D9FF0CC054FF910000F6D9FF0CB054F06700BF0F33
:202EE0004B0F01F0370F61F06E0D910000F6D9FF0CC091000026D9220CB0542F67FFBFFF35
:202F000074FF910000F6D9FFA02209FF4818DF3F5B80910000F6D9FF0CC0DA0074FF9100B3
:202F200000F6D9FF086014FF6E28910000F6D9FF24C091000026D9222CC0542F74FF91004A
:202F400000F6D9FF08B091000026D92218B0542F74FF910000F6D9FF08D014FF5E1D910025
:202F600000F6D9FF24C0DA0074FF910000F6D9FF1CC0DA0074FF3C27910000F6D9FF24C024
:202F800091000026D92238C0542F74FF910000F6D9FF08B091000026D92220B0542F74FF02
:202FA000910000F6D9FF08D014FF5E1D910000F6D9FF24C0DA0074FF910000F6D9FF1CC081
:202FC000DA0074FF3BF00340910000F6D9FF08C054FFBB0000089BD044046B0021FF7B0040
:202FE0000C044B0F41F04B0F71516D0030610090910000F6D9FF0C8091000026D92228F0D7
:20300000092F305991000026D92214D054204B0F41F07B802C044B0F51F074FF910000F69A
:20302000D9FF308091000026D9223080542F91000026D9220C8054206B0021FF74FF9100E2
:2030400000F6D9FF308054FF910000F6D9FF10B054F04B0F01F0370F61F16E0B910000F659
:20306000D9FF308091000026D92210B0542F74FF910000F6D9FF14C091000026D9221090DB
:20308000542F91000026D9220C80542091000026D922108054216B01310091000026D922F5
:2030A0002C90542191000026D9223080542291000026D9223CA0542391000026D9220C80C4
:2030C00054256B5361346B2161136B0F61F174FF910000F6D9FF108091000026D9220C80B8
:2030E000542F74FF910000F6D9FF18C091000026D92214C0542F74FF0090910000F6D9FF38
:20310000383014FF6E10910000F6D9FF087014FFEE0A910000F6D9FF0870DA00C21F34FF0F
:203120006D00EE25910000F6D9FF087014FF6E1C6D00BD25910000F6D9FF3C6054FF4BF2C1
:2031400001F016068B0F20F26E096D008825910000F6D9FF08D0DA0134FF91200048D944CA
:20316000F7F26D0090420090910000F6D9FF14805A454B0F41F17B0000044B0F51F074FFEC
:20318000910000F6D9FF188042454B0541F17B0000044B0F51F074FF00902018094FAC399D
:2031A00054FF74AF094FAC39481F7801094FAC39482F7802094FAC39483F780309A00C0951
:2031C00009A10C0909A2080909A3080954A454A509A6040958014BF641F06B5461FF6B3283
:2031E00061FF6B1061FF7B00F0034B0F41103B60A8059B70F30586FFA2F07B00FCF34B0163
:2032000041106B0171FF4BF041F03C01780482003C11534020F0094FAC3910FF534020F0FB
:203220000942AC391022542158044BF141F074FFC210BF40F0FF094F80495801910000268A
:20324000D92228F0092038694B0F41F07B00F0034B0F41F06CF4094F80495802910000267B
:20326000D92228F0092038694B0F41F07B00F0034B0F41F06CF5094F804954AF67FFBFFF44
:2032800091000026D92228F0092038694B0F41F07B00F0034B0F41F06CFA094F8049580334
:2032A00091000026D92228F0092038694B0F41F07B00F0034B0F41F06CFB094F8049580313
:2032C00067FFBFFF91000026D92228F0092038694B0F41F07B00F0034B0F41F089FF001911
:2032E000094F804954AF67FFBFFF91000026D92228F0092038694B0F41F07B00F0034B0F9F
:2033000041F089FF0419094F8049580291000026D92228F0092038694B0F41F07B00F003CF
:203320004B0F41F089FF1819094F8049580167FFBFFF91000026D92228F0092038694B0FBD
:2033400041F07B00F0034B0F41F089FF1C19094FB8390942B839092F301991000026D922CE
:2033600028F009200C794B0F51F089FF3019094FB8390942B839092F0C2991000026D92277
:2033800028F009200C794B0F51F089FF0C29094FB83909FF30193B0000049BC061044B0F1C
:2033A00001F0370F61F16E09094FB8393B0000F49BCF61F489FF3019094FB83909FF0C297F
:2033C0003B0000049BC061044B0F01F0370F61F16E09094FB8393B0000F49BCF61F489FFD5
:2033E0000C29009054AF910000F6D9FF28F0821034F0910000F6D9FF28F089F42C699100BE
:2034000000F6D9FF28F089F53069910000F6D9FF28F089F63469910000F6D9FF28F0BB707A
:20342000C70C9BB0220389F00879910000F6D9FF28F0820089F03848910000F6D9FF28F0E6
:20344000D20089F07C49910000F6D9FF28F0D20089F04459910000F6D9FF28F089FF38695D
:203460007B00F8F34BF701F0370F61F16E037B00F873910000F6D9FF28F089F70C799100B7
:203480000046D94428F0B0448264820582366D00F02A910000F6D9FF28F049F43C6A821421
:2034A0008215910000F6D9FF28F049F5047A6D00DF2F910000F6D9FF28F009FFAC397B00E8
:2034C000F8F374FF910000F6D9FF28F009FFAC39DA006CF1910000F6D9FF28F009FFAC398F
:2034E000DA006CF2910000F6D9FF28F009FFAC39DA006CF3910000F6D9FF28F091100028B7
:20350000D9225A6389F29039910000F6D9FF28F091100028D9221A6389F29439910000F628
:20352000D9FF28F091100028D9225A7389F29839910000F6D9FF28F091100028D922C2B30E
:2035400089F29C39910000F6D9FF28F0DA0189FF2E08910000F6D9FF28F0DA0189FF2F08FA
:20356000910000F6D9FF28F009F4844991200058D955E8C23B0009406D005E31910000F622
:20358000D9FF28F009F4BC3991000056D95518D03B0009406D0050310090404F91000046E4
:2035A000D94418D009F5B8393B0009406D00443191000046D944FCD409F59C493B8004400B
:2035C0006D003A3191000046D944F4C409F58C493B8004406D00303100902010404C09C2B0
:2035E000AC39542F7B0000044B0F41F074AF09CFAC39481F7B0000044B0F41F0780109CFB7
:20360000AC39482F7B0000044B0F41F0780209CFAC39483F7B0000044B0F41F0780309C434
:203620008C498204910000F6D9FF102509F0C0080CCEE2F00CCC73F00A506D002F3109CFF4
:203640008C49580267FFBFFF74FF09CF8C4958036CF109CF8C4954AF67FFBFFF6CF209CF35
:203660008C4958016CF309CF8C4958016CF609CF8C4954AF6CF709CF8C4958036CF809CFFE
:203680008C4958026CF909CF8C4954AF6CFC09CF8C49580167FFBFFF6CFD09CF8C495802E4
:2036A00067FFBFFF6CFE09CF8C4958036CFF00902010027809A9100909AA1409910000F6AD
:2036C000D9FF28F091000026D92228F009201C596B00310489F02859910000F6D9FF28F081
:2036E00091000026D92228F0092020596B00310589F02C59910000F6D9FF28F09100002691
:20370000D92228F0092024596B0031F689FF3059910000F6D9FF28F009FF28597B00F003DF
:203720004B0F41F0910000F6D9FF28F009F038694B0F41F074AF910000F6D9FF28F009FFC0
:203740002C597B00F0034B0F41F0910000F6D9FF28F009F038694B0F41F07801910000F64F
:20376000D9FF28F009FF30597B00F0034B0F41F0910000F6D9FF28F009F038694B0F41F033
:203780007802910000F6D9FF28F009F4844991200058D955E8C23B0009406D004D3091008E
:2037A00000F6D9FF28F009FF844954AF67FFBFFF6CF1910000F6D9FF28F009FF8449580125
:2037C00067FFBFFF6CF2910000F6D9FF28F009FF8449580267FFBFFF6CF3910000F6D9FFDF
:2037E00028F009FF844954AF6CF6910000F6D9FF28F009FF844958026CF8910000F6D9FF0E
:2038000028F009FF8449580167FFBFFF6CF9910000F6D9FF28F009FF844958016CFC91003B
:2038200000F6D9FF28F009FF8449580267FFBFFF6CFD910000F6D9FF28F009FF844954AF97
:203840006CFF910000F6D9FF28F009FF8449580289FF0819910000F6D9FF28F009FF844962
:20386000580189FF0C19910000F6D9FF28F009FF844954AF67FFBFFF89FF1019910000F697
:20388000D9FF28F089F83459910000F6D9FF28F089F93859910000F6D9FF28F089FA3C5911
:2038A000910000F6D9FF28F009FF3459910000F6D9FF28F009F03459910000F6D9FF28F088
:2038C00009F13859910000F6D9FF28F009F238594B2141106B0F61F16BAA61FF7B00F003EE
:2038E0004B0F41103B60A8059B70F30586FFA2F07B00FCF34B0141106B0171FF4BF041F06C
:203900003C017803910000F6D9FF28F07B00F80358034BF051F089FF1469910000F6D9FFC7
:2039200028F0C82F91000026D92228F00920345958034BF041F074FF910000F6D9FF28F047
:20394000C82F91000026D92228F00920385958034BF041F06CF1910000F6D9FF28F0C82F5A
:2039600091000026D92228F009203C5958034BF041F06CF2910000F6D9FF28F009FF305992
:20398000910000F6D9FF28F009F03059910000F6D9FF28F009F12859910000F6D9FF28F0C5
:2039A00009F22859910000F6D9FF28F009F32C59910000F6D9FF28F009F42C594B4341309B
:2039C0006B2161136B0F61F17B00F0034B0F41103B60A8059B70F30586FFA2F07B00FCF336
:2039E0004B0141106B0171FF4BF041F03C01910000F6D9FF28F07B00F8034BF0510089F0B3
:203A000010697B00F8034BF051F0BBA099099B90E9034B0F01F0370F61F06E27910000F629
:203A2000D9FF28F009FF1469BBD0CC0C9B4011044B0F01F0370F61F16E18910000F6D9FFF6
:203A400028F009FF1469BBD0CC0C9B4012044B0F01F0370F61F06E09910000F6D9FF28F0A5
:203A6000DA0189FF39483C08910000F6D9FF28F0DA0089FF3948910000F6D9FF28F009FF45
:203A8000984991000026D92228F0092F2C6991000026D92228F0092038694B0F41F074FF1C
:203AA000910000F6D9FF28F009FF984991000026D92228F0092F2C6991000026D92228F045
:203AC000092038694B0F41F06CF7910000F6D9FF28F009FF984991000026D92228F0092FCC
:203AE0002C6991000026D92228F0092038694B0F41F06CFE910000F6D9FF28F009FF984948
:203B000091000026D92228F0092F2C6991000026D92228F0092038694B0F41F089FF14193A
:203B2000910000F6D9FF28F009FF984991000026D92228F0092F306991000026D92228F0C0
:203B4000092038694B0F41F089FF3019910000F6D9FF28F009FF984991000026D92228F015
:203B6000092F306991000026D92228F0092038694B0F41F089FF0C29910000F6D9FF28F021
:203B800009FF9C4991000026D92228F0092F346974FF910000F6D9FF28F009FF9C49910031
:203BA0000026D92228F0092F34696CF4910000F6D9FF28F009FF9C4991000026D92228F069
:203BC000092F34696CF891000046D94428F0B0446D00332A91000026D92228F0910000F691
:203BE000D9FF28F0C81F54FF892F0C5991000026D92228F0910000F6D9FF28F0C81F481FEF
:203C0000892F105991000026D92228F0910000F6D9FF28F0C81F482F892F14599100002608
:203C2000D92228F0910000F6D9FF28F0C81F483F892F1859910000C6D9CC28F0910000F6C8
:203C4000D9FF28F009FF0C59910000F6D9FF28F009F01059910000F6D9FF28F009F1145950
:203C6000910000F6D9FF28F009F218594B2141106B0F61417B00F0F3910000F6D9FF28F0B3
:203C800009F01059910000F6D9FF28F009F110596B1071FF910000F6D9FF28F009F0145920
:203CA000910000F6D9FF28F009F114596B10715F6D00681E3B10EEF29B5F26F44BF241F03B
:203CC00089CF1C69910000C6D9CC28F0910000F6D9FF28F009FF1059910000F6D9FF28F094
:203CE00009F018594B0F41F0910000F6D9FF28F009F00C59910000F6D9FF28F009F114591C
:203D00006B1071FF7B00000C4B0F41406D000D1E3B10EEF29B5F26F44BF241F089CF206930
:203D2000910000C6D9CC28F0910000F6D9FF28F009FF1059910000F6D9FF28F009F01459AA
:203D4000910000F6D9FF28F009F10C59910000F6D9FF28F009F218594B2141106B0F6141D1
:203D60007B00F0F3910000F6D9FF28F009F01459910000F6D9FF28F009F114596B1071FF3F
:203D8000910000F6D9FF28F009F01859910000F6D9FF28F009F118596B10715F6D00F21D99
:203DA0003B10EEF29B5F26F44BF241F089CF246991000026D92228F0910000F6D9FF28F030
:203DC000C81F484F892F1C5991000026D92228F0910000F6D9FF28F0C81F485F892F205938
:203DE000910000F6D9FF28F0DA0089FF2459910000F6D9FF28F009FF2469910000F6D9FF02
:203E000028F009F012796B0031FF7B4033044B0F01F0370F61F16E0F910000F6D9FF28F0A2
:203E200091000026D92228F0092F9078C2FF89FF90783C23910000F6D9FF28F009FF2469BC
:203E4000910000F6D9FF28F009F012796B0031FF7B40330C4B0F01F0370F61F06E0E9100E3
:203E600000F6D9FF28F091000026D92228F0092F9078C21F89FF9078910000F6D9FF28F06A
:203E800091000026D92228F0092F90784B0F41F17B403B0491000026D92228F00921246911
:203EA0006B0F61F189FF2869910000F6D9FF28F091000026D92228F0092F246989FF127904
:203EC00000902010404C49C4381A49C5002A6D00952C89C2083809CFF81889CFA82809CF5E
:203EE000DA1889CFAA2849C4381A49C5181A49C6282A6D00372C89C2083809CFE82889CF0B
:203F0000B02809CFC22889CFB22849C4282A49C5002A49C6302A6D00252C89C2083809CFB4
:203F2000D02889CFA02809CFD22889CFA22849C4302A49C5102A49C6202A6D00812A89C20A
:203F4000083849C4202A49C5302A6D00972A89C2083809C2AC39542F74AF09CFAC39481F2F
:203F6000780109CFAC39482F780209CFAC39483F780309CFF81889CFB828DA0189CFBA2826
:203F800009CFAC49580109A00C094B0F410054A158026BF171F07B0000044B0F41F074FF19
:203FA00009CFAC4954A009A1040909A2080958034BF241F06B1061FF7B0000044B0F41F01F
:203FC0006CF109CFAC4909A00C0909A10C0954AF54A24B2F412009A3040958016BF3712263
:203FE00009A3080958026BF371F26B1061FF6CF282033C34534320F009CFAC4910FF54FFE6
:20400000B70F81FF4B0F31013B0040F0A20FB70F1406912000F8D9FF70F209FF0208325F4C
:204020000FF00010C812538120F0102254224B006101C81F538120F010FF481F6B02610F40
:204040003C013C013C01534320F0910000F6D9FF28F010FF89F00069C213BF33CDFF09CF30
:20406000C81889CF8038DA0189CF823849C4081A49C5382A49C6003A6D00A82B89C20838B0
:2040800009CFC03889CFA828DA0189CFAA2849C4302A49C5003A49C6282A6D00632B89C2CD
:2040A0000838DA0189CFB82809CFC03889CFBA2849C4003A49C5382A6D00A02B89C2083829
:2040C00049C4382A49C5282A910000F6D9FF28F049F63C6A6D00462B89C20838910000F6C5
:2040E000D9FF28F009FF0479910000F6D9FF28F009F008797B00F0134B1041004B0F01F0F5
:20410000370F61F06E08910000F6D9FF28F0DA0189FF3848910000F6D9FF28F009FF04793C
:20412000910000F6D9FF28F009F008794B0F01F0370F61F16E66910000F6D9FF28F009FF58
:2041400078486E5F910000F6D9FF28F009FF79486E12910000F6D9FF28F091000026D922E9
:2041600028F009207C498B1080008B01A01089F07C493C08910000F6D9FF28F0D20089F09E
:204180007C49910000F6D9FF28F009F07C49FB2003200B0250F10B3100F20B31A0F2EE0CA3
:2041A000910000F6D9FF28F0DA0089FF3848DA0089CF2C083C2509C4A83909C5AC399100ED
:2041C00000F6D9FF102509F4C0080CCCE2F46D00332B09C4B83909C5BC39910000F6D9FFBE
:2041E000102509F0C0080CCCE2F00CCC73F00A406D00222BDA0189CF2C081D003D013C548E
:20420000910000F6D9FF28F009FF0479910000F6D9FF28F009F00879BBD0CC1C9BC1DC13F3
:204220004B1041004B0F01F0370F61F16E2B910000F6D9FF28F009FF78486E24910000F60E
:20424000D9FF28F091000026D92228F0092F087991000026D92228F0092004796B0031FFE0
:2042600091000026D92228F0092008793B6066169B61F6134B1041004B0F51F089FF18696E
:204280003C09910000F6D9FF28F07B00F8F389FF1869910000F6D9FF28F0D20089F07C496C
:2042A000DA0089CF2C0809CFD81889CFA82809CFC22889CFAA2849C4181A49C5002A49C636
:2042C000282A6D004F2A89C2083849C4282A49C5302A49C6182A6D00452A89C2083882001A
:2042E0003C18534020F009CF9C4910FF534020F009C29C491022542F91000026D92228F029
:20430000092118694B1F41F074FFC2103700680009CFD82809C1DA28E21F3FF0E47F82407A
:204320003C2B82013C26DA0303F00AF1534F20F009CF9C4910FFDA0303F00AF1534F20F06B
:2043400009C29C49102254229AC0534F20F091000026D92228F01022092F0069BB40983F8A
:204360009B23F2334B3F41F04BF241F074FFC211BF31DBFFC210BF60D6FF09CFD82889CF2B
:20438000B828DA0189CFBA2849C4182A49C5003A49C6382A6D00E62989C20838910000F692
:2043A000D9FF28F009FF78486E5882423C54534220F009CFBC2910FF54FF910000F6D9FF08
:2043C00028F009F03869BBA0701D9B31C2134B1041004B0F01F0370F61F16E13534220F0FD
:2043E00009CFBC2910FF91000026D92228F0092F3869BBA0700D9B30C2034B0F41F074FFE8
:20440000534220F009CFBC2910FF54FF910000F6D9FF28F009F03869BBA0701D9B31C21B36
:204420004B1041004B0F01F0370F61F06E13534220F009CFBC2910FF91000026D92228F042
:20444000092F3869BBA0700D9B30C20B4B0F41F074FFC212BF62ADFF09CFBC29DA006CF37E
:2044600049C4380A49C5382A49C6300A6D00E82789C208380090F445DA006C410C489601F2
:204480002C480C4896022C480C48B70F01F12C480C48B70F81F12C480C48B70F01F22C4847
:2044A0000C4896202C480940C808DA0837F006F3AC440C49B70F01F22C49DA00894F0E0927
:2044C000DA00894F1209DA00894F0A090C49B70F81F22C490C49B70F01F32C49094F58080B
:2044E000B70F01F0894F1808094F5808B70F81F0894F1808094F5808B70F01F1894F1808BE
:20450000094F5808B70F81F1894F18080090DA00344FDA00AC41DA00AC42DA00AC43DA0094
:204520002C48DA00AC45A00FEC43DA006C4400903B8038416D009B38910000F6D9FF28F059
:2045400009FF1C697B0012044B0F01F0370F61F06E26910000F6D9FF28F009FF1C697B0048
:20456000120C4B0F01F0370F61F16E19910000F6D9FF407014FFEE12910000F6D9FF44707E
:20458000DA00534F20F010FFD4F46D007C38910000F6D9FF4070DA0134FF3C1C910000F69B
:2045A000D9FF407014FF6E16910000F6D9FF407014FF534F20F0910000F6D9FF447010FFE6
:2045C000D4F46D006038910000F6D9FF4070DA0034FF0090910000F6D9FF40D001F400F608
:2045E00014FF910000F6D9FF4C7010FF91000026D9224C7010221420C21034F0910000F62D
:20460000D9FF4C7010FF14F053402000538F22F0910000F6D9FF587010FF01F000F6D4F467
:204620006D0031380090910000F6D9FF5CD014FF6E39910000F6D9FF64D054FF7B00120458
:204640004B0F01F0370F61F06E2D910000F6D9FF046054FF910000F6D9FF4CD054F04B0FAE
:2046600001F0370F61F16E063BE003406D0005383C19910000F6D9FF046054FF910000F643
:20468000D9FF4CD054F06700BF0F4B0F01F0AE063BE005406D00F1373C053BC003406D00CD
:2046A000EC3700902010910000F6D9FFE49014FF6E48910000F6D9FF54D014FFEE1A3B4062
:2046C00006406D000D4A910000F6D9FF54D091000026D92254D0142FC21F34FF3B803841EC
:2046E0006D00C537910000F6D9FFE490DA0034FF910000F6D9FFE49014FF6E23910000F673
:20470000D9FFA02291000026D922A022092F481889FF091891000026D9223050910000F691
:20472000D9FF8C22882F342F6DFFDCA7910000F6D9FFE490DA0034FF6D00B6006DFF75FF07
:204740003B3014406D00504FDF0224003B1014406D004A4FDF021E00910000F6D9FF5CD05A
:2047600014FFEE176D00153A910000F6D9FF5CD0DA0134FF910000F6D9FF6CD0DA0034FF24
:20478000910000F6D9FF58D0DA0034FF1D008B00910000F6D9FF5CD014FFDF0F84806DFFE1
:2047A000C9FE910000F6D9FF6CD0DA0034FF910000F6D9FF58D0DA0034FF910000F6D9FF97
:2047C0005CD0DA0034FF3B3014406D000D4FDF025800910000F6D9FF6CD0DA0134FF3B708B
:2047E0002A406D00014FF627910000F6D9FF60D0DA0034FF3B8028406D00F64EF627910057
:2048000000F6D9FF60D0DA0134FF910000F6D9FF60D014FF6E20DA50B4AFDA3CACA2DA0190
:204820002CA88204820591000046D944D8033B0005603BC003706D00AE3F6D00C31D6D00A6
:20484000EC1D6D008A1D6D00D61D6D00101E6D00FA1D3C13DABCB4AFDA50ACA2DA002CA84E
:204860008204820591000046D9443C553BC00B603B0005706D008F3F6D000D1E3C133B1023
:2048800014406D00B14E7628910000F6D9FF58D0DA0134FF3C07910000F6D9FF58D0DA0081
:2048A00034FF0090910000F6D9FFA02209FF4918910000F6D9FFA02209F048185F0F34008F
:2048C000910000F6D9FF5CD014FFDF1F2D80910000F6D9FFA02209FF48189E2D910000F6B4
:2048E000D9FFA02209FF4818BF3F1E80910000F6D9FFA02209FF4818FF8F1680910000F6E6
:20490000D9FF68D054FF7B0012044B0F01F0370F61F06E09910000F6D9FFA02209F44818CC
:204920006DFF5AFE0090404C405D0B451088821A82046D004C463BD03E406D00F248910030
:204940000056D955C4F48204820540D46D000F013BD03E406D00E54891000056D955C4F48D
:204960008204820540D46D0002013B80B5416D00D84891000056D955C4F482043BB00350D7
:204980003BC0016040D46D0022013B4006406D00C84891000056D955C4F48204823540D4BB
:2049A0006D00E5003BD03E406D00BB4882146D000E463B4006406D00B44891000056D95516
:2049C000C4F482043B0008503B20BD6340D46D00FE003B4006406D00A44891000056D955DD
:2049E000C4F482043B30085040D440C66D000F013B4006406D00954891000056D955C4F447
:204A000082043B300A5049C6001A40D46D00EF003B4006406D00854882046D00D8453B402C
:204A200006406D007E4891000056D955C4F48204820540D46D009B00DACD7FF905803BD058
:204A40000C403C0202946D006C4891000056D955C4F48204820540D46D008900DACD7FF912
:204A600005803BD00C403C0202946D005A4891000056D955C4F43B20085040D402846D00F0
:204A8000860091000056D955C4F4820540D402846D006D0002946D004448820B3C329100AD
:204AA0000056D955C4F4538B20F08B3F08F0370F685040D402846D007A00022F02946D0057
:204AC0003048EE1C82003C16532020F0910000F6D9FFC4F410FF09F1D008DA0803FB0AF02B
:204AE000532F20F010CF09FFC0083E13820A3C05C210DA083FF0EA7F3C03820A3C04C21B23
:204B0000BF5BCF7F02A23C010090404F405C40F440C56D002F0A3B4001406D00024840F40B
:204B200040C56D00BB083C010090404F405C40F440C56D000A0A3B4001406D00F24740F4F8
:204B400040C56D00A7083C010090404F405C40F440C56D00370A3B4001406D00E24740F4CF
:204B600040C56D00BD083C010090404F405C40F440C56D001F0B3B4001406D00D24740F4C0
:204B800040C56D00CF083C010090404F405C40F440C56D00260B3B2003406D00C24740F4B5
:204BA00040C56D00E1083C010090404F405C40F440C56D002D0B3BE00B406D00B24740F4C4
:204BC00040C56D0004093C010090404F405C40F440C56D00340B3B4001406D00A24740F433
:204BE00040C56D003C093C010090404F405C40F440C56D003E0B3B4001406D00924740F4E1
:204C000040C56D004E093C010090404F405C40F440C56D00540B3B4001406D00824740F4A8
:204C200040C56D0060093C01009091000056D955C4F46D007A093C01009082020CAA1E13D7
:204C40000CAADE3A0CA76E038F4240210CA46E038F8240210CA36E038F0241210CA16E036C
:204C60008F0242210CA26E038F02442114AF6E038F0248213C038F2240213C0100902010AF
:204C8000404F024F91000056D955C4F4820540F402F46DFF6CFF3B2003406D0042479100BA
:204CA0000056D955C4F4820540F402F46DFF5FFF3B8038416D00354791000056D955C4F453
:204CC00040F402F46DFF43FF3B2003406D00294791000056D955C4F440F402F46DFF27FFF8
:204CE0003BA00F406D001D4791000056D955C4F440F402F46DFF1BFF022F3B2003406D0000
:204D00001047EE10910000F6D9FFC4F449FF300A49A2000AA02444FF642FFC4E6DFF8FFFD2
:204D20003C0282123C010090912000F8D9FF44BDEC48912000F8D9FF629DEC49912000F8C0
:204D4000D9FF7C6DEC4A6D00A207009020104046910000F6D9FFC4F4405440F56DFFD7FEDF
:204D6000DF021180910000F6D9FFC4F449FF101A49A2000AA02444FF642FFC4E6DFF5FFF95
:204D80003C0282123C010090404F40F4B02440F5B0456D00300049F5080A40F46D00C7015D
:204DA0000090404FDA55345FDA002C52DA002C53DA002C54DA002C5514FF2C5614F46D00A2
:204DC000D70134F20090F64382023C123B0071F27E443BF00F203C0C7BF00FF03B00710220
:204DE0004B0F1102E2048F041FF08FFF0F213C0100908250144F8FFF011182020C52866F87
:204E00008F0F0C310C51863F1638A6F3145F1607A6F3A6328FF101F1C6F0912000F8D9FF04
:204E2000271301F000F614FF912000F8D9FF076310FF14FFC62F912000F8D9FF072310FF82
:204E400014FF2C41009082518202820314400C41861FA6F00C42862FA6F00C43863FA6F047
:204E60000C44864FA6F00C45865FA6F00C46866FA6F00C47867FA6F0A60237026800145231
:204E80000C51861FA6F20C52863FA6F2A62337036820C601912000F8D9FF072301F100F6D8
:204EA00014FF912000F8D9FF076310FF14F08FF201F1C6F0912000F8D9FF271301F000F616
:204EC00014F00C537E0382123C0282023C010090DAFF82003C17014000F614F1C61F820179
:204EE0003C0C2E77861F370F68F08FDF81F13C04861F370F68F0C211BF81F5FFC21037000F
:204F000068003F40EAFF8FFF8F213C010090DAFFC65F82003C0C2E77861F370F68F08FDF98
:204F200081F13C04861F370F68F0C210BF80F5FF82003C17014000F614F1C61F82013C0CB6
:204F40002E77861F370F68F08FDF81F13C04861F370F68F0C211BF81F5FFC210370068008E
:204F60003F40EAFF8FFF8F213C010090404F40F4B02440F5B0456DFF3EFF49F51C0A40F4BC
:204F80006D00D5000090404C405F02488209DA1F3F8F26808219DA5534FF2828DA002CF38C
:204FA000DA012CF4DA002CF514CF2CF6DA0089FF3E08DA0089FF3F0814C46D00D90034C291
:204FC000768E01C80026142F89FF3F0801C800F601C8002614246D00CB0034F202923C01B7
:204FE0000090404F40F4B02440F5B0456DFF03FF49F51C0A40F46D009A00088F89FF1F080D
:20500000089F89FF200808AF89FF210808BF89FF220808CF89FF230808DF89FF240808EF3C
:2050200089FF250808FF89FF260809FF500889FF270809FF510889FF280809FF520889FFE4
:20504000290809FF530889FF2A0809FF540889FF2B0809FF550889FF2C0809FF560889FFD4
:205060002D0809FF570889FF2E0849F41F0A3B0001406DFF2FFF89F2180809FF580889FFCF
:205080002F080090404C405F02488209DA1F3F8F26808219DA5534FF2828DA002CF3DA01BB
:2050A0002CF4DA042CF514CF2CF6DA0089FF3E08DA0089FF3F0814C46D005A0034C2768EE2
:2050C00001C80026142F89FF3F0801C800F601C8002614246D004C0034F202923C010090A9
:2050E000404C405F082FEE0382323C1F49F4300A49F5380A6DFFA9FEF62382423C1648E8E5
:205100003708680409FF7F083E0E082F10CC370868446D002D0034C2370868F489FF3F0811
:2051200082523C0382023C010090144F345FDA002C5182000C43865F8F0F0E110C42161FC8
:20514000A6F1A61089500108DA002C5282000C46866F8F0F0C110C45863F1638A6F10C44F9
:205160001607A6F1A6108950020800908202DA003E48DA013E48DA023E48DA033E483C0903
:2051800082123C0882223C0682323C0482023C023C013C010090404F40F4B02440F5B045D0
:2051A0006DFF29FE49F5041A40F46DFFC0FFDA0089FF0718DA0089FF0818DA0089FF09181B
:2051C000DA0089FF0A18DA0089FF0B18DA0089FF0C18DA0089FF0E1809F1471809FF5708F8
:2051E000867F8F0F080109FF5608866F1640A6F009FF5508865F1620A6F009FF5408864F6D
:205200001610A6F009FF5308863F1608A6F009FF5208862F1604A6F009FF5108861F160211
:20522000A6F009FF50081601A6F0A60189F1071809F1481808FF867F8F0F080108EF866F92
:205240001640A6F008DF865F1620A6F008CF864F1610A6F008BF863F1608A6F008AF862FB6
:205260001604A6F0089F861F1602A6F0088F1601A6F0A60189F1081809F1491809FF67082D
:20528000867F8F0F080109FF6608866F1640A6F009FF6508865F1620A6F009FF6408864F9C
:2052A0001610A6F009FF6308863F1608A6F009FF6208862F1604A6F009FF6108861F160241
:2052C000A6F009FF60081601A6F0A60189F1091809F14A1809FF5F08867F8F0F080109FF5A
:2052E0005E08866F1640A6F009FF5D08865F1620A6F009FF5C08864F1610A6F009FF5B08E1
:20530000863F1608A6F009FF5A08862F1604A6F009FF5908861F1602A6F009FF580816010A
:20532000A6F0A60189F10A1809F14B1809FF7708867F8F0F080109FF7608866F1640A6F09D
:2053400009FF7508865F1620A6F009FF7408864F1610A6F009FF7308863F1608A6F009FFFE
:205360007208862F1604A6F009FF7108861F1602A6F009FF70081601A6F0A60189F10B1809
:2053800009F14C1809FF6F08867F8F0F080109FF6E08866F1640A6F009FF6D08865F16208D
:2053A000A6F009FF6C08864F1610A6F009FF6B08863F1608A6F009FF6A08862F1604A6F077
:2053C00009FF6908861F1602A6F009FF68081601A6F0A60189F10C18DA0089FF0D1809F116
:2053E0004E1809FF7F08867F8F0F080109FF7E08866F1640A6F009FF7D08865F1620A6F05F
:2054000009FF7C08864F1610A6F009FF7B08863F1608A6F009FF7A08862F1604A6F009FF74
:205420007908861F1602A6F009FF78081601A6F0A60189F10E1849F4071A3B8000406DFF57
:2054400049FD89F2001809FF401889FF0F180090404C405F02488209DA1F3F8F26808219CC
:20546000DA5534FF2828DA002CF3DA032CF4DA032CF514CF2CF6DA0089FF1E18DA0089FF87
:205480001F1814C46DFF74FE34C2768E01C80026142F89FF1F1801C800F601C8002614244E
:2054A0006DFF66FE34F202923C010090404C405F082FEE0382323C2049F4101A49F5181A5B
:2054C0006DFFC3FCF62382423C1709F81819370868F409F05F183E0E082F10CC37086844EA
:2054E0006DFF46FE34C2370868F489FF1F1882523C0382023C010090DA00344F82003C0627
:20550000014000F6DA002CF1C210DA1F3FF0FAFF0090404F40F4B02440F5B0456DFF6BFC46
:2055200049F50C0A40F46DFF02FE088F2CFFDA0089FF100849F40F0A82246DFFCBFC289252
:20554000089F89FF11080090404C405F02488209DA1F3F8F26808219DA5534FF2828DA00DF
:205560002CF3DA062CF4DA012CF514CF2CF6DA0089FF2208DA0089FF230814C46DFFF8FDB9
:2055800034C2768E01C80026142F89FF230801C800F601C8002614246DFFEAFD34F2029239
:2055A0003C010090404C405F082FEE0382323C1F49F4140A49F51C0A6DFF47FCF623824271
:2055C0003C1648783708680409FF63083E0E082F10CC370868446DFFCBFD34C2370868F48C
:2055E00089FF230882523C0382023C010090404F40F4B02440F5B0456DFFFDFB49F50C0A1B
:2056000040F46DFF94FD088F2CFF0090404C405F02488209DA1F3F8F26808219DA5534FF9D
:205620002828DA002CF3DA052CF4DA012CF514CF2CF6DA0089FF2508DA0089FF260814C42A
:205640006DFF96FD34C2768E01C80026142F89FF260801C800F601C8002614246DFF88FD92
:2056600034F202923C010090404C405F082FEE0382323C2B49F4200A822408F56DFF49FC7A
:20568000022849F4140A49F51C0A6DFFDEFBF62382423C1B48793709680409FF66083E0E79
:2056A000082F10CC370968446DFF62FD34C2370968F489FF260882523C0809FF52083E839D
:2056C00082623C0382023C010090404C405F02488209DA1F3F8F26808219DA5534FF28289C
:2056E000DA002CF3DA052CF4DA042CF514CF2CF6DA0089FF0318DA0089FF041814C46DFF6F
:2057000037FD34C2768E01C80026142F89FF041801C800F601C8002614246DFF29FD34F2E7
:2057200002923C010090404C405F082FEE0382323C2C49F4300A3B00014008F56DFFE9FB59
:20574000022849F4240A49F52C0A6DFF7EFBF62382423C1B48B93709680409FF44183E0ECA
:20576000082F10CC370968446DFF02FD34C2370968F489FF041882523C0809FF60083E8340
:2057800082623C0382023C010090DA0F3F4F0D00DA003FF40A005AF4912000F8D9FFB8F281
:2057A00090FFD4FFDC0F1D008B008FF50FF12C488FF50FF1894F1F081D0083008FF50FF155
:2057C0002C498FF50FF1894F20083C7A8FF50FF12C4A8FF50FF1894F21083C728FF50FF169
:2057E0002C4B8FF50FF1894F22083C6A8FF50FF12C4C8FF50FF1894F23083C628FF50FF161
:205800002C4D8FF50FF1894F24083C5A8FF50FF12C4E8FF50FF1894F25083C528FF50FF158
:205820002C4F8FF50FF1894F26083C4A8FF50FF1894F10088FF50FF1894F27083C418FF5DD
:205840000FF1894F11088FF50FF1894F28083C388FF50FF1894F12088FF50FF1894F290854
:205860003C2F8FF50FF1894F13088FF50FF1894F2A083C268FF50FF1894F14088FF50FF15A
:20588000894F2B083C1D8FF50FF1894F15088FF50FF1894F2C083C148FF50FF1894F1608D1
:2058A0008FF50FF1894F2D083C0B8FF50FF1894F17088FF50FF1894F2E083C023C010090F8
:2058C000404F40F4B02440F5B0456DFF94FA49F5100A40F46DFF2BFC088F89FF130809FFAC
:2058E000CA08BB00F00F260F868F89FF140809FFCA0816FF89FF150849F4130A82346DFF1E
:20590000E9FA28C208CF89FF16080090404C405F02488209DA1F3F8F26808219DA5534FF43
:205920002828DA002CF3DA042CF4DA012CF514CF2CF6DA0089FF2608DA0089FF270814C426
:205940006DFF16FC34C2768E01C80026142F89FF270801C800F601C8002614246DFF08FC90
:2059600034F202923C010090404C405F082FEE0382323C1F49F4180A49F5200A6DFF65FAAC
:20598000F62382423C1648883708680409FF67083E0E082F10CC370868446DFFE9FB34C256
:2059A000370868F489FF270882523C0382023C010090404F40F4B02440F5B0456DFF1BFAEF
:2059C00049F51C0A40F46DFFB2FB088F89FF1F0882003C1B532020F010F2532020F010F4EB
:2059E000094FCA08BB00F01F261F868F892F2008532020F010F2532020F010F4094FCA0843
:205A000016FF892F2108C210BF80E6FF49F41F0A3B1001406DFF5EFA89F21A0809FF5A08DD
:205A200089FF30080090404C405F02488209DA1F3F8F26808219DA5534FF2828DA002CF363
:205A4000DA042CF4DA042CF514CF2CF6DA0089FF0218DA0089FF031814C46DFF89FB34C28D
:205A6000768E01C80026142F89FF031801C800F601C8002614246DFF7BFB34F202923C018E
:205A80000090404C405F082FEE0382323C1F49F4340A49F53C0A6DFFD8F9F62382423C16A9
:205AA00048F83708680409FF43183E0E082F10CC370868446DFF5CFB34C2370868F489FF72
:205AC000031882523C0382023C010090404F40F4B02440F5B0456DFF8EF949F50C1A40F4FB
:205AE0006DFF25FB088F89FF0F1882003C1B532020F010F2532020F010F4094FCA08BB000A
:205B0000F01F261F868F892F1018532020F010F2532020F010F4094FCA0816FF892F111810
:205B2000C210DA203FF0E5FF49F40F1A3B1004406DFFD0F989F20A1809FF4A1889FF102895
:205B40000090404C405F02488209DA1F3F8F26808219DA5534FF2828DA002CF3DA042CF404
:205B6000DA072CF514CF2CF6DA0089FF2228DA0089FF232814C46DFFFBFA34C2768E01C8C9
:205B80000026142F89FF232801C800F601C8002614246DFFEDFA34F202923C010090404C7D
:205BA000405F082FEE0382323C2049F4142A49F51C2A6DFF4AF9F62382423C1709F81C29EA
:205BC000370868F409F063283E0E082F10CC370868446DFFCDFA34C2370868F489FF2328C5
:205BE00082523C0382023C0100908F1400F16E03DA013C02DA00344F8F2400F16E03DA01D6
:205C00003C02DA002C418F4400F16E03DA013C02DA002C428F8400F16E03DA013C02DA0001
:205C20002C438F0401F16E03DA013C02DA002C448F0402F16E03DA013C02DA002C458F04AE
:205C400004F16E03DA013C02DA002C468F0408F16E03DA013C02DA002C478F1500F16E0310
:205C6000DA013C02DA002C488F6500F186FF2C498F8501F186DF2C4A8F050EF186BF2C4BAE
:205C80008F050EF186BF2C4B00906DFF37FC00906D0004003C010090404F405C0CC2EE06CB
:205CA000DA03C8AF2D0F00003C17C89249C43C0A82242D020000762F49C4300A09C47C0842
:205CC00009C57D086DFF93FF40F440C56DFF0AFA022F3C02DA0202F23C010090404F405C93
:205CE0000CC2EE06DA03C8AF2D0F00003C17C89249C41C1A82242D020000762F49C4101AB1
:205D000009C45C1809C55D186DFF71FF40F440C56DFFCEFB022F3C02DA0202F23C010090A9
:205D2000404F405C0CC2EE06DA03C8AF2D0F00003C17C89249C4200A82242D020000762F88
:205D400049C4140A09C4600809C561086DFF4FFF40F440C56DFF28FC022F3C02DA0202F2EA
:205D60003C010090404C405F082FEE06DA03CCCA2D0F00003C2809C2A40949F4200A825438
:205D80002D020000DF021F0049F4140A09F4630809F564086DFF2BFF09FF6108ACF809FFF4
:205DA000D00809F060088F802000A60FACF809FF620889FF120840C440F56DFF57FC022FE5
:205DC0003C02DA0202F23C010090404C405D0CD2EE06DA03CCCA2D0F00003C3D09C2A4094D
:205DE00049D4300A3B3001402D020000DF02330049D4240A09D4411809D542186DFFF7FE43
:205E000082013C1C532120F010DF532120F010D2092F7108ACF8532120F010DF532120F082
:205E200010D20920D008532120F010D2092F70088F8F20F0A6F0A880C211BF81E5FF09DF9E
:205E4000401889DF200840C440D56DFF6EFC022F3C02DA0202F23C010090404F405C0CC266
:205E6000EE06DA03C8AF2D0F00003C17C89249C4240A82242D020000762F49C4180A09C440
:205E8000640809C565086DFFB2FE40F440C56DFF6DFD022F3C02DA0202F23C010090404F95
:205EA000405C0CC2EE06DA03C8AF2D0F00003C17C89249C4001A82242D020000762F49C499
:205EC000340A09C4401809C541186DFF90FE40F440C56DFFD8FD022F3C02DA0202F23C0148
:205EE0000090404F405C0CC2EE06DA03C8AF2D0F00003C17C89249C4202A82242D020000BC
:205F0000762F49C4142A09C4602809C561286DFF6EFE40F440C56DFF44FE022F3C02DA02DB
:205F200002F23C010090404F405C40F440C56DFF3AF740C46DFF2AF7C88F49C4080A8234E2
:205F40002D0F00000090404F405C40F440C56DFF1CF8762C40C46DFF0BF8C88F49C41C0AF2
:205F600082342D0F000082123C0382023C010090404F405C406D40F440C56DFF85F8DF0230
:205F80001E0082083C0C09D4C0086DFF1EF740C40B8210486DFFFBFBB02DC218DA103FF8C8
:205FA000F4FF40C46DFF1FF8C88F49C41C0A3B4001402D0F000082123C0382023C010090C1
:205FC0002060DA0189AF3008DA0189AF3108DA0189AF3208DA0189AF3308DA0189AF3408C0
:205FE000DA0189AF3508DA0189AF3608DA0189AF3708DA0189AF3808DA0189AF3908DA012C
:2060000089AF3A08DA0189AF3B08DA0189AF3C08DA0189AF3D08DA0189AF3E08DA0189AF95
:206020003F08DA0189AF0018DA0189AF0118DA0189AF0218DA0189AF0318DA0189AF041838
:20604000DA0189AF0518DA0189AF0618DA0189AF0718DA0189AF0818DA0189AF0918DA016B
:2060600089AF0A18DA0189AF0B18DA0189AF0C18DA0189AF0D18DA0189AF0E18DA0189AFD5
:206080000F18DA0189AF1018DA0189AF1118DA0189AF1218DA0189AF1318DA0189AF1418A8
:2060A000DA0189AF1518DA0189AF1618DA0189AF1718DA0189AF1818DA0189AF1918DA01BB
:2060C00089AF1A18DA0189AF1B18DA0189AF1C18DA0189AF1D18DA0189AF1E18DA0189AF25
:2060E0001F18DA0137F6086CDA0137F70870DA0137F60860DA0137F70874DA0137F70878EE
:20610000DA0137F60864DA0137F60868DA0137F7087C49AF300A49A2000AA03644FF642F33
:20612000FC6E49AF001A49A2100AA03644FF642FFC6E49AF101A49A2200AA03644FF642FE5
:20614000FC6E6D0004003C010090404F405C0B67108840F440C56DFF7DF9022F6E2749A296
:20616000000A49C4080AA035442F644FFC5E49A2100A49C4180AA035442F644FFC5E49A22D
:20618000200A49C4280AA035442F644FFC5E89C8780940C46DFF01F8C88F49C4041A3BC089
:2061A00000402D0F000082123C0382023C010090404F405C025F40F440C56DFFC7F9762DAB
:2061C0002CC840C46DFFA7F9C88F49C40C0A82642D0F000082123C0382023C010090404F6C
:2061E000405C025F40F440C56DFF12FA762D2CC840C46DFFFEF9C88F49C40C0A82442D0F77
:20620000000082123C0382023C010090404F405C025F40F440C56DFF5AFA762D2CC840C43A
:206220006DFFE7F9C88F49C40C0A82442D0F000082123C0382023C010090404C405F025FE6
:20624000026840C440F56DFF63FB762F2CF8A85840F46DFF37FB09C2A00949F4100A827475
:206260002D02000082123C0382023C010090404C405E025F406D40C440E56DFFD6FBDF024C
:206280001B002CE882003C09532020F010EF09DFC008ACF5B02DC210BF80F8FF40E46DFFC0
:2062A0008AFBCCC849E41C0A3B5001402D0F000082123C0382023C010090404C405E025FBB
:2062C000406D40C440E56DFF3EFCDF021C002CE882003C09532020F010EF09DFC008ACF597
:2062E000B02DC210DA203FF0F7FF40E46DFFF0FBCCC849E40C1A3B5004402D0F00008212CF
:206300003C0382023C0100908F841EF08F0F0801B70408FC3704E81BB71F812BDA7F7FF1DD
:20632000048082020090DA967F1F048082023C068B6109F1325F0FF20020370248207604BA
:206340003252370248200090B70408FC3704E80BB71F811BDA7F3FF00580DA967F0F04809A
:20636000820200908B6009F1325F0FF10010370168200090B70408FC3704E80BB71F814BA4
:20638000DA7F7FF00480D2020090DA967FF0078082058B6009611DFF774E82058BA0166002
:2063A0001DFF734EB70408FC3704E80BB71F811BDA7F3FF00580DA967F0F048082020090FE
:2063C0008B6009F1325F0FF1001037017020009082088B0420F28B0500F5EE0D7B000800B1
:2063E0000282B700890B8F7201108F880120A610A6020090D2000B0450F10B1500F20B5106
:2064000090F2EE073B0008800B40C0400B51D05082029B02F02FBBF0FF3F9BF3FF3F0F2453
:2064200080000F358010BA008B0100F4EE4C3B7001900B451068BB00FF1F9BF1FF1F8F047A
:2064400000012651BA008B0100F4EE2182019BF1FF1F8F0400012651BA008B0100F4EE0912
:206460008F751E107745804302153B0003903C0F8F351F107745804902153B4002903C075C
:206480008FF51F107745804F0215C2190F2480000F3580108B0020F28B0100F5EEF2024AFB
:2064A0000B6710C8D2148B891E606DFFEE4D0F2C80000F3D8010BA008B0100F4EE2B3B004E
:2064C00008703C293B600920BB00000F9BF00F0026408F0500118B0020F28B0100F5EE0799
:2064E0003BA00820774500568FC4004082009B00080082013C05C2F27745805006140B04A2
:2065000030F10B1500F20B15A0F2EEF602401DFF6AFF82078BF29F008BF3BF1026C026D11C
:20652000BA008B0100F4EE038F0744710B8A10488BF907601D00C41A8B0420F28B0500F5EC
:20654000EE0A7B0008008203B700892B8F7301F0A6F2009082029B02F02FBBF0FF3F9BF3FE
:20656000FF3F0F2480000F358010BA008B0100F4EE4C3B7001800B451068BB00FF1F9BF189
:20658000FF1F8F0400012651BA008B0100F4EE2182019BF1FF1F8F0400012651BA008B010B
:2065A00000F4EE098F751E107745804302153B0003803C0F8F351F107745804902153B4015
:2065C00002803C078FF51F107745804F0215C2180F2480000F3580108B0020F28B0100F522
:2065E000EEF202490B6710A8D2148B881E606DFF4C4D0F2A80000F3B8010BA008B0100F4FD
:20660000EE2B3B0008703C293B600930BB00000F9BF00F0026408F0500118B0020F28B01DD
:2066200000F5EE073BA00830774500568FC4004082009B00080082013C05C2F3774580508E
:2066400006140B0430F10B1500F20B15A0F2EEF602401DFF7BFF82078BF29F008BF3BF107E
:2066600026A026B1BA008B0100F4EE038F0744718BF80760820402951D00221A3BD03CF16F
:206680009B4FEDF34BF401F02E031D00741A7B00F803BBA027F89BAF01F44BF401F02E2C6B
:2066A0003BB0FDF09B9FFCF34B4051406D00631A6B02312F00906B0031F46B0021044B0FFC
:2066C00051406D00581A3BB0FDF09B9FF4F36B0F2122009091200048D944E4C61D00020025
:2066E0008208404F8209820A820BC81CC82D483C09FF1001DF1F238080CF160180D08F1071
:206700000001FE046E04C2FC04DF24CF76CF8F3C00018FEC1FF06E0902F140D2C2F1601432
:20672000442164C1FC4E90DD020CDF0CE07FC2FC60C204DF24CFFC2E3CD9DE2580CF2E0348
:20674000C2FC24C9DF0CD37F8F3C00F106EC76C5C2FC60C264CAFC2F6EC9C2FF60F224CBF6
:20676000FC2F3CC48F0F1F00DF002E008F3F0001DF102B8080CF8F3F00D180DF1603FEDB7C
:2067800076DB02D440C440D56D000F0701CD00C601DD00D6A2DC76CF8F3C00018FEC1FF0D5
:2067A0006E0902F140D2C2F16014442164C1FC4E90DD020CDF0C9B7F02C440C440D56D0096
:2067C000F4063C9400901603DF2F91FF80CF16036E0702F440C46D00D10610CCA2FCDF0C28
:2067E000867F8F3C004106EC76C5C2FC60C264C8FC2FDF047C7F40C46D00C0061DFF77FF7D
:20680000205089A4380989A62C0989A73409DA01A00F820909AA1019780C89A9081989A9CF
:20682000280902A089A90019B70089FBF80678113700E8FB78080258404C029D405D8BFF32
:206840000FC27B00F8B376C658116E04029C09AD30095808BA0F7813F68A3B700600580B55
:206860003E043B7004007E0382183C23580D6F5F21803B100600580B3E043B100400FE098D
:206880005811EE0382083C1582788F3F000082013C06C2F88FC31F107723000E0B0110280F
:2068A000FBF0000026202631BA008B0100F4EEF2DA00780F02A46D0035087625DA2D780F5C
:2068C00067AABFAFEE0E580D8F8F0101DA087E03DA2B3C068B000102580FAB0FA2F0780F46
:2068E00009A00019AA1089A00019DF0D1600580B912000F8D9FF0F6310FF081F2E37912036
:2069000000F8D9FFD4F2F8063C1B912000F8D9FFD8F2F8063C15DF0C1D00580B912000F8DE
:20692000D9FF0F6310FF081F2E36912000F8D9FFDCF23C05912000F8D9FFE0F2F80658102A
:20694000BB90FF0F9239580D260F780D1D008C013B100600580B3E053B1004005F0F2780EF
:206960005808AB1F18FF780858109230F683580D2E22C210428058083BC0F91FC2207FF1A5
:2069800006003B4006103F1F0400DA033C0A3B60FF1F7FF106003BA000103F1F0400DA0283
:2069A000780C580C12091D005F01580849AF0A0A6E7549A4140A02A46D009B1709AC140966
:2069C000022A370CE8FB82006E55BBF028EC49AE130A7B0012D49B5ECFE33C3F49A20A0AC7
:2069E0007D2E0C8049AF120A49AE130AA07209F03FF489E03FF4FC2CBBD0CC0C58059BC01B
:206A0000DC0349A4140A4B0F41406D00721789A20609DF0914806B0E21F24BDB41B04BDF38
:206A200041406DFF73FC762A4BBC514049A4140A82196D005E1789A2060909AF06096B0EC0
:206A400021FF4BDF41406DFF61FC8B0203F089EF3FF4580AC21F780A5805370FE8FBEEBF7F
:206A60003C0304EF24FF49A2130A012E20F4EEFA3C154B0A01F06F2F12007B0012043C0674
:206A80004B0A41A0580AC2FF780A4B0A41F089AF06094BBF01F06F0FF5FF3B600610580BCD
:206AA000028082093E143B6004107E13580A12803B500610580B3E143B5004107E12C210EC
:206AC000CE03DA003C038B7000F310A2492E0A0A3C117B0012F449A4060A4BFA41406D00A3
:206AE0000817022A09A406096DFF10FC8B0203F024FF01FE20F4EE0649A2130A012F20F421
:206B0000EEE909EF000840EFC25F3C0A49AF0A0A01EF30F4EE0740EF09EF3FF4C21F34EF95
:206B20003C08DA3134EF49EF010A580AC21F780A09E00008DA393F0FEB7F89F93FF049A283
:206B40000A0A012F20F4EE0609F00008DA305F0FF67F3B500600580BBE013B5004003E0E6D
:206B60003B6006005F0F3C003B6004005F0F3800580A3FF80400FFDF330058103B500620BE
:206B800049AF0A0A9210580B09A10A083E243B5004207E2C761349AF0B0A14FFEE04580D6D
:206BA000AE227682C21042803C17028276158BF81F2049AF0B0A14FFEE03580D2E22C210BD
:206BC00082013C0814FFEE03580D2E23C210B01FC2113F21F97F8B4000903C453B6006006B
:206BE000580B3E043B6004007E0F09A02809FA10AB10A09F581042F9F684580D6F2F340092
:206C00001A8992193C300280580A49AF0A0A4EF4581092193C0D09A1280958101219021F9D
:206C200014F17612B01FABF01F00C2FFEEFA14FF6E02F604580D6F2F1700580AC219325F30
:206C40003C04C2FFC219C2F07607FF1FFC7F3C04C219B01FC2F0760314FFEEFB580D160400
:206C60002B09009F580F6E0D580D16036E0A61FFD44A09A43C0940C46D005304DA00780FD0
:206C8000D806BD0F1A803B100600580B3E043B100400FE02580D16036E0F54DFC22F61FFEC
:206CA000A94A6D003E04580B40C48B7F01406D003804DA017812580D6F0F1680580EA29F52
:206CC0003C0F61FFAA4A580D40C416028B0F20F2864F8B0F02406D002404580EC2FF780EF5
:206CE000FF1FF17F580F6E0861FF974A09A43C0940C46D001604D806BCFA40F440C56D0031
:206D00001F0454DFC23F74DF1D008A013B100600580B3E053B1004005F0F9F808F28200077
:206D200058138B7001018B1F03A1BF1022008201DA177FF00800821258110F021020262F2E
:206D40006E02821182F2C2F00F0200F0C6F2F6145811262F6E045811A62F78115811C21F06
:206D60007811EF7F0600DA0078113B2003A05812EE0D54DFC22F61FF3D4A6D00D203580BA0
:206D800040C48B7F01406D00CC0361FF464A02A440C46D00C603F683580D2E2561FF374A86
:206DA0006D00BF0358113B8001B054D08F1F00A0428074D03C183B000340DF0B1100C2CBFD
:206DC00002B032500F0A00F0160F8B0F0340DA397F4F0600580B8B6F1CF042F440C46D007D
:206DE000A003C2F8FF18E97F580B40C48BFF00406D0097035808CEF63BD00240325F7808FD
:206E00003C033BB0024040C46D008B03580C54D0C22F42F0580C820110AF34F13BA00010A6
:206E2000580CC2FF370F68F0780C10AF58084B1F01228B0303F034FF09A220094B12012257
:206E400089A26009DF02EEFF74D040A440C56D0077031D00E5003B50060049AF0A0ABE015E
:206E60003B5004003E0E3B6006005F0F78003B6004005F0F7400580A3FF80400FFDF6F0045
:206E800009A00A08580AAB1F20A076093B700610580B3E143B7004107E12C2F861FFBD49E7
:206EA00076063700684049AF0B0A3C033B00034040C46D00360314FFEE0B580DAE29768CB9
:206EC0003B500600580B3E043B5004007E0561FF9E496D002603820B3C1A09F00008F60AA9
:206EE000580DAE283B500610580B3E143B5004107E1D61FF9249760537006840B01F3C0324
:206F00003B00034040C46D000C03C21B3F8BE77F61FF8349580B40C48FDF0F416D000103A4
:206F2000C2FA54DFC21F0EA43BB002403C04325A3BD0024074DF40C46D00F30261FF5F49C8
:206F40008B00034040C46D00EC0261FF58498B01034040C46D00E5023C6209AA28094EA864
:206F600054DFC21F61FF46496D00DB023C1954D0C21074D014F47643B01F3C033B000340E8
:206F800040C46D00CE023B600600580B3E063B6004003E03ABF81F88C2FAFF1AEA7F3B6065
:206FA0000600580B3E063B6004003E0314FF6E02F684580D6F2F340061FF2F49580A3BE0BB
:206FC0000240325F3C0854D03B000340C21074D0C2FFC2F840C46D00A402768BFF1FF57FBD
:206FE0003C0861FF1A4904F440C46D009A02C2F8768314FFEEF73B600600580B3E0E3B60EF
:2070000004003E0B580D2E2B3C0854DFC21F61FFF1486D008602C2F8DF08F9FF580EA29F3F
:207020003C0A54D03B00024040C4C21074D06D007802C2FFFF1FF77F00902010404C405D2A
:2070400089A68C09DA00780209D40008DF045002DA257E4409D001047E08B01D49A5080A0C
:2070600040C46D0054023CF1820A0BAA108809DF01003BD002007E048F1A40A13CF93BB021
:2070800002007E07BBF0FE0F26A08F8040A13CF03B0002007E066F3AECFF8F0A41A13CE8DB
:2070A0003B0003007E048F2A40A13CE23B3002007E048F4A40A13CDC3BA00200FE03D803DE
:2070C000B04FF80309F83CF9CE848F1A40A1325809DF01003C0D13A820FF8B0F1D8009DFEF
:2070E00001008B0F1D0037006800BFA0F6FF3BE002005F0F23808F0A42A109DF01003BA077
:207100000200FE05D803B04FF80309F93CF9CE968F1A40F1BBF0FDAF26FA09DF01003C0D77
:2071200013A920FF8B0F1D9009DF01008B0F1D0037006800BFA0F6FF3BC006007E048F0A7E
:2071400048A13C1E3B8006007E048F0A44A13C183BC004007E048F0A50A13C123BA006009D
:207160007E04B71A81A43C0C3BA007007E04B71A01A53C063B400700FE01B71A81A53BC0BF
:2071800006003E043B8006007E0709D000087E04B71A01A6B01D09DF01003B3006005F0FF1
:2071A0002F808F1A00F1EE0E3C093B00024049A5080A40C46D00AB01C2F87F890400FF28BE
:2071C000F67FD80340C449A5080AB04FF80309F03CF9370048406D009A01DF0F377F3C0983
:2071E0003B00024049A5080A40C46D009001C2F87F892C7FFF28F67F1DFF28FF3B40060043
:20720000BE013B9006003E0E3BF006003E0B3B8007003E083B8005003E053B5007005F0F0D
:20722000598082023B4006003E043B9006007E0282123B0008010F0A80105F0104006F9AEF
:2072400005003B8000003C0282403B8000105F100980D80349FF080AF80309F078F93C15C0
:20726000D803B04FF80309F03CF90B0000080B0110483B0004010F0A80105F010D80762820
:20728000370448000B0000080B0110483C13370468403C0F3B0004005F010B807626370476
:2072A00050000B0000483C06370470403C02F62282056F5A0600BBD0FF0F260A3C028219B0
:2072C0000BFA106889A440090B8910481D00CB003B300700FE066F5A0680BBF0FF9F9BF945
:2072E000FF97D8030BA8104840C5029649A6080AB04FF80309F4BCF96D00CC021DFFA6FECD
:207300003B600600BE063B600400BE033B500600BE003B5004003E0D3B7006003E0A3B70DB
:2073200004003E073B1006003E043B1004007E0DD8038F0A0211AB698091B04FF80302F6F9
:2073400009F03CF974A03C2C3B200700FE086F6A0800D803B04FF80309F03CFA3C06D80319
:20736000B04FF80309F03CF98F0A02F1EA69DA004BF051F174AF3B6006603C123B200500DD
:20738000FE09D8038F0A02F1EA6949FF080AF80309F478F96DFF5A463B60066074A20B89B2
:2073A000104849A5080A02A740C46DFF2BFA1DFF4DFE3B0007005F0F5D806F8A45006F0A8C
:2073C0000E80DA113C093B00024049A5080A40C46D009D00C2F83F8FF8FFD803A03E49FFE4
:2073E000080A09FF3FF449A5080A370F684040C46D002101FCE73BA0034049A5080A40C4BA
:207400006D008500D803A03E49FF040A09FF3FF449A5080A370F684040C46D000C01FCE7E1
:20742000DA113C093B00024049A5080A40C46D006E00C2F83F8FF8FFD80349FF080AF80311
:207440001DFF04FED8033B8000400245B04FF8038F2A407109F03CF9820189A040093B80AF
:20746000076049A5080A40C46D0000011DFFEEFD3BE006005F0F37803B0008010F0A80F019
:207480003E036F9A0E00D803B04FF80309FFBCF909A00809820189F040091DFFD7FD3B00D8
:2074A0000401260ADA407EAAD803B04FF80309FFBCF95802B4FF1DFFC9FD5F0A0B80D80305
:2074C000B04FF80309FFBCF9580234FF1DFFBEFDD803B04FF80309FFBCF9580274FF1DFF16
:2074E000B5FD910000F6DA1959FF002509A208090090910000F6DA1759FF00253B00044023
:207500006D000C007B00FC27009037046840545FC21F745F1D000500BA0492F20090D44F63
:20752000BCF440F41D004316CC414C4280F07FF0068034F4CC41B01FEC410090404F405C05
:207540003C06370F684040C46DFFEBFF09FF0100EEF900903704E82BB704894B8BF20F2296
:207560008B04002400903704E82BB704894B8BF20F228B04202400903BF00F00804F1603B8
:20758000063F0FF0100082FFC6F0C2F4604F804FB70F02F060F2B014542F260F742F77008C
:2075A0000004FCF60090804F16033BF00F008F3F00100F10100082F1C610C2F4604F8041A7
:2075C000B7010220095101008F3F0030B0140F3110106022C21F542216032602A6127422EC
:2075E00077000004FDF0ED7F0090404F0B4510A849FD160A026840FCDA0034DF8207028686
:207600000BAB10486DFF664523820A0A0B2310A88BA060F2CA708B0003F089DF3FF48B0249
:2076200020F28B0300F5EEEB04DF24FFEEFE40C200900248404F8FC83F40405CDA090B4FD0
:207640002001DA37AB0F83F042F46DFF60FF8FF8000140F4DA0940C50B0F2011DA37AB0F10
:20766000834142041DFF53FF026E2020DA58404F0B4510A8405C027909AC600982085FEF0C
:207680007300DA643EEDDA693EEBDA6F5FEF6C00DA75BEE4DA785FEF67001D00ED00D200CB
:2076A0000B0C50F10B1D00F20BD190F2EE073BD002800BC0C0C00BD1D0D00BCD104840A49D
:2076C0003BA000606DFF93FFF6B6BA0C8B0D00F4DF0FDF8040A46D004612370268C0DF0835
:2076E0001180DA753EE88F890101DA087E043BB002803C078F8901F18B0F01F2AB08A28FDB
:20770000768CABFA1FAA8F3900F16E0740F4028440C56DFFFCFE82086F0914808F2900F167
:207720008B0F20F2864F8B0F02F03C0740F402F440C56DFFECFEC2FA7FAB04003FACF87F28
:20774000768E40F4028440C56DFFE1FE3C08C2FB61FF3F456DFFDBFEABFA1FAA3FBCF97F10
:207760001D008A008BFE268240A48F3820F08B8F00600BCD10486DFF3AFFDA78FEE314AF31
:2077800040A26E10092000088BF01BF0370F6810DA193F1F05808B0002F0342F092F010421
:2077A000EEF240A46D00DF11370268F078068B0C20F28B0D00F5EE0AF6B6DF086A806F2956
:2077C0006800821BBBB0FFFF26F96F291B006F191300768E61FFFD446DFF99FEABFA1FAAB8
:2077E00040F402E440C56DFF92FEABFA1FAABBB0FFFF26F9DA6F7EE558063FBF0300921BC0
:207800006F29090076875806C22BC22F370F68F078066F0915808F2900F18B0F20F2864F3B
:207820008B0F02C03C0740F402C440C56DFF6FFEC2FA7FAB050058063FAFF77F6F29190073
:20784000DF08170061FFC5446DFF61FEABFA1FAA40F402E440C56DFF5AFEABFA1FAA3C08F3
:20786000C2FB61FFB6446DFF52FEABFA1FAA58063FBFF87FBBF0F74F40A4BBF0FF6F40F5D1
:20788000269440C602A59BF6FF671D00030000900248404F025F405C0269406D6D0063110B
:2078A000022A6F0819803C083B00024040C440D56DFF2DFEC2FF3FFAF97F3FF9F77F3C0BB4
:2078C000C2F909F40100DF04110040C440D56DFF1EFE8AFFDF09F6FF3C083B00024040C42F
:2078E000C2FF40D56DFF13FEEEF90090910000F6D9FF70D0D4F291200056D955408A012435
:207900000046015420F4EE0891200056D955C08A014530F4EE0482FF60F20090F4F400900C
:207920008F141E20009002483708E8FB8209EE03028200904B9801F02E046788BF8F8219FC
:207940007B00F8F36B88714F6D00DF103B3033F39B3FF3F34BF801F0AE264B2851406D00E8
:2079600096003C0B3BB0FDF09B9FFCF34B8251406D008D006B02312F76936722BF2F0090F4
:207980000B4510886DFFF1FDF62502946DFFEDFD76246B092128009002846DFFDDFDDF020A
:2079A0001B007B00F8F74BF901F02E163BB0FD409B94F4433C4D7B00F8FF4BF901F01602F3
:2079C000BB40BE4C9B6401443BB0FD009B90FC036A043C3E3709E8FB8200BA0F6E19370830
:2079E000E8FBEE098F191EF03BB0FD209B9204246A8200904B0801F016043BB0FD209B928B
:207A0000FC233BB0FD009B90FC0B6A0200904B0901F06F0F2C003708E8FB6E164B0801F058
:207A20002E2E3BB0FDF09B9F04F46788BF0F4B9051406DFF25F66B02312F00907B00F8FF61
:207A40004BF901F02E183BB0FD409B94044402851D002A004B9851406DFF12F63BB0FDF07E
:207A60009B9F04FC6B0F212200904B0801F02E254B9851401DFF04F66788BFFF4B9F514036
:207A80006DFFFEF56722BF2F0090DA004BF401F02E231DFFF5F56744BF4F6DFFF1F567228B
:207AA000BF2F0090B704812F8F151EF08FFF01F0A6F200906D0078106D002E113B40064022
:207AC0006D000E306D00D0036D0022006DFF2DAA910000F6D9FF0C5054FF4B0F31F1370F19
:207AE00070406D00632C6D006B103C013C0000906D00921082046D00B2166D0061106D00D4
:207B000007003C036DFFD0E53CFE0090910000F6D9FF74D0DA0074FF910000F6D9FF28F0CD
:207B200009FF246982004B0F01F0370F61F06E13910000F6D9FF7CD091000026D92228F056
:207B4000092F246991000026D92254E054206B0021FF74FF910000F6D9FF28F009FF2469FC
:207B600082004B0F01F0370F61F16E0C910000F6D9FF7CD091000026D92228F0092F2469EC
:207B800074FF910000F6D9FF78D0DA0174FF0090910000F6D9FF40E091000026D92248E094
:207BA000092440096DFF16F491000026D92250E0542F4BF251F074FF910000F6D9FF48E0FC
:207BC000D20089F04009910000F6D9FF44E0DA0074FF910000F6D9FF40E054F23C010090AF
:207BE000910000F6D9FF44E054FFDE1B910000F6D9FF40E091000026D92248E009244009E7
:207C00006DFFE8F391000026D92250E0542F4BF251F074FF910000F6D9FF40E054F23C09BD
:207C2000910000F6D9FF40E0DA0074FF82023C010090910000F6D9FF40E0DA0074FF9100CA
:207C400000F6D9FF48E0D20089F04009910000F6D9FF44E0DA0174FF0090910000F6D9FFDA
:207C600058E091000026D92260E0092440096DFFB1F391000026D92268E0542F4BF251F059
:207C800074FF910000F6D9FF60E0D20089F04009910000F6D9FF5CE0DA0074FF910000F6CF
:207CA000D9FF58E054F23C010090910000F6D9FF5CE054FFDE1B910000F6D9FF58E0910092
:207CC0000026D92260E0092440096DFF83F391000026D92268E0542F4BF251F074FF9100EC
:207CE00000F6D9FF58E054F23C09910000F6D9FF58E0DA0074FF82023C010090910000F637
:207D0000D9FF58E0DA0074FF910000F6D9FF60E0D20089F04009910000F6D9FF5CE0DA015D
:207D200074FF00903704E80BDAFF7E09B70489FBEE048F141EF0AA04024200903704E8FB30
:207D4000EE047B00F82300907B202BFC4BF401F02E073B8000406DFFE1FB820200907B20F2
:207D60002BF44BF401F02E2D910000F6DA1859FF00253B0002406DFFD1FB7B00F827009084
:207D8000BBB0A3FA9B8FFBF34BF441F002F46D002E004B0231513BD0C6144B054101BB6061
:207DA0003A2E6B0031FF7B00F0036B0031FF9BC1D6134BFF41009B620E246B1061123B305F
:207DC0004F209B52FB234BF141F0BB80D2189B611A146B0121006B0F21106B0F31F04B212E
:207DE00041104BF151401D00220ADA0020084BF401F074A46F0F15006744BF4F40A46D0035
:207E0000780D3702E8FB6E0754AF7B00F8036B0021FF74AF54AF67FFBFFF74AF3C0440A4B7
:207E20006D00670D54A20090BD043100B0C4404C54CF910000D6B70F0180D9DD0825D4DF82
:207E400074C801C800E654EF6E04AE0342F83CF954F001F000267DC20580420874F840FC51
:207E6000EE1082046DFF44FDB04E7DE20A80325802846DFF3DFD802F1EF3DA0074CFD4DFA4
:207E800080CF80F00B0F90F174DF009002453705E80BF605820474441DFF06FE8B2018F023
:207EA000744FDAFF7E0302520090B705882B7B00F0F3A6F20090910000F6D9FF28A07B002A
:207EC00004F474FF910000F6D9FF08907B0012F474FF910000F6D9FF08A0BBA070FD9B3FA3
:207EE000F6F374FF910000F6D9FF3C807B00F0F374FF910000F6D9FF04707B001FF474FF66
:207F0000910000F6D9FF34907B0008F474FF910000F6D9FF3C907B000DF474FF910000F6B3
:207F2000D9FF00A07B0008F474FF910000F6D9FF38907B0008F474FF910000F6D9FF04A0CB
:207F40003B6066F69B6F0AF474FF910000F6D9FF38807B0018F474FF910000F6D9FF14A08B
:207F60007BA023F474FF910000F6D9FF1C903B10D7F39BAFFCF374FF910000F6D9FF0090A1
:207F8000DA0074FF910000F6D9FF20B0BB0000F89BDF56F474FF910000F6D9FF24B03B000D
:207FA00000F49BCF59F474FF910000F6D9FF1CB0BB0000FE9BBF5AF474FF910000F6D9FF45
:207FC00018B0BB0000F89BBF5BF474FF910000F6D9FF08B0BB0000F89BBF5BF474FF910093
:207FE00000F6D9FF1CC0DA0074FF910000F6D9FF24C0BB0000F89BDF56F474FF910000F6D6
:20800000D9FF28C07B001FF474FF910000F6D9FF38C0BB0000F89BBF5BF474FF910000F6F2
:20802000D9FF2CC0BB0000F89BDF56F474FF910000F6D9FF34C0BB0000F89BDF56F474FF55
:20804000910000F6D9FF3CC07B6059F474FF910000F6D9FF30C03B0000F69B6F58F474FFE1
:20806000910000F6D9FF04D07B001FF474FF910000F6D9FF30A07B0004F474FF910000F630
:20808000D9FF34A07B0000F474FF910000F6D9FF38A07B0000F474FF910000F6D9FF2CA00E
:2080A000DA0074FF910000F6D9FF0C90DA0074FF910000F6D9FF1CA07B804CF474FF9100D1
:2080C00000F6D9FF18A0BBA099F99B9FF5F374FF910000F6D9FF20A0BBA070FD9B3FBAF32A
:2080E00074FF910000F6D9FF0CA03B3033F39B3FF7F374FF910000F6D9FF14B07B0012F496
:2081000074FF910000F6D9FF0070BBD0CCFC9BCFF4FB74FF910000F6D9FF0C503B10D7F32E
:208120009B8F2CF474FF910000F6D9FF2460BBA099F99B1F14F474FF910000F6D9FF286096
:20814000BBA099F99B1F17F474FF910000F6D9FF2C60BBA099F99B1F17F474FF910000F663
:20816000D9FF3060BBD0CCFC9B8F1BF474FF910000F6D9FF18207B0010FC74FF910000F680
:20818000D9FF34307BC028F474FF910000F6D9FF2820BBD0CCFC9B8F1BF474FF910000F6AC
:2081A000D9FF2C203B6066F69B4F26F474FF910000F6D9FF3C507BC021F474FF910000F6F8
:2081C000D9FF10A0BBA099F99B9FF9F374FF910000F6D9FF3C607B0027F474FF910000F606
:2081E000D9FF1460DA0074FF910000F6D9FF1060DA0074FF910000F6D9FF68D0DA0074FFE6
:20820000910000F6D9FF24A07B001FF474FF910000F6D9FF20907B000AF474FF910000F6B8
:20822000D9FF04907B0008F474FF910000F6D9FF18207B0010FC74FF910000F6D9FF1C20BC
:208240007B0008F474FF910000F6D9FF20207B0008F474FF910000F6D9FF24207B000CFC85
:2082600074FF00903B4006406D003A2C6D006D1A6DFFF8403B202A408215820682376D00C5
:20828000C3313B402A408215820682376D00BC313BA042408215820682376D00B5313BB060
:2082A00000403B401F5082066D0026373BA001403B401F5082066D001F376D0062276D008E
:2082C00030183BF003403BC012503B4034616D0013378224823582366D00242F82048215D2
:2082E00082166D001F2F6D00852A3B702A408205821682176D0088313B80284082058216DA
:2083000082176D0081313B7028408205821682176D007A313B6028408205821682176D009A
:20832000733182146D004F1D6DFFC7FD82143B801A566D00DF3182243B007D506D00DA3196
:2083400082343B803E506D00D53182043B8038516D00D031009082083C30534824F09100AD
:2083600000F6D9FF9C2110FF4830534824F0910000F6D9FF9C2110FF482F42F0DA024BF051
:208380000102370070403B007E6002856D00BE1C910000F6D9FF78E054F0DA3A3F0F0D00A2
:2083A000910000F6D9FF78E091000026D92278E0542FC21F74FFC218DA3A7F8FD0FF0090CA
:2083C00082083C14534824F0910000F6D9FF9C2110FF482F370F7040F64382143C01BB00B5
:2083E000806F02856D00921CC218DA3B7F8FECFF009082083C0D910000F6D9FFA02209F582
:208400007208BB00806F02846D00801CC218DA4F7F8FF3FF009082083C11534824F09100FF
:2084200000F6D9FF9C2110FF483F370F70403BF0016002856D006A1CC218DA3B7F8FEFFF34
:20844000009082083C0F910000F6D9FFA02254FFC25F370F70503BF07F6002846D00561CAD
:20846000C218DA4F7F8FF1FF009082083C0F910000F6D9FFA02254FFC2BF370F70503BF070
:208480007F6002846D00421CC218DA4F7F8FF1FF0090200882043BA0055091200048D94427
:2084A00010A36D009322DA0334AF3BE001403BA00550910000F6D9FF046054F682376D0068
:2084C000E82082043B900650910000F6D9FF8C22882682376D0019223BE001403B90065054
:2084E000910000F6D9FF8C22885682376D000D223BE001403B800750910000F6D9FFA022AD
:2085000009F6481882376D00002282043B70085091200048D94414A36D0058223BE001401B
:208520003B700850910000F6D9FFA02209F6700882376D00EA2182043B60095091200048FC
:20854000D94418A36D0042223BE001403B600950910000F6D9FFA02209F6710882376D0063
:20856000D4216DFFA4FBDA0234AF3BE001403B400B50823702266D008C2082043B800C5073
:2085800091200048D9441CA36D0020223BE001403B800C50910000F6D9FF004014F6823782
:2085A0006D00B3213BC003403B800C50910000F6D9FF383014F682376D00A72182043B6045
:2085C0000E5091200048D9441EA36D00FF213BE001403B600E50910000F6D9FFA02209F664
:2085E000720882376D00912182043B500F5091200048D94422A36D00E9213BE001403B5080
:208600000F50910000F6D9FFA02209F6142982376D007B2182043B40105091200048D94465
:2086200026A36D00D321DA0234AF3B0005403B401050910000F6D9FF28F009F61C69823742
:208640006D00272082043B30115091200048D9442BA36D00BB21DA0234AF3B0005403B303D
:208660001150910000F6D9FF28F009F6206982376D000F2082043B20125091200048D944EC
:2086800031A36D00A321DA0234AF3B0005403B201250910000F6D9FF28F009F6246982371D
:2086A0006D00F71F00900D00000282046D00D71082046DFFBAAA8278DA010F8F00F0892F4D
:2086C00028290D00400200800D00000282046D00C610910000F6D9FF40F082246D00052CCF
:2086E00074F2910000F6D9FF7CE082046D00FD2B74F2910000F6D9FF7CE054F4910000F64E
:20870000D9FF40F054F56DFF31D5910000F6D9FF5CE054FFDE1E910000F6D9FF60E091007C
:208720000026D92260E00920400991000026D92240F0542F91000026D9227CE05422A22FAC
:208740000BF000280B2040000B31501089F04009910000F6D9FF44E054FFDE1E910000F6D4
:20876000D9FF48E091000026D92248E00920400991000026D92240F0542F91000026D92296
:208780007CE05422A22F0BF000280B2040000B31501089F04009910000F6D9FF6CE054FF4C
:2087A000DE1E910000F6D9FF70E091000026D92270E00920400991000026D92240F0542F35
:2087C00091000026D9227CE05422A22F0BF000280B2040000B31501089F0400982246D0045
:2087E000642B82046D00612B82046DFF1EAADA0982180FF80080892828290D0040020080DC
:2088000020080D00000282046D0029106DFF3AA26DFF0BD2910000F6D9FF08C054FF74AFC7
:20882000910000F6D9FF04C054FF910000F6D9FF1CC054F06B00214F910000F6D9FF148075
:2088400054F5910000F6D9FF188054F6910000F6D9FF1C8054F76DFF86CD6DFFFFD19100BC
:2088600000F6D9FF28F009FF1C697B0027044B0F01F0AE2E910000F6D9FF28F009FF1C69B4
:208880007B00270C4B0F01F0370F61F06E07910000F6D9FF20C0DA0174FF82146DFFC5A9D6
:2088A0008278DA010F8F00F0892F28290D00400200800D00000282046D00D10F6DFFB13C42
:2088C00082146DFFB2A9DA0982180FF80080892828290D00400200800D00000282046D0064
:2088E000BE0F910000F6D9FFCCC0D4FF2D0F00000D00400200800D00000282046D00AF0F22
:2089000082046DFF16CA762482046DFFEAC882446DFF0FCA762482446DFFE3C80D00400276
:2089200000800D00000282046D00990F82146DFF00CA762B82146DFFD4C8910000F6D9FFA3
:20894000DCC0D4FF2D0F000082546DFFF2C9762482546DFFC6C80D00400200800D00000227
:2089600082046D007C0F82346DFFE3C9762B82346DFFB7C8910000F6D9FFD8C0D4FF2D0F63
:20898000000082746DFFD5C9762682746DFFA9C86D003F150D00400200800D000002820443
:2089A0006D005D0F91100046D944C4686DFFCBA80D00400200800D00000282046D004F0FA0
:2089C0006D00D3090D00400200800D00000282046D00450F0D00400200800D0000028204C5
:2089E0006D003D0F91100046D944F0786DFFABA80D00400200800D00000282046D002F0F84
:208A0000910000F6D9FFD4C0D4FF2D0F00006D00C6250D00400200800D00000282046D002B
:208A20001E0F91100046D944DC986DFF8CA80D00400200800D00000282046D00100F910070
:208A400000F6D9FFE0C0D4FF2D0F00000D00400200800D00000282046D00010F91100046D1
:208A6000D944C8B86DFF6FA80D0040020080404F91000026D9221025DA04B42F9100002619
:208A8000D9220C25DA04B42FDA062CFCDA002CFDDA032CFEDA0089FF100891000026D922AB
:208AA000B870E85291000026D922AC70E86291000026D9229470E87291000026D922E0108A
:208AC000E88291000026D922F810E89291000026D922A430F4F291000026D922A070E812D0
:208AE000A002E82291000026D922CC7089F2A83949F4300A08C4821509F5A8396D00B8049E
:208B000091000026D922E47089F2AC3949F4380A08C4821509F5AC396D00AA04A00289F2F2
:208B2000B03991000026D922FC7089F2B43949F4081A08E4821509F5B4396D00990491005E
:208B40000026D922BC7089F2B83949F4101A08C408C509F5B8396D008B0491000026D922BF
:208B60008CA089F2BC3949F4181A08C408C509F5BC396D007D0491000026D922941089F29F
:208B8000804991000026D92244F089F2844949F4201A08C408C509F580496D00690449F4F0
:208BA000281A08C408C509F584496D006104A00289F2884991000026D922845089F28C4979
:208BC00091000026D922BC3089F2904949F4381A08E408C509F58C496D004A0449F4002A66
:208BE00008C408E509F590496D00420491000026D9229CC089F2944949F4082A08C408C5C4
:208C000009F594496D00340491000026D922ACE089F2984949F4102A08E408E509F598490B
:208C20006D00260491000026D9228C6089F29C4949F4182A08C408E509F59C496D001804FB
:208C400091000026D92290F089F2A04991000026D922CC4089F2A44991000026D922FC109A
:208C600089F2A84991000026D922F46089F2AC4991000026D922DC6089F2B04949F4202A29
:208C800008C408C509F5A0496D00F20349F4282A08C408C509F5A4496D00EA0349F4302AEE
:208CA00008C408C509F5A8496D00E20349F4382A08C4821509F5AC496D00DA0349F4003A24
:208CC00008C4821509F5B0496D00D203DA0089FF2808DA0089FF2908DA0089FF2A08DA0065
:208CE00089FF2B08DA0089FF2C080090404F08FFDF0FBC00DA0089FF100809F4B439C81512
:208D000091000026D92210250924C00808EFE2F46D009205C814820491000026D92210255D
:208D20000925C00808EFE2F56D00B80509F49849820491000026D92210250920C00808EF12
:208D4000E2F008EF73F00A506D00A80509F48C49820491000026D92210250920C00808CF6C
:208D6000E2F008EF73F00A506D00980582023C3C534220F009F2B439102254203700E80B0A
:208D80008B0020F26E2E09F05008534020F009F2B4391022534220F009F4B4391044544015
:208DA0007420C89209FF50081022342208CF09F05008C852012200261421030F0A01C2F04E
:208DC000534020F009F28C491022534220F0C8641044544F742F09FF5008C21F89FF1008A2
:208DE000C2123702682008EF3FF2C4FF82003C1709FF500803F00AF0534F20F009F2984943
:208E00001022C89401400046144F534F20F0C8741044544F742FC2103700680009FF500881
:208E20003FF0E8FF09FF500889FFB81808CF89FFBA1808CF89FF802809FF500889FF82289A
:208E400009FF500889FF902809FF500889FF922808CF89FF982809FF500889FF9A2809FFFF
:208E6000500889FF88183C1A09F4B439C81591000026D92210250924C00808EFE2F46D003F
:208E8000DB04C814820491000026D92210250925C00808EFE2F56D0001050090404F09FF4C
:208EA0006C08EE2F09FFD82889FFA82809FFFA1889FFAA2809FFE82889FFB02809FFDA18DB
:208EC00089FFB22849F4182A49F5381A49F6282A6D00480489F2083849F4282A49F5181A1D
:208EE00049F6302A6D003E0489F2083849F4181A49F5302A49F6101A6D00680489F208386B
:208F00000090404F09FF6908EE2F49F4201A49F5281A6D00730489F2083849F4201A49F551
:208F2000101A49F6181A6D001D0489F2083809FFD81889FFA82809FFEA1889FFAA2849F45C
:208F4000181A49F5281A49F6282A6D000B0489F2083849F4282A49F5082A49F6181A6D00BA
:208F60006F0289F208380090404F09FF6A08EE6349F4381A49F5002A6D00400489F2083878
:208F800009FFF81889FFA82809FFDA1889FFAA2849F4381A49F5181A49F6282A6D00E2032B
:208FA00089F2083809FFE82889FFB02809FFC22889FFB22849F4282A49F5002A49F6302A9A
:208FC0006D00D00389F2083809FFD02889FFA02809FFD22889FFA22849F4302A49F5102AE3
:208FE00049F6202A6D002C0289F2083849F4202A49F5302A6D00420289F2083809FFD8180F
:2090000089FFA82809FFC22889FFAA2849F4181A49F5002A49F6282A6D00A40389F2083875
:2090200049F4282A49F5302A49F6182A6D009A0389F208380090404F40F46DFF59FE09FFA5
:209040000C396E0609F28C3940F42D02000040F46D009C0009FF10396E0609F2903940F43A
:209060002D02000040F46DFF4EFF09FF14396E0609F2943940F42D02000009FF5008EE038F
:2090800008FFEE1B40F46DFF71FF09FF18396E0609F2983940F42D02000040F46D0085008E
:2090A00009FF1C396E0609F29C3940F42D02000040F46DFFF5FE3C2009F4A83909F5AC39FC
:2090C00091000026D92210250924C00808CFE2F46D00B20309F4B83909F5BC39910000264D
:2090E000D92210250920C00808CFE2F008CF73F00A406D00A10309FF20396E0609F2A03968
:2091000040F42D02000082003C2508CF03F00AF0534F20F009F2B83910225421534020F05D
:20912000C8821022542F4BF101F0370F61F06E0F08CF03F00AF0534F20F009F2B83910225B
:20914000534020F0C8841044544F742FC2103700680008CF3FF0DBFFD4F409F5A8399100FD
:209160000026D92210250924C00808CFE2F46D00630309FF24396E0609F2A43940F42D0210
:209180000000D4F23C010090404F09FF6808EE0B49F4201A49F5300A49F6380A6D00E2027B
:2091A00089F208380090404F09FF6B08EE3E09FFF81889FFB828DA0189FFBA2849F4381ADA
:2091C00049F5380A49F6382A6D00CC0289F2083809FFC81889FF8038DA0189FF823849F4F6
:2091E000081A49F5382A49F6003A6D00EF0289F2083809FFD82889FFB828DA0189FFBA2866
:2092000049F4182A49F5003A49F6382A6D00AA0289F2083849F4380A49F5382A49F6300A4A
:209220006D000E0189F20838009002483708E8FB6E043BF00F007E030282009012503BE03D
:209240001FF03F5F0500DAFE7F0F0E00910000F6DA1859FF00253B0002406DFF5FF17B003E
:20926000F8473C0B3B20E0FF3FF503004E093B8000406DFF53F1820402851DFF15F4B70804
:20928000882B8F7001F0A6F20090DA0020084BF401F016036E123704E8FBEE0D910000F698
:2092A000DA1859FF00253B0001406DFF37F17B00F82F00901DFF1FF13704E80BDAFF7E0349
:2092C0000242009040A46DFFE3F53B304FF09B5FF3F34BF201F02E087B0000F44BF2412097
:2092E00054AFC2FF74AF7B00F8F36B0F31026B0F21F23B6022144BF051F03BE014219B515E
:20930000F6134BFF41009B42052C6B1061023BD014119B41FD1B6BFF61113B8021279B121D
:20932000F3234B10510054A14B0141114B2141106BF061210090C234B70402F06E6592495D
:20934000DF096300910000F6D9FF082554FFEE1582046DFFCDF2802F325F160392446DFF94
:20936000C7F28020DFF051001022F4F291000046B542042582007420D4FC820A3C0310CCD8
:20938000B0FC54CF6E036F0FFCFFF4FC3C1DB70801F010CF6F08188054FFEE1182046DFFE9
:2093A000A7F249F4040A7D420F80325802846DFF9FF2802F1EF874CA82083C0CAE0442F8AD
:2093C00074C840CF40FC54C876856F08E2FF3F98E0FFDF082680BF19180002946DFF88F2E8
:2093E000802F9EF249CF040A01F220F4EE0D012F30F4EE12802F325F1603102F92446DFFD8
:2094000077F2802F5EF3A002009001CF2020802F960174CF40FC01C900F674FA3C0A9A4985
:209420003FF8078001C900F6A29874F83C0202898F1940F174CF49C2040A0090CC41095212
:20944000840909658409094FC0080940C208E20F3C0A54F054216B0121007450B042B04F1F
:20946000B045C2FFEEF782023C010090B44489458208894584090090CC510942C008094349
:20948000C20882058204022F3C170BF280003C05820174F1B04FC2F0FF10FCFF7B00F8039A
:2094A00074F0B04F92F03C05820174F1B04FC2F0FF10FCFFC2FFEEEA82071D003101094029
:2094C000C20803700A07534020F0CC4110FF54F902788B1700003C160941C20803010A178B
:2094E000534120F0CC4110FF54F1B701815FB709816F4B650150370561F16E030B0110887B
:20950000C2103F20EBFF3709E8FB8B0F20F26E395F783800CC41094284090940C2080B7038
:20952000801003070AF7534F20F010FF03080AF7534F20F01022DA003C0854F0542474F49D
:20954000B04F7420B042C21F3F1FF97FCC51095284090950C20873070AF0534F20F010FF72
:20956000E208534820F01022DA003C0854F1542474F4B04F7421B042C21F3F0FF97F82141E
:20958000DF1409003709E8FBBA0F6E0482B21D00E8007B00F8F34B9F5150CC41094FC20818
:2095A000527003F70AF7534F20F010FFDA003C0754F14B51411074F1B04FC21F3F0FFA7FD2
:2095C000CC510950C20873070AF0534F20F010FFDA003C0754F14B51411074F1B04FC21F82
:2095E0003F0FFA7F82063C4A094FC208036F0AF7534F20F0CC4110FF54F5CC410942840905
:209600000940C2080B7080805347201073060AF0534F20F010FF01F100F653472010E270BA
:20962000534020F0102201210026DA003C0954F054216B15710074F0B042B04FC21F3F8F40
:20964000F87FCC51095284090950C20873060AF0534F20F010FF73070AF0534F20F01022DF
:20966000DA003C0954F154286B85711174F1B042B04FC21F3F0FF87FC2163F76B7FF8B17B7
:2096800000803C4A0940C20803800A07534020F0CC4110FF54F5CC41094284090940C2081D
:2096A0000B7080905347201073080A60534620F010FF01F100F653472010E270534020F011
:2096C000102201210026DA003C0954F054216B15710074F0B042B04FC21F3F9FF87FCC519F
:2096E000095284090950C20873080AF0534F20F010FF73070AF0534F20F01022DA003C09B2
:2097000054F154266B65711174F1B042B04FC21F3F0FF87FC2183F28B7FFC2173F37D1FE27
:209720008200DF141C003705E8FBBA0F6E17CC4182013C0C534120F010F2542F370FE8FB01
:209740008B0F20F26E023C06C21173320AF03FF1F3FFE2325F21038082B002023C010090FD
:20976000CC4109528409096684090940C0080951C2080942C2088203534320F010640214F9
:2097800009578409820540FC02263C0A54CF54776B7F6155B04C534120F01077C2F6FF1629
:2097A000F7FF7445B044C2F45A41534F20F01027FF14EAFF4213534220F010FFC2F0FF1006
:2097C000DDFF82023C010090CC410952840909658409094FC0080940C208E20F3C0A54F0BE
:2097E00054216B0131007450B042B04FB045C2FFEEF782023C010090CC4109528409094078
:20980000C0080941C20802028203534320F0102402143C0854FF744FB04F534020F01044A3
:20982000C2F4FF14F9FFC213C2F2FF12F0FF82023C010090DF043000404FBF842780804F32
:209840008F3F000180518F3100115F101F802E06C2F4045F344F494F010A80FF2E16045FF0
:2098600024FFC2E4045F24FF8F7400018FD41FF06E0B02F14052C2F160160922480189F20D
:209880004801FC6CD05502047646C2F46042045F24FFFC2E40420090404FBF852380804FD1
:2098A0002E05C2F53444494F010A80FF2E1424F4C2E524F48F7500F106D5DF051200D20073
:2098C000764A370468008F802010A6108F002110A6100201C2F5605289F04801FC2E02F56B
:2098E0007655C2F5605224F4FC2F40420090024F370FE81B8F1F1E00DAFF7E17024F744402
:20990000B70F89FB6E123C0B8FF00150DA7F7FF10900DA00B70F81FFA65F744F02420090D8
:20992000DA963FF10A007444DA00B70F81FF8FF00120A6F20090B704890B8F71012082F3F8
:209940008B6109110F1300302630B700890BA652A60274426B0231F4B70F812FA652009028
:209960000249025A7B00F8834B8901F0AE1502AF370FE8FBEE08029F370FE8FBEE7D61FF5D
:209980002D343C7A6DFFF1EDF62502A46DFFEDED76247B00FC27009002A46DFFDDEDDF02DA
:2099A0002000029F370FE8FBEE097B00F8FF4BFA01F02E1467AABF2F0090B709812F4B8210
:2099C00001F0AE1B8200370F61114B0A01F0370F61F17E147B00F82700908202009082085B
:2099E00002946DFFB9EDDF0220004B8A01F0AE047B00F8073C02820082014B8901F02E0E88
:209A00004B0A312102134B0241F14BAF01F02E148F1200F1AA13023FAA11B700812F8FF1AC
:209A200001F0A6F200903709E8FBEE284B0A31B14B8A01006F00170061FFD0333B00014062
:209A40006DFF6CED4B0B411182004BA101F061FFCB337B00F8476E0402951DFF25F00242A4
:209A600000904B0B41F182004BAF01F061FFBC336E0302920090028200904B8901F06F0F26
:209A800018004B0A31814B0841F14BAF01F02E1E6799BF4F6DFFFBFB4B2A41406DFF44F1E4
:209AA0006F0804006722BF2F009061FF973302946DFFEDFB4B2A41401DFF36F16F770C00E5
:209AC0006F0505808FF707F16E06C215EF850400C21606F5B70589FB8F7601008F840120FF
:209AE000A60FA6F20090201049A6100AA00FF4AF89A4840982FF780240A46DFFA0EAD80196
:209B0000DA0034FF009002483708E8FBEE05820402851DFFC9EF6DFF1FEDDF022280DA0093
:209B20004BF801008F3000F16E056F001A001DFFE2EC4B0891F17B00F0034B0841007B00F9
:209B4000FC134BF041206BF271214B2F41F04BF041006BF071014B0F41F04BF84180028264
:209B60000090404F044FEEFF01F420F080F2C2F200903B00D0269B9212246B4461224B4476
:209B800041F0BBE0F408BB50061D9BA014049BB10C146B1F61106BF261F04BF151F04B4F50
:209BA000412000906D004B066D0036006D003F006D00531F82046D00520600904DC0E1FF00
:209BC00016073C016E083C01910000F6D9FF142514FF6EFB4DC0E1FF16073C01910000F696
:209BE000D9FF142510FFDA0134FF8218DA003C0B910000F6D9FF142510FF14F0E2083708A8
:209C00006880C21FBF2FF6FF82146D00691FDF08EE7F00906DFF29C202246DFF7DC16DFF96
:209C200038C202246DFFBCC10090910000F6D9FF18256DFFF6BB68224DC0E1FF8F7F00410C
:209C40003C01910000F6D9FF18256DFF2DBB6812910000F6D9FF18256DFF38BC74F291006A
:209C600000FFBCF16DFF1ABC913000FF39FF3506160F4B0F41F14BF251F03C013C01910089
:209C800000F6D9FF18256CF30090404F0258F64791000026D922CC80142FEE023C1F910087
:209CA0000026D922C880142F6E033C013C0091000026D922C880DA00C21F342F6D00B305D1
:209CC0003C0C91200048D94402C3A00640F502846D0075006D0004003CF500902008DA00EA
:209CE00074AFDA007801DA0074AF3C0FDA0078013C045801C21F780158013BF0FF017FF06D
:209D0000FAFF54AFC21F74AF54AF3BF0FF007FF0EFFF0090201849A4000A6D0031029120A9
:209D200000F8D9FF226AF80249A4000A6D00EC018204BB00205C9B150050820682076D0041
:209D4000F73691000046D9440045820491000056D9553C253B0004506D00890282048215FD
:209D60006D0013390090910000F6D9FFD08014FF6E13820491000046D9443C356D00DD38EA
:209D800091000046D944004591000056D9553C3582146D0062030090404676423C0E9100F3
:209DA00000F6D9FFD08014FF6E0891200048D9440FC302546D0003000090D9AAE86F404C58
:209DC000405D0248406E820089A08C08DA00ACA7DA007804DA00ACAADA00ACAB40D46DFF4B
:209DE000C2FE89A2100991000026D9222825092FC0086E08910000F6D9FF2825C84F2D0FEB
:209E00000000910000F6D9FFD08014F0DF007B01910000F6D9FF282509FFC008DF0F3F018A
:209E200009A096088CABC21FACAB910000F6D9FF2825C83F82043700705040C42D0F0000FC
:209E400040D46DFF90FE89A21009910000F6D9FF282509F0C208910000F6D9FF2825086F1E
:209E60004BF0010289A094083C0109DF0008B01DEEFDDA00ACA73C11B0FD09D00008DA2FE9
:209E80003E0509D00008DA5C7E0509AFCE08C21FACA75804C2FF780409AFCE08FF2F058049
:209EA0005804FF0FEB7F58040EFCB01DF4AD49A4180A91200058D95535A36DFF16FE3C1709
:209EC00009AFCE08EE0BF4AD49A4180A91200058D9553EA36DFF09FE3C0AF4AD49A4180ACA
:209EE00091200058D95535A36DFFFFFDDA00ACA63C4CDA00ACA73C2349A4180A6DFF33FEFF
:209F000009A0CC088CAA09A1CE0803F00AF17FF203803C1A09AFCE0810AF49FF184A09A036
:209F2000CC088CAA09A1CE0803F00AF110A2092F180834FF09AFCE08C21FACA709A0CE082B
:209F40008CAA3FF0DB7F09AFCE0810AF49FF184ADA0034FF910000F6D9FF282508708CABE3
:209F6000E2F08CABC21FACAB910000F6D9FF2825C83F82043700705049A4184A2D0F0000E5
:209F800009AFCC08C21FACA609A9CC0849A4180A6DFFE9FD8CAA4BF211029A103FF9ABFF09
:209FA00074A849A4180A91200058D9550BB36DFF9CFD910000F6D9FF2825087F09A0960802
:209FC000E2F08CABC21FACAB910000F6D9FF2825C83F82043700705049A4180A2D0F0000C5
:209FE000A00F7DEF5B00DA00ACA63C4CDA00ACA73C2240E46DFFB7FD09A0CC088CAA09A10B
:20A00000CE0803F00AF17FF203803C1A09AFCE0810AF49FF184A09A0CC088CAA09A1CE0808
:20A0200003F00AF110E2092F000834FF09AFCE08C21FACA709A0CE088CAA3FF0DC7F09AF14
:20A04000CE0810AF49FF184ADA0034FF910000F6D9FF2825087F09A09608E2F08CABC21F50
:20A06000ACAB910000F6D9FF2825C83F82043700705049A4184A2D0F000009AFCC08C21F61
:20A08000ACA609A8CC0840E46DFF6DFD8CAA4BF211029A103FF8ACFF3C3549A4185A820487
:20A0A0003B0010506DFFFAFB910000F6D9FF2825C82F40C42D0F0000A00F7DEF1000F4ADF5
:20A0C00089A8040989AE880949A4185A91200058D95514B36DFF09FD3C0CF4AD89A8040984
:20A0E00049A4185A91200058D9552DB36DFFFDFC910000F6D9FF2825C82F49A4185A2D0F47
:20A1000000000090910000F6D9FF2825094FC008B4FF910000F6D9FF2825094FC208ACF1C5
:20A12000910000F6D9FF2825094FC408ACF2910000F6D9FF28250C462CF6910000F6D9FF32
:20A1400028250C472CF7910000F6D9FF282509428809E822910000F6D9FF282509428C091E
:20A16000E83291000026D9222825CC44EC24910000F6D9FFD080DA0134FF0090DA00B44F7C
:20A18000BBF0FFFFAC41BBF0FFFFAC42DAFF2C46DAFF2C47A00FEC42A00FEC43A00FEC4461
:20A1A000009082046D007E380090024F8224370F68506D00663802F23C010090404FA002E4
:20A1C00001F2104491200048D9441BC33B5005506DFF5DFD820814FF960134FFDA006CF2FF
:20A1E000DA006CF3485F6CF4081F82003E0682103E0A8220BE003C17C814820448556DFF3A
:20A200004DFB3C11C8148204485F532F20506DFF45FB3C09C8148204485F534F20506DFF36
:20A220003DFB3C01DA0034FF02823C0100904C43424F6C433C064C4309401409A20F6C43E5
:20A240004C4509400C097FF0F8FF00904C42424F6C423C064C4209401409A20F6C424C4526
:20A26000094008097FF0F8FF0090404F024F405C0258A00201F2104491200048D9441BC3DB
:20A280003B2022506DFF03FD8202E81C820034F02CF1DA006CF2DA006CF3684868583C011C
:20A2A0000090404F405C406D0249A00201F2104491200048D9441BC33B1016506DFFE7FC0E
:20A2C000A00201D2104491200048D9441BC33B2016506DFFDCFC82088200A0027DC205804A
:20A2E00082381D00900014FF16036E0574D082681D009F0040F46D009F0054D07F020B80FE
:20A3000074D28278F62714FFB70F81F134FF1D00900014FF960834FF485F4830520A54D032
:20A320003F0A2B80081F82003E0682103E0C8220BE063C21C812483F102554D440C46DFF6F
:20A340007BFA3C19C812483F532F20F0102554DF532F204040C46DFF6FFA3C0DC812483F73
:20A36000534F20F0102554DF534F204040C46DFF63FA3C013C43081F82003E078210BE04F6
:20A3800082205F0F27003C3AC812483F102540C402A46DFF51FA01CA0046C81554D4A2A4BD
:20A3A0006DFF4AFA3C2BC812483F532F20F01025532A204040C46DFF3FFA532A20F010C477
:20A3C000C81554DFA2AF532F20406DFF35FA3C16C812483F534F20F01025534A204040C404
:20A3E0006DFF2AFA534A20F010C4C81554DFA2AF534F20406DFF20FA3C0114FFB70F81F1DB
:20A4000034FFDF09168014F0DA0B7E0382283C1014FF960234FF54D440F46DFF0AFF484FE5
:20A4200054D0420F6CF414FFB70F81F034FF02823C010090404FA002012F104491200048CB
:20A44000D9441BC33B6007506DFF21FC485F484052023C010090404F405C0248A00201F22C
:20A46000104491200048D9441BC33B000B506DFF0EFC8209A0027DC2058082391D00B5000A
:20A4800014FF16056E0482491D00AF0014FF960434FF484F3F8FA480485F4820520A7F8AA8
:20A4A00069800810DA003E0882115F012000DA025F0F3E003C5DC812482F102440C502A417
:20A4C0006DFFBAF940F402A46DFFC2FEC812482F102401CA00560BA880406DFFADF90BA879
:20A4E000804040F46DFFB4FE3C43C812482F532F20F01024532A204040C56DFF9DF940F49C
:20A5000002A46DFFA5FEC812482F532F20F01024532A20F010C55AA8532F20406DFF8CF938
:20A520000BA8804040F46DFF93FE3C22C812482F534F20F01024534A204040C56DFF7CF9FF
:20A5400040F402A46DFF84FEC812482F534F20F01024534A20F010C55AA8534F20406DFF0A
:20A560006BF90BA8804040F46DFF72FE3C013C33081F82003E068210BE008220BE0D3C2B37
:20A58000C812482F102440C502846DFF55F940F402846DFF5DFE3C1FC812482F532F20F032
:20A5A00010245328204040C56DFF46F940F402846DFF4EFE3C10C812482F534F20F01024E7
:20A5C0005348204040C56DFF37F940F402846DFF3FFE3C01484FA28F6CF43C02825914FFEB
:20A5E000B70F01F134FF02923C010090404F0248A00201F2104491200048D9441BC33B40DE
:20A6000008506DFF44FB820914FF16056E0382493C2E14FF960434FF484F6E24081F820026
:20A620003E0682103E0982203E0E3C14C812482F102234283C0FC812482F532F20F0102280
:20A64000B4283C08C812482F534F20F0102274283C01821440F46DFFFBFD484FC2FF6CF4E6
:20A660003C02825914FFB70F01F134FF02923C0100902058404C0B451088A00F01FC104476
:20A6800091200048D9449BD33B301C506DFFFFFA0290A00F7DCF04801D0088004B0831219F
:20A6A00082014B180110370161F06E05DA2D34CFB01C3C0E3708E8FBBA0F6E0ADA3034CF17
:20A6C000B01CDA2E34CFB01CDA3034CF3C6E4B0241F16B0F31F83C06C2F07B0012144B1FFF
:20A6E00041F0DF00FBFF4B0F31418206534620F010AFDA0A4BF2010274F19A16370F68604D
:20A70000DA0A4BF20122DF02F3FF3C189AF6534F20F010AF54F00E079AF6534F20F010AF73
:20A7200054FF3C079AF6534F20F010AF54FF325F8B0F03F034CFB01CC2F6DF06E9FFDF09D5
:20A7400035008202DA2E34CFB01CF644DA3034CF3C2C3C0F534220F010AFDA0A4BF40102E5
:20A7600068C19A12370F6820DA0A4BF40142C2F9DF09F2FF3C189AF2534F20F010AF48CFD4
:20A780000EF79AF2534F20F010AF48CF3C079AF2534F20F010AF48CF325F8B0F03F034CF28
:20A7A000B01CC2F2DF02E9FF00902010404C0248A00F01FC104491200048D9449BD33B00FB
:20A7C00008506DFF64FADA00A00F7DCF03803C29CE873BD0020034C0B01C32583C05F68433
:20A7E000DA3034CF3C1E3C113BA000004B0801020E123C02325110AF34F1C21F370F68F030
:20A800003BA000004B080182DF08F0FF3C0910AF09F07FF88B00030034C0B01CC2FFEEF848
:20A8200000906D000C006D00561F6D002A246D00351D82046D00130000904DC0E2FF370FE9
:20A84000E1F78B0F20F23C010D00400300003C013C018B0F00223C010090F6430D0000039B
:20A86000009091000046D9442045820491000056D95518453B8000506DFFF9FC0090404F6C
:20A88000405C024891000026D922D0C0142F82103E023C1BDA003C0882058206820702F478
:20A8A0006D00B21EC21FBF8FF9FF82548275820640F440C502876D007319022F3B900040E8
:20A8C00082156D00FB1C3C023C0102F23C01009091000046D94438456D00B225022F9100AA
:20A8E0000046D94438453B000F406D00A9258F8F20F0A6F23C01009082088209820B820AF2
:20A90000910000F6D9FF3845DA5C2CF8910000F6D9FF384509400A0989F00A09910000F6B6
:20A92000D9FF3845544074F0910000F6D9FF38454C416CF1910000F6D9FF38450942900944
:20A94000E84291000026D9223845CC45EC25910000F6D9FF10558C53B4FF910000F6D9FFC7
:20A9600010558C55ACF1910000F6D9FF10558C57ACF2910000F6D9FF10558C59ACF39100D6
:20A9800000F6D9FF10558C5BACF4910000F6D9FF10558C5DACF5910000F6D9FF10558C5F00
:20A9A000ACF6910000F6D9FF1055095FA208ACF7910000F6D9FF1055095FA608ACF93BE0E2
:20A9C0000F40BBF0EE5B6D0098043BC0004082356D0093043BA000406D0082183BC00040D8
:20A9E00082056D008A043BC0004082056D0085043BC0004082056D0080043BA000406D00E2
:20AA00006F18820C82046DFF65FF022D3B4032F13ED73B1031F13ED43B3031F17ED23C0D44
:20AA20003BA000406D005C18C21A370A68A0BFAA0480821C3C023CE7DF0C0B84910000F608
:20AA4000D9FF105509F0C808DA783F0F0D00910000F6D9FF105509FFC808534F20B08F287E
:20AA600040813C28910000F6D9FF105509F0C808DAF03F0F0D00910000F6D9FF105509FF33
:20AA8000C808532F20B08F1840813C14910000F6D9FF105509FFC8083B001E003FF00B802D
:20AAA000910000F6D9FF105509FFC808531F20B08208910000F6D9FF105509F0C608DABC0D
:20AAC0003F0F0D00910000F6D9FF105509FFC608534F20908F8840813C28910000F6D9FF94
:20AAE000105509FFC6083B8017003FF00D00910000F6D9FF105509FFC608532F20908F486A
:20AB000040813C13910000F6D9FF105509FFC6083B002F003FF00A80910000F6D9FF1055A4
:20AB200009FFC608531F2090910000F6D9FFD4803BE034F0A29F74FF3B4032F15FDFC58056
:20AB40008274BB8038586D00D803BB00CC0F9BB01900910000F6D9FF105509FFC808C22F65
:20AB6000910000F6D9FFD48054F142918242031F0AF24BF00102370070F03B401F007FF04A
:20AB800004803B401FF0910000F6D9FF105509F0C4087F0F0780910000F6D9FF1055ACF2A7
:20ABA000910000F6D9FFD880BB00CCFF9BBF19F091000026D92210550920C4084B0F01028C
:20ABC0009AC091000026D922D480542042904B0F010291000026D9221055092FC808A2F0C1
:20ABE00074F0910000F6D9FFD88054FF3B00E2073FF00900910000F6D9FFD88054FFFF2F53
:20AC00002100910000F6D9FFD88054FFFF2F0400DA023C12910000F6D9FFD88054FF3B0068
:20AC2000E2077FF005003B00E2F73C06910000F6D9FFD88054FF910000F6D9FFD88074FF2D
:20AC4000910000F6D9FFD480BB00CCFF9BBF19F091000026D92210550920C4084B0F0102EF
:20AC6000C2C091000026D922D880542F91000026D92210550921C808421F4BF001025A902B
:20AC800074FF910000F6D9FFD48054F0DA3D7FF00400DA3D3C12910000F6D9FFD48054FF55
:20ACA0003BF03F007FF005003BF03FF03C06910000F6D9FFD48054FF910000F6D9FFD48061
:20ACC00074FF1D00BA00BB00CC0F9BB01900910000F6D9FF105509FFC808C24F3BE0341024
:20ACE000A29142918242031F0AF24BF00102370070F03B401F007FF004803B401FF09100EF
:20AD000000F6D9FF105509F0C4087F0F0780910000F6D9FF1055ACF2910000F6D9FFD8800D
:20AD2000BB00CCFF9BBF19F091000026D92210550920C4084B0F01029AC03BE03400A290E6
:20AD400042904B0F010291000026D9221055092FC808A2F074F0910000F6D9FFD88054FFA5
:20AD60003B80BB003FF00900910000F6D9FFD88054FFFF4F2100910000F6D9FFD88054FFA2
:20AD8000FF4F0400DA043C12910000F6D9FFD88054FF3B80BB007FF005003B80BBF03C0699
:20ADA000910000F6D9FFD88054FF910000F6D9FFD88074FF910000F6D9FFD480BB00CCFF26
:20ADC0009BBF19F091000026D92210550920C4084B0F0102C2C091000026D922D880542F98
:20ADE00091000026D92210550921C808421F4BF001025A9074FF910000F6D9FFD48054F04F
:20AE0000DA2B7FF00400DA2B3C12910000F6D9FFD48054FF3BF03F007FF005003BF03FF029
:20AE20003C06910000F6D9FFD48054FF910000F6D9FFD48074FF910000F6D9FF105509F0E7
:20AE4000C208910000F6D9FFD88054FF910000F6D9FF105509F1C808421FC2EF7F0F1400DC
:20AE6000910000F6D9FF105591000026D922D880542F91000026D92210550920C808420F20
:20AE8000C2EFACF13B002FF0A29F82204B0F0122910000F6D9FF1055885F022032507F0FCD
:20AEA0000500022032503C0F910000F6D9FF1055885F7FF2040002203C06910000F6D9FFBB
:20AEC00010558850910000F6D9FF1055A8509A12370050003250420F370F70A03B001EF0D4
:20AEE000A2BF82204B0F0102910000F6D9FF1055886F020232527F2F0500020232523C0F29
:20AF0000910000F6D9FF1055886F7FF0040002023C06910000F6D9FF10558862910000F688
:20AF2000D9FF1055A8629A4037025000420F370F70E03BB0014082156D00DF01821402A533
:20AF40006D00DB01822402E56D00D701823402B56D00D301824402956D00CF018254910027
:20AF600000F6D9FFD48054FF370F70506D00C5018264910000F6D9FFD88054FF370F70502D
:20AF80006D00BB013BA000403B4016506D00B5013B8000403BB01B506D00AF013B900040F0
:20AFA0003B901D506D00A901910000F6D9FF105509FFC008EE0B3BB00040910000F6D9FF2B
:20AFC000105509F5C2086D0098013BD000403B003350A6856D0091013B1003403B70025080
:20AFE0006D008B013B2003403BA001506D0085013B30034082556D0080013B5003409100C9
:20B0000000F6D9FF105509F5CE086D0076013B4032F15FDF92803B900C4002A56D006D01BE
:20B020003BA00C4002E56D0068013BB00C4002B56D0063013BC00C4002956D005E013BD0B8
:20B040000C40910000F6D9FFD48054FF370F70506D0053013BE00C40910000F6D9FFD880B9
:20B0600054FF370F70506D0048013B100D403B4016506D0042013BF00C403BB01B506D005E
:20B080003C013B000D403B901D506D003601910000F6D9FF105509FFC008EE0B3B200D40DA
:20B0A000910000F6D9FF105509F5C2086D0025013BE000403B003350A6856D001E013B90D6
:20B0C00003403B7002506D0018013BA003403BA001506D0012013BB0034082556D000D0160
:20B0E0003B600340910000F6D9FF105509F5CE086D00030186E876883B2007403B000150CF
:20B100006D00FB003C063B20074082056D00F5003BF000403B1010506D00EF003B70044099
:20B120003B1008506D00E9003B800440BBC0FE5F6D00E3003C133BF000403B1001506D002C
:20B14000DC003B7004403B1008506D00D6003B800440BB70FE5F6D00D00082743B80385041
:20B160006D00CB003BC001403B3030506D00C5003BC0024082356D00C000910000F6D9FFBE
:20B18000105509FFC008EE073BF00A4082056D00B4003C583B500A40910000F6D9FF10553B
:20B1A00009F5C0086D00A9003B600A4082256D00A4003B800A4082256D009F00910000F6D7
:20B1C000D9FF105509FFC608910000F6D9FF105509F0C808E20F82404B0F01027B1000F044
:20B1E0007FF01300910000F6D9FF105509FFC608910000F6D9FF105509F0C808E20F8240F3
:20B200004B0F01023C03BBF0FF0F3B000B40370070506D0072003BE00A403B4001506D00DF
:20B220006C003BF00A403B1010506D0066003BD00A40910000F6D9FF105509F5C2086D0061
:20B240005C003BE00F40BBD0EA5D6D00560002C23C010090910000F6D9FF1055A8149100F1
:20B2600000F6D9FFD88054FF910000F6D9FF105509F0C808420FC2EF7F4F1400910000F65D
:20B28000D9FF105591000026D922D880542F91000026D92210550920C808420FC2EFACF135
:20B2A0003BE00F40BBF0EE5B6D002700910000F6D9FF105509FFC0086E0C3BD00A409100A8
:20B2C00000F6D9FF105509F5C2086D0016003C0B3BB00040910000F6D9FF105509F5C208F2
:20B2E0006D000B003BE00F40BBD0EA5D6D00050082023C010090025F91000046D944384505
:20B300008F8F3F506D00C52091000046D94438453B000F40370F68506D00BB2000906D00F0
:20B320005C113B60014082156D00C817912000F8D9FFF8E254FF370F504082158206823785
:20B340006D006219912000F8D9FFF8E2481F370F50408215820682376D005619912000F810
:20B36000D9FFF8E2482F370F50408215820682376D004A19912000F8D9FFF8E2483F370FFE
:20B3800050408215820682376D003E19912000F8D9FFF8E2484F370F5040821582068237E1
:20B3A0006D003219912000F8D9FFF8E2485F370F50408215820682376D002619912000F8D0
:20B3C000D9FFF8E2486F370F50408215820682376D001A19911000F6D9FFDC383B8038F14F
:20B3E000ACFF82146D007E113BA000406D007813910000F6D9FF285509F4C0086D003701B7
:20B4000091200048D94487E56D003D010090910000F6D9FF245514FF82204B0F0182910074
:20B4200000F6D9FF245514FF82204B0F0102DF01DF80DF081880912000F8D9FFF8E2486FE3
:20B44000370F50406D005618B0427B100000912000F8D9FFF8E2486F161F0FF010007420D4
:20B460003C1E9AF8534F20F0912000F8D9FFF8E210FF54FF370F50406D003C18B0427B105D
:20B4800000009AF8534F20F0912000F8D9FFF8E210FF54FF161F0FF010007420FF78A48038
:20B4A00082023C33910000F6D9FF305509F000088B001E00537020F0912000F8D9FF8BE547
:20B4C00010FF01F800F614F082119A120FF110102610DF001100532220F0911000F6D9FFF1
:20B4E000DC3810FF91000026D92228550920C008B4F03C0A532220F0911000F6D9FFDC3817
:20B5000010FF8200B4F0C212BF52CEFF3C34910000F6D9FF305509F001088B001EF0537F83
:20B5200020F0912000F8D9FF8BE510FF01F800F614F082119AB2C21F0FF110102610DF0013
:20B540001100532220F0911000F6D9FFDC3810FF91000026D9222855092FC008B4FF3C0A9B
:20B56000532220F0911000F6D9FFDC3810FFDA00B4FFC212BFA2CDFF3C34910000F6D9FF57
:20B58000305509FF02088B0F1EF0537F20F0912000F8D9FF8BE510FF01F800F614FF8210F6
:20B5A0008B621F10C2110F101000260F6E10532220F0911000F6D9FFDC3810FF91000026EC
:20B5C000D9222855092FC008B4FF3C0A532220F0911000F6D9FFDC3810FFDA00B4FFC21282
:20B5E000BFF2CDFF82146D007D103C1B534820F0912000F8D9FFF8E210FF54FF370F5040A9
:20B600006D007817B0428210534820F0912000F8D9FFF8E210FF54FF161F0FF0100074206A
:20B62000910000F6D9FF245591000026D9222455142FC21F34FF910000F6D9FF245514F0D4
:20B64000DA0E3FF01300910000F6D9FF2455DA0034FF91000046D944305591000056D9554D
:20B660002C5582346DFFE8F00090910000F6D9FF2855B4F40090910000F6D9FF2C5528247F
:20B680000090DA003C10104F09F00008F6023C0D910000F6D9FF2C5510FF104209200008E1
:20B6A00034F0C21FBF3FF1FF009020083BC0004049A4000A82656D00B901910000F6D9FF40
:20B6C000DC800CA18F8F20F014A0A60FB4FF910000F6D9FFE0800CA38F8F20000CA2A6F027
:20B6E000B4F0910000F6D9FFE4800CA58F8F20000CA4A6F0B4F0009020083B20014049A4C9
:20B70000000A82656D009201910000F6D9FFE8800CA18F8F20F014A0A60FB4FF910000F6F3
:20B72000D9FFEC800CA38F8F20000CA2A6F0B4F0910000F6D9FFF0800CA58F8F20000CA482
:20B74000A6F0B4F00090201082083B4001406D00C7118270B4A0DA0CACA23B3019F0ACA426
:20B7600082048205BB0068699B86096082076D00B91F3BD028408215821682376D004417B5
:20B7800082046D001F016D008E01DF021200820491200048D944DD8591200058D955F885F5
:20B7A0003B700E506DFFFAF282181D0008013BC0074082056D008F0182146D0091113B9032
:20B7C000054082056D0087013BE0054091200048D94487E33B0000526D00AB013B90054012
:20B7E00082156D0078013B4001406D0079113B1002406D00E700DF121200820491200048B6
:20B80000D944E49591200058D955F8853B600F506DFFC4F282181D00D2003BD007403BE0CC
:20B8200000506D0058013B0004403B700A506D0052013B2004403B900A506D004C0182208E
:20B84000DA003E0ADA01BE0582215F012000DA035F0F2A003C353B10044082056D003B0160
:20B86000910000F6D9FFF4807B0068F474FF3C373B10044082156D002E01910000F6D9FF17
:20B88000F4807B0060F474FF3C2A3B10044082256D002101910000F6D9FFF4807B0058F42D
:20B8A00074FF3C1D3B10044082356D001401910000F6D9FFF4807B0050F474FF3C1082041D
:20B8C00091200048D944F99591200058D955F8853BB011506DFF62F282183C01DF180380B3
:20B8E0003C6D8240DA003E0DDA01BE0ADA025F0F2700DA035F0F3300DA045F0F3F003C4C13
:20B900003B30044082456D00E600910000F6D9FFF4803BF026F19B3F38F46CF13C4C3B30F3
:20B92000044082356D00D700910000F6D9FFF4803BF026F19B3F30F46CF13C3D3B30044030
:20B9400082256D00C800910000F6D9FFF4803BF026F19B3F28F46CF13C2E3B3004408215F3
:20B960006D00B900910000F6D9FFF4803BF026F19B3F20F46CF13C1F3B30044082056D0043
:20B98000AA00910000F6D9FFF4803BF026F19B3F18F46CF13C10820491200048D944E0A538
:20B9A00091200058D955F8853B7014506DFFF6F182183C01DF1803803C0102823C01009092
:20B9C00020080248DA006E0A3BD028406D009215B0423B0000F2742F3C093BD028406D0035
:20B9E0008915B0427B0000F2742F82048F08485149A4000A82266D000A27DA016E0A3BD056
:20BA000028406D007715B0423B0000F2742F3C093BD028406D006E15B0427B0000F2742F59
:20BA200009A241083C01009020080248404C0259DA006E0A3BD028406D005C15B0423B001C
:20BA400000F2742F3C093BD028406D005315B0427B0000F2742F82048F08485149A4000A15
:20BA60008B1900606D00D326DA016E0A3BD028406D004015B0423B0000F2742F3C093BD0C2
:20BA800028406D003715B0427B0000F2742FDA003C0610AF081034C0B01CC21FBF6FFBFFC7
:20BAA0000090820982080280C21837087080DAFF7F0F048082193C0B82046DFF83FF022AE9
:20BAC00082146D000D10DA245FAFEFFF02923C0100900B451088DA006E0A3BD028406D00D1
:20BAE0000915B0423B0000F2742F3C093BD028406D000015B0427B0000F2742F820402851D
:20BB000002966D007727DA016E0A3BD028406D00F114B0423B0000F2742F3C093BD02840D0
:20BB20006D00E814B0427B0000F2742F00900248404F0259DA006E0A3BD028406D00DA14B6
:20BB4000B0423B0000F2742F3C093BD028406D00D114B0427B0000F2742F8204028540F4D6
:20BB600002966D008427DA016E0A3BD028406D00C114B0423B0000F2742F3C093BD0284093
:20BB80006D00B814B0427B0000F2742F0090910000F6D9FFD49009FFC008532F20406DFFF9
:20BBA000CCEB402C910000F6D9FFC89014FFEE13DA006E093B201E406D009C14B042DA04A0
:20BBC000742F3C093B201E406D009414B0427B4000F0742F82048205910000F6D9FFD4909F
:20BBE00009FFC008C2FF370F7060910000F6D9FFCC9009FFC008C2FF370F70706D00C803F4
:20BC000082003C0E532020F010CF91000026D922FC80092FC008B4FFC2103700700091000B
:20BC200000F6D9FFD49009FFC0083FF0EDFFDA003C0D910000F6D9FFD49009F4C00840C438
:20BC40006D00AE07C21F370F70F0910000F6D9FFCC9009F0C0083F0FEEFF910000F6D9FF25
:20BC6000C89014FFEE13DA016E093B201E406D004114B042DA04742F3C093B201E406D00AD
:20BC80003914B0427B4000F0742F40C46DFFCEE00090201849A4000A6DFF72F2DA01B4AF2C
:20BCA000910000F6D9FFD49009FFC008ACA1910000F6D9FFCC9009FFC008ACA2910000F644
:20BCC000D9FFC49014FF82003E0682103E0982203E0C3C0CDA062CA6DA082CA73C07DA08C6
:20BCE0002CA6DA102CA73C023C01912000F8D9FF887CF803912000F8D9FF8EEBF80449A4D7
:20BD0000000A6DFF01F200900B451088026A910000F6D9FFD49009FFC0080BF8304191201E
:20BD20000048D944C8B53B1020506DFFB0EF910000F6D9FFCC9009FFC0080BF930419120AA
:20BD40000048D944C8B53B2020506DFFA0EF910000F6D9FFC89014FFEE13DA006E093B20C4
:20BD60001E406D00C713B042DA04742F3C093B201E406D00BF13B0427B4000F0742F0B899A
:20BD800010480B8910686D00030302A46D007406910000F6D9FFC89014FFEE13DA016E0922
:20BDA0003B201E406D00A613B042DA04742F3C093B201E406D009E13B0427B4000F0742FD5
:20BDC00000902010DF045580910000F6D9FFC890DA0034FF910000F6D9FFE0903B101EF0FF
:20BDE000B4FF910000F6D9FFD8903B401EF0B4FF910000F6D9FFDC903B201EF0B4FFDAD3F9
:20BE0000B4AFDAD9ACA23B3019F0ACA482248205BB0070689B3639603BE00C706D00621C4E
:20BE20003B001E408215820682376D00ED13910000F6D9FFE09094F48215820682376D0088
:20BE4000E313910000F6D9FFDC9094F48215821682376D00D913910000F6D9FFD89094F409
:20BE60008215821682376D00CF131D008500910000F6D9FFC890DA0134FF910000F6D9FFC5
:20BE8000E0903B001EF0B4FF910000F6D9FFD8903B401EF0B4FF910000F6D9FFDC903B200D
:20BEA0001EF0B4FF3B001E408215820682376D00AB13910000F6D9FFD89094F482158206B7
:20BEC00082376D00A113910000F6D9FFDC9094F48215821682376D0097133B301E408215D6
:20BEE000820682376D0090133B501E408215820682376D0089133B101E4082158216823796
:20BF00006D0082133B9016408215821682376D007B133BA016408215821682376D0074130E
:20BF20003BB016408215821682376D006D133BC016408215821682376D0066133B001A4037
:20BF40008215821682376D005F133B101A408215821682376D0058133B201A4082158216D1
:20BF600082376D0051133B301A408215821682376D004A13910000F6D9FFC09014F46D009C
:20BF8000DC01910000F6D9FFD09009F4C008910000F6D9FFFC8009F5C0086D00C301DA0193
:20BFA0006E14910000F6D9FFD89094F46D00A212B0428210910000F6D9FFD89094FF161F7C
:20BFC0000FF0100074203C14910000F6D9FFD89094F46D008F12B0427B100000910000F60D
:20BFE000D9FFD89094FF161F0FF010007420DA006E14910000F6D9FFE09094F46D007A12EA
:20C00000B0428210910000F6D9FFE09094FF161F0FF0100074203C14910000F6D9FFE09043
:20C0200094F46D006712B0427B100000910000F6D9FFE09094FF161F0FF010007420825405
:20C040006D004E0DDA016E14910000F6D9FFE09094F46D004F12B0428210910000F6D9FFB3
:20C06000E09094FF161F0FF0100074203C14910000F6D9FFE09094F46D003C12B0427B1006
:20C080000000910000F6D9FFE09094FF161F0FF0100074203B8007406D00220D910000F641
:20C0A000D9FFC89014FFEE13DA006E093B201E406D002012B042DA04742F3C093B201E4022
:20C0C0006D001812B0427B4000F0742F3B1001406D006E063B8007406D00020D3B600340C0
:20C0E0006D006606910000F6D9FFC09014FF82003E0882103E0A82203E0D8230BE003C1456
:20C1000082046D00EB053C103B000C406D00E6053C0B3B0007406D00E1053C063B000A402E
:20C120006D00DC053C013BA003406D00410682546D00D4053B200B406D003A063BC00040F8
:20C140006D00CC053BC000406D00C80582046D00C5053B3003406D00C1053B3003406D0073
:20C16000BD053B700B406D0023063B5003406D00B5053BB00B406D001B063B9002406D003E
:20C18000AD053B200C406D00130682146D00A6053B300C406D000C063B9001406D009E05C0
:20C1A0003B400C406D0004063B0002406D0096053B500C406D00FC053BA001406D008E055B
:20C1C0003B600C406D00F4053BF001406D0086053B000D406D00EC053B400A406D007E0513
:20C1E0003B100A406D007A053B000E406D00E0053B000D406D0072053B8000406D006E059C
:20C200003BE000406D006A053B9000406D0066053B9000406D00620582546D005F053B1033
:20C2200003406D005B053B3003406D0057053B8004406D0053053B7001406D004F053B408B
:20C2400001406D004B053B5001406D0047053B1003406D0043053B4003406D003F053B105E
:20C260000E406D00A5053B000D406D0037053B8000406D0033053BE000406D002F053B90C1
:20C2800000406D002B053B9000406D0027053B5001406D0023053B1003406D001F053B3032
:20C2A00003406D001B053B8004406D0017053B7001406D0013053B4001406D000F053B50ED
:20C2C00001406D000B053B1003406D0007053B4003406D0003053B1002406D0069053B9033
:20C2E00002406D006505910000F6D9FFC89014FFEE13DA016E093B201E406D00FB10B042E5
:20C30000DA04742F3C093B201E406D00F310B0427B4000F0742F6DFF3CFC6DFFBCFC009096
:20C32000910000F6D9FFD090B4F4910000F6D9FFFC80B4F50090910000F6D9FFC09034F4AB
:20C34000DA003E48DA013E46DA02BE42DA03BE403C1D910000F6D9FFD490DAF0B4FF91003D
:20C3600000F6D9FFCC903B0014F0B4FF3C0F910000F6D9FFD4903B0014F0B4FF910000F61A
:20C38000D9FFCC90DAF0B4FF3C010090024F0B561088027A910000F6D9FFD49009F0C008D5
:20C3A0000B0F304191200048D944C8B53BA014506DFF6DEC910000F6D9FFCC9009F0C008DF
:20C3C0000B08304191200048D944C8B53BB014506DFF5DEC910000F6D9FFD49009F0C008BE
:20C3E0000B09304191200048D944C8B53BC014506DFF4DEC910000F6D9FFCC9009F0C008A5
:20C400000B0A304191200048D944C8B53BD014506DFF3DEC3BA002406D00CA0402F46D0044
:20C420002B0302946D0028033BB002406D00C00402846D00210302A46D001E033BC00240BA
:20C440006D00B604009049AA00CA0B451088026A910000F6D9FFD49009F0C0080B0830410C
:20C4600091200048D944C8B53BE025506DFF0FEC910000F6D9FFCC9009F0C0080B09304131
:20C4800091200048D944C8B53BF025506DFFFFEB910000F6D9FFC89014FFEE13DA006E09F7
:20C4A0003B201E406D002610B042824074203C093B201E406D001E10B0427B4000F0742FFF
:20C4C000910000F6D9FFC49014F0DA003E09DA015F0F4C00DA025F0FC2001D00C1009A5813
:20C4E000370F70609A79370F70700B8910486DFF4FFF82003C318B0A1EF0536F20F0912032
:20C5000000F8D9FF03D310FF01F000F614F182023C206F011000DA0603F20AF0532F20F0B9
:20C5200010AF91000026D922D090092FC008B4FF3C0EDA0603F20AF0532F20F010AF91007C
:20C540000026D922FC80092FC008B4FF86F1C212BF82E1FFC210BF60D0FF49A4000A3B002D
:20C5600003406D001D033C7B9A78370F70608BF900F0370F70700B8910486DFF09FF82038D
:20C580003C648B0A1E00530021F0912000F8D9FF6B5310FF01F300F614F08B0A1E10530191
:20C5A00021F0912000F8D9FF6B5310FF01F300F6088482013C206F001000DA0803F10A2345
:20C5C000532220F010AF91000026D922D0900922C008B4F23C0EDA0803F10A23532220F09A
:20C5E00010AF91000026D922FC800922C008B4F286F0C211BF81E1FF82003C246F041200E5
:20C60000DA0803F00A138B0104F0532F20F010AF91000026D922D090092FC008B4FF3C1046
:20C62000DA0803F00AF38B0F04F0532F20F010AF91000026D922FC80092FC008B4FF86F4EE
:20C64000C210BF80DDFFC213BF839DFF49A4000A3B0008406D00A4023C023C01910000F6AB
:20C66000D9FFC89014FFEE13DA016E093B201E406D00400FB042DA04742F3C093B201E403E
:20C680006D00380FB0427B4000F0742F009020180B4510880B6710A809AC5808910000F630
:20C6A000D9FFD49009F0C0080B08304191200048D944C8B53BA032506DFFE9EA910000F643
:20C6C000D9FFCC9009F0C0080B09304191200048D944C8B53BB032506DFFD9EA82000BB074
:20C6E000304191200048D944C8B53BC032506DFFCEEADA080BBF504191200048D944C8B5C5
:20C700003BD032506DFFC3EADA000BCF304191200048D944C8B53BE032506DFFB8EADA0630
:20C720000BCF504191200048D944C8B53BF032506DFFADEA7B00F8D349A4000A82043B103D
:20C7400001506DFFABE849A4000A3B0002401ACB92256DFFA3E83C067B0012F44BFD41D066
:20C76000C2FBFF1BFBFF4B0A31F14B0D31014B0F01024B0041F16BDF714A49A4000A02C54A
:20C780006DFF79EF49A4000A0B8910486D001E0100900B451088404C0B6710A809ACC008AB
:20C7A00009ADC40809AE4808910000F6D9FFD49009F0C0080B08304191200048D944C8B555
:20C7C0003B2039506DFF63EA910000F6D9FFCC9009FFC0080BF9304191200048D944C8B529
:20C7E0003B3039506DFF53EAA00F01CF104491200048D944C8B53B4039506DFF48EA532C15
:20C8000020406DFF9AE5402D910000F6D9FFC89014FFEE13DA006E093B201E406D006A0EA6
:20C82000B042DA04742F3C093B201E406D00620EB0427B4000F0742F1AC8C2FF370F7060B1
:20C840001AD9C2FF370F70700B8910486DFFA0FD82083C3C73B80AF04BDF110273A00AF098
:20C8600010CF82023C2C73A20AF04BCF110201F000261420DF0E15808FD03FF0161F8FBFD3
:20C8800020108FE03FF0163F865FA6F186D08FF001F1A6F1532220F010D2B4213C0F7FE0B5
:20C8A0000880532220F010D2DA00B42F3C07532220F010D2BBF0FFFFB42FC2123FC2D5FFED
:20C8C00040D402C46D006C01C2183FD8C5FF910000F6D9FFC89014FFEE13DA016E093B2077
:20C8E0001E406D00070EB042DA04742F3C093B201E406D00FF0DB0427B4000F0742F40D41A
:20C900006DFF94DA009020100B4510A80269027C910000F6D9FFD49009F0C0080B0A304182
:20C9200091200048D944C8B53B902D506DFFAFE9910000F6D9FFCC9009F0C0080B0B304115
:20C9400091200048D944C8B53BA02D506DFF9FE982000BC0304191200048D944C8B53BB0BC
:20C960002D506DFF94E9DA0A0BCF504191200048D944C8B53BC02D506DFF89E9DA0149A451
:20C98000000A82043BC000506DFF88E749A4000A3B0002408B1C00506DFF80E7FFAC0A806E
:20C9A0003C0453AF20F0C2FCFF1CFDFF4BF9018249A4000A02946DFFFAEE49A4000A0BABFB
:20C9C00010486D00030000900B451088404C910000F6D9FFD49009FFC0080BF830419120D3
:20C9E0000048D944C8B53BB02B506DFF50E9910000F6D9FFCC9009FFC0080BF93041912099
:20CA00000048D944C8B53BC02B506DFF40E9820A3C2C910000F6D9FFC49014F0DA003E075F
:20CA2000DA01BE0282215F011D003C1C8260030A0AF8370F704001CA00F609F6000802959D
:20CA40006DFF03FD3C0FDA0803FA0AF8370F704001CA00F609F6000802956DFFF6FC3C024D
:20CA60003C01C21A370A70A001CA00F609FF0008EED100900248910000F6D9FFC89014FF18
:20CA8000EE07822402856D00101F1D008800DA006E093B201E406D002D0DB042824074203A
:20CAA0003C093B201E406D00250DB0427B4000007420DA016E093B301E406D001B0DB042F6
:20CAC000DA08742F3C093B301E406D00130DB0427B8000007420DA006E093B501E406D000E
:20CAE000090DB042DA20742F3C093B501E406D00010DB0427B0002F0742F8F883F406D00E3
:20CB00000A02DA016E093B501E406D00F30CB042DA20742F3C093B501E406D00EB0CB0424F
:20CB20007B0002F0742FDA006E093B501E406D00E10CB042DA20742F3C093B501E406D0027
:20CB4000D90CB0427B0002F0742F8FF80F416D00E201DA016E093B501E406D00CB0CB04256
:20CB6000DA20742F3C093B501E406D00C30CB0427B0002F0742FDA016E093B201E406D0034
:20CB8000B90CB042DA04742F3C093B201E406D00B10CB0427B4000F0742F0090404F02488C
:20CBA00091000026D922C890142FEE08822440F402856D00B31E1D009000DA006E093B203A
:20CBC0001E406D00970CB042DA04742F3C093B201E406D008F0CB0427B4000F0742FDA0153
:20CBE0006E093B301E406D00850CB042DA08742F3C093B301E406D007D0CB0427B8000F09F
:20CC0000742F3C55DA006E093B501E406D00720CB042DA20742F3C093B501E406D006A0C1B
:20CC2000B0427B0002F0742F09F4C00886846D007201DA016E093B501E406D005B0CB04242
:20CC4000DA20742F3C093B501E406D00530CB0427B0002F0742FDA006E093B501E406D0094
:20CC6000490CB042DA20742F3C093B501E406D00410CB0427B0002F0742F09FFC0088FFF88
:20CC80000F416D004801DA016E093B501E406D00310CB042DA20742F3C093B501E406D007F
:20CCA000290CB0427B0002F0742FB02F028FC2F8EEAADA016E093B201E406D001B0CB042EA
:20CCC000DA04742F3C093B201E406D00130CB0427B4000F0742F00900248910000F6D9FFD0
:20CCE000C89014FFEE06822402856D005F1E3C5EDA006E093B201E406D00FC0BB042DA04D6
:20CD0000742F3C093B201E406D00F40BB0427B4000F0742FDA016E093B301E406D00EA0B49
:20CD2000B042DA08742F3C093B301E406D00E20BB0427B8000F0742FDA006E093B501E405A
:20CD40006D00D80BB042DA20742F3C093B501E406D00D00BB0427B0002F0742F02846D0089
:20CD6000DA00DA016E093B501E406D00C30BB042DA20742F3C093B501E406D00BB0BB04281
:20CD80007B0002F0742FDA016E093B201E406D00B10BB042DA04742F3C093B201E406D0071
:20CDA000A90BB0427B4000F0742F00900248910000F6D9FFC89014FFEE2BDA006E093B0036
:20CDC0001E406D00970BB042DA01742F3C093B001E406D008F0BB0427B1000F0742F8224DB
:20CDE00002856D00E31DDA016E093B001E406D00810BB042DA01742F3C093B001E406D00A0
:20CE0000790BB0427B1000F0742F1D008300DA006E093B201E406D006D0BB042DA04742F7C
:20CE20003C093B201E406D00650BB0427B4000F0742FDA006E093B101E406D005B0BB04218
:20CE4000DA02742F3C093B101E406D00530BB0427B2000F0742FDA016E093B301E406D00F2
:20CE6000490BB042DA08742F3C093B301E406D00410BB0427B8000F0742FDA006E093B50C4
:20CE80001E406D00370BB042DA20742F3C093B501E406D002F0BB0427B0002F0742F028499
:20CEA0006D003900DA016E093B501E406D00220BB042DA20742F3C093B501E406D001A0BA8
:20CEC000B0427B0002F0742FDA016E093B201E406D00100BB042DA04742F3C093B201E404C
:20CEE0006D00080BB0427B4000F0742FDA016E093B101E406D00FE0AB042DA02742F3C094C
:20CF00003B101E406D00F60AB0427B2000F0742F0090912000F8D9FFF8E1C8628F9420F094
:20CF2000912000F8D9FFF8E1C86F54F0B7008404A60F742F912000F8D9FFF8E1C88286C497
:20CF4000912000F8D9FFF8E1C88F54FFB70F04F0A6F474240090911000FF8250530022F07A
:20CF600010F2530022F010FF39FF1F029604E92F1F02911000FFDA05534F20F010FF39FF97
:20CF8000C081370F61F18B0F20F23C016E1F910000F6D9FFE490DA0034FF82546D00E40536
:20CFA000911000FF8250534020F010F2534020F010FF39FFC2819604E92FC281910000F6B1
:20CFC000D9FF3455DA0134FF3C2D910000F6D9FF385591000026D9223855142FC21F34FFF7
:20CFE000910000F6D9FF385514FF911000F6D9FFFC0814F03F0F1780910000F6D9FF3855EA
:20D00000DA0034FF910000F6D9FFCCA0DA0034FF910000F6D9FFE490DA0134FF82546D0007
:20D02000A30500902008404C8208DA007801910000F6D9FFF8A009FFC0083B0023003E02C2
:20D040003C03DA093C03DA083C0192F93C57910000F6D9FFF8A009F0C0083B0023107F107D
:20D060000980534920F010CF94F0DA097E023C45DAA534AFDAF12CA1534920F010CF94FF1C
:20D08000370F70F08F8F3F0089A002082CA3821449A4000A82456D00E820820A910000465F
:20D0A000D94420456DFFC8E9BF321980DA03780191000046D944204549A5000A49A6040AA3
:20D0C00082046DFFF0E8534920F010CF0CA18F8F20000CA2A6F0A8103C0B82146D000005C5
:20D0E00002A0C21A370A70A0DA803FF0D9FFDA807FAF048082183C04C2F9FF19AAFF02821A
:20D100003C010090200882098208DA007801DAA534AFDAF12CA1DAF28F8F3F0089A002085C
:20D120002CA3821449A4000A82456D009E2091000046D94420456DFF7FE9BF321580DA0311
:20D14000780191000046D944204549A5000A49A6040A82046DFFA7E80CA18F8F20800CA26E
:20D16000A6F83C0B82146D00BB040290C21937097090DA803FF0DDFF02823C01009020186D
:20D18000DA003B800C406D00AB04911000F6D9FFC018821034F0821491200048D9446E2D4E
:20D1A00091200058D955D6DCA0066D00B30249A4000A82043B0032503B3004603B200470E6
:20D1C0006D00B91049A4000A91000056D955D0A06DFF94EBDF027300911000F6D9FFC01817
:20D1E000820034F0821491200048D9446E2D91200058D955D6DC91200068D9667C1D6D00FB
:20D2000089026DFF30EB82143B005852824682276D008E1C821482156D00B71E91000046B3
:20D22000D94420456DFFCCE7910000F6D9FFF8A06DFF6AFFB4F291000046D944D0A06D000A
:20D240005300DF021B00820491200048D944F2B591200058D955CCC53BE01E506DFF9EE5FC
:20D26000821482056D00911E8204A004A005A0066D005002DA013C3491000046D944E8908A
:20D280006DFFD2FEDF021B00820491200048D944F7C591200058D955CCC53BB01F506DFF70
:20D2A0007DE5821482056D00701E8204A004A005A0066D002F02DA013C1382046DFFAE9087
:20D2C0004924240A911000F6D9FFFC0891000056D9553C553B00AC436DFFD3EA34F202F22D
:20D2E0003C0100902008404C82198208DA007801910000F6D9FFF8A009FFC0083B00230010
:20D300003E023C043B9000A03C043B8000A03C013C1DDAA534AF534A20F010CF94FF2CA1A3
:20D32000534A20F010CF881F370F70008F803FF02CA289A00308821449A4000A82456D0003
:20D34000941F82246D00CC03C2FADAFF3FFAE3FF91000046D94420456DFF6EE8BF321980E3
:20D36000DA03780191000046D944204549A5000A49A6040A82046DFF96E70CA13BF00F00B3
:20D380003E050CA23BF00F007E0382093C0B82146D00A6030280C21837087080DA803FF04F
:20D3A000D9FF02923C01009020080249820B911000F6D9FFC01814FFEE5B82149120004802
:20D3C000D9446E2D91200058D955D6DC91200068D9667C1D6D009E01820ADA007801DAA551
:20D3E00034AFDAF02CA102988F893FF02CA289A90308821449A4000A82456D00361F910020
:20D400000046D94420456DFF17E8BF321580DA03780191000046D944204549A5000A49A6BD
:20D42000040A82046DFF3FE70CA18F8F20800CA2A6F83C0B82146D00530302A0C21A370AB0
:20D4400070A0DA803FF0DDFF5F980580DA803FFA0380821B821491200048D9446E2D912030
:20D460000058D955D6DCA0066D0054013C0502946DFFF2EE022B02B23C0100902008DA0039
:20D4800034AF821449A4000A6D00571D14A0DAA57E0791000046D94420456DFF91E69100B6
:20D4A0000046D944204514A46DFFA2E8009082346DFF17A3910000F6D9FF3855DA0034FF91
:20D4C000910000F6D9FF345514FF6E2E910000F6D9FF3455DA0034FF911000FF82505340BB
:20D4E00020F010F2534020F010FF39FFC0819601E92FC08182046DFF918F4924240A9110B1
:20D5000000F6D9FFFC08825491000056D9553C55827582063B00AC736D00420334F2825436
:20D520006D0030033C34911000F6D9FFFC0814FFDF1F2B80910000F6D9FF3C5580FFB70F77
:20D540001CF07B00000DFE034DC0E1FF16073C01910000F6D9FF3C5580F0B7000C0AB7709B
:20D56000030E7B000011E21FA2F03C06910000F6D9FF3C5580F0911000FFDA05530F22F0E6
:20D5800010FF59F00C0282546D00FC02910000F6D9FFCCA0DA0134FF0090911000F6D9FF0C
:20D5A000D44814FF6E0B82146D00DA1C91100046D944FC3802246DFF1BE800909110004686
:20D5C000D944FC386DFFFCE5009002453B4040406D005D08009091100046D944FC388204BB
:20D5E00091100056D955C4183B4006506DFF3FE63B4040408215820682376D0005088214E5
:20D600003B90D05306753BB0006082776D00901A821482156D00B91C911000F6D9FFD4484C
:20D62000DA0134FF91100046D944E8286DFF7EBB91000046D944FCA091100056D955E8285E
:20D6400082143B4006506DFF70B991100046D944E82882146DFF15BB3B4006406D00610257
:20D6600000902038404F02488209DA0089AF3209DA003B20030089A0320991100046D94471
:20D68000FC3849A5000A49A6320A82046DFF0BE609A032097F08078009AF3209A28F370FF4
:20D6A00068F06E0E3C0810A2142034F0B01FC21F370F68F009A032093F0FF7FF82190292A3
:20D6C0003C010090404F024F91100046D944FC386DFF76E5821440F402F56D00C61D0090FD
:20D6E00091100046D944DC3891100056D955E8286DFF2EBB370270F06E013B6004406D0034
:20D70000100291100046D944E8286DFF90BA0090910000F6D9FFD0C034F47C66912000688B
:20D72000D96640ED3C01910000F6D9FFD4C0F4F67C4691200048D94440ED3C01910000F69A
:20D74000D9FFD8C0F4F47C5691200058D95540ED3C01910000F6D9FFCCC0F4F50090910009
:20D7600000F6D9FFE4C034F47C4691200048D94440ED3C01910000F6D9FFE0C0F4F4009056
:20D7800000902008822491000046D944F0C06D00D41B91100046D944D85891000056D955E2
:20D7A000F0C082146DFF59E6910000F6D9FFECC014FFDE2E91100046D944D8586DFF3CE68C
:20D7C000DF321780DA0374AF910000F6D9FFECC0DA0334FF91100046D944D858910000566B
:20D7E000D955E8C049A6000A82046DFF5CE500908208821491200048D94442ED6DFFB1FF16
:20D8000091100046D944D858820491100056D955D8483B0004506DFF2AE53B2014408205C9
:20D82000821682176D00F006910000F6D9FFECC0DA0134FF910000F6D9FFE8C0DA0034FF27
:20D84000910000F6D9FFE8C0DA012CF1910000F6D9FFE8C0DA032CF23B2014406D00C406E1
:20D86000022F3B2014408215823702F66D00CC068224BB00205C9B1500503BE000603BA00E
:20D8800000706D005519822482156D007E1B82546D0026013B2014408B0F00526D00F7068B
:20D8A0003B4006406D001C013B2014406D000607910000F6D9FFECC0DA0234FF910000F653
:20D8C000D9FFE8C014F582246D00DB1C910000F6D9FFE8C0081582246D00D31C910000F608
:20D8E000D9FFE8C0082582246D00CB1C3B4001406D00F600910000F6D9FFECC014FF1E33F3
:20D9000082183C2B910000F6D9FFE8C014F0DAA5BE03910000F6D9FFE8C0081F3BF00F0053
:20D920003E0B910000F6D9FFE8C0082F3BF00F003E0382183C12910000F6D9FFECC0DA0018
:20D9400034FF3B2014408205820682176D005C063BA000406D00C40002823C0100900D00C4
:20D96000000282046DFF7BE79100004F82046DFFF1A3910000F6D9FFF4C0DA0034FF0D00BE
:20D98000400200800D00000282046DFF68E7C5F4004082046DFFDEA3910000F6D9FFF8C0F2
:20D9A000DA0034FF0D004002008002484DC0E1FF16073C01370F48404DC0E20F3700E1070F
:20D9C0008B0020F23C013C01EE0D6DFFE1A3092010093C013C014C243C01A20F3F8FFDFF61
:20D9E0003C3A82FF5F4F3700DA003E44DA01BE4A3C32910000F6D9FFF4C0DA0134FF6DFF11
:20DA00001EE785FF100042F8A5F8300002246DFF26E73C01910000F6D9FFF4C014FFEEFB7B
:20DA20003C1A910000F6D9FFF8C0DA0134FF6DFF06E785FF1040428FA5FF304002246DFFC7
:20DA40000EE73C01910000F6D9FFF8C014FFEEFB3C023C01009020104DC0E2FF370FE1F73A
:20DA60008B0F20823C010D00400300003C013C01820034A0DA002CA2DA1F2CA3DA002CA1F6
:20DA8000DA017801DADCACA4DA002CAA9100004F49A5000A6DFFA7A39100004F82046DFF1C
:20DAA00059A3DA0034AFDA002CA2DA1F2CA3DA002CA1DA017801DADDACA4DA012CAAC5F4D1
:20DAC000004049A5000A6DFF8EA3C5F4004082046DFF40A376830D0000030090024FBB00FE
:20DAE000C4097FF017803C0A3B0080429BB4E64E6DFF5DFFBB00C409A20FBB00C4093FF0D5
:20DB0000F5FF3B50C3400654E2F46DFF50FF3C073B50C3400654E2F46DFF49FF0090024F02
:20DB20003B00A0059B2026007FF019803C0C3B0080429BB4E64E6DFF3AFF3B00A0059B2014
:20DB40002600A20F3B00A0059B2026003FF0F1FF534F26406DFF2BFF3C05534F26406DFFBB
:20DB600026FF0090911000FF534420F010F2534420F010FF39FFC2819602E92FC2810090F3
:20DB8000911000FF534420F010F2534420F010FF39FFC2819601E92FC281009020500248CF
:20DBA000404C405D0279025402656D00870349A40C0A9110005F6DFFB98849A4100A49A568
:20DBC0000C0A6DFF1A8949A4140A49A5100A6DFFFA88DA084BF911028B010042912000481F
:20DBE000D944D1D53B8005506DFF51E0821C4BC911A23B0000047FA01D803C1A4BC91102D8
:20DC0000020A3B0000F43FAF06804BC91102F6123C10C21C370C68C0BFBC0B808204912054
:20DC20000048D944D1D53B9006506DFF30E03CE7DF1C0C80DA0089AF3E08DA0089AF3208EE
:20DC4000DA0089AF22093C30DA0C89AF3E08DA0189AF3208910000F7D9FF000049FF200A98
:20DC600080FFB70F1C007B0000FDFE054DC0E1FF16073C01910000F7D9FF000049FF200AAF
:20DC800080F0B7000C0AB770030E7B000011E21FA2F03C08910000F7D9FF000049FF200ADA
:20DCA00080F089A02209DA0089AF3108DA0089AF3308DA0289AF360880CFB70F1C007B000A
:20DCC00000FD7E0F4DC0E1FF16073C0180C0B7000C0AB770030E7B000011E21FA2F03C02D1
:20DCE00080C089A01A09DA0089AF3A08DA0189AF3F08DA0089AF3B0889A81808DA0089AF32
:20DD00003708DA0189AF0418DA3C89AF8818DA0089AF0A1880DFB70F1C007B0000FD7E0F2D
:20DD20004DC0E1FF16073C0180D0B7000C0AB770030E7B000011E21FA2F03C0280D089A071
:20DD40001E0989AAAE0849A4000A49A5140A6DFFEF87BF2C8F8082081D008A00738A0AF0AC
:20DD600010DF80F0B7001C007B0000FDFE034DC0E1FF8F7F00013C01738A0AF010DF80FF5A
:20DD8000B70F0CFAB77F03FE7B000011E210A20F3C05738A0AF010DF80FF89AF1E099AFCB6
:20DDA0005F8F2680910000F7D9FF000080FFB70F1C007B0000FDFE034DC0E1FF16073C014E
:20DDC000910000F7D9FF000080F0B7000C0AB770030E7B000011E21FA2F03C06910000F785
:20DDE000D9FF000080F089A022093C319A18530F22F0910000F7D9FF000010FF80FFB70F40
:20DE00001C007B0000FDFE084DC0E1FF8F7F00013C019A18530F22F0910000F7D9FF0000A9
:20DE200010FF80FFB70F0CFAB77F03FE7B000011E210A20F3C0A9A18530F22F0910000F72E
:20DE4000D9FF000010FF80FF89AF220989AAAE08530822F0910000F7D9FF000010F449A551
:20DE6000140A6DFFC787C218370868803FC878FF910000F7D9FF000049FF005AD4F209FF7B
:20DE80000408BC21534F20F060FF9140003F30F3D93F40483C013C01B03F14FF960234FF6E
:20DEA00002C23C010090DA003E4ADA013E4CDA023E4EDA03BE40DA04BE423C15DA00A5FF1A
:20DEC000F4823C11DA00A5FFF8823C0DDA00A5FFFC823C09DA00A5FFC0923C05DA00A5FF6E
:20DEE000C4923C010090DA003E4BDA01BE41DA02BE47DA03BE4DDA045F4F23003C2985FF61
:20DF0000F482370F70F03C01370F50203C2285FFF882370F70F03C01370F50203C1A85FF23
:20DF2000FC82370F70F03C01370F50203C1285FFC092370F70F03C01370F50203C0A85FF43
:20DF4000C492370F70F03C01370F50203C0282023C010090026F82005F40100082105F4070
:20DF60003A0082205F40570082305F407A0082405F40A4001D00C900F656912000F8D9FF4C
:20DF8000E09F3C11DF150780912000F8D9FFF49F3C0A820491200048D944F8D53BC0035029
:20DFA0006DFF75DEEE06912000C8D9CCF88F3C105E16912000C8D9CCCC9F3C0A8204912043
:20DFC0000048D944F8D53B0004506DFF60DE1D009C00DF250780912000F8D9FFDCAF3C0A40
:20DFE000820491200048D944F8D53B6004506DFF4EDE5E26912000C8D9CCC8AF3C0A82044C
:20E0000091200048D944F8D53B9004506DFF3FDE3C7BDF350780912000F8D9FFD8BF3C0AC5
:20E02000820491200048D944F8D53BF004506DFF2EDE5E36912000C8D9CCF0AF3C105E463F
:20E04000912000C8D9CCC4BF3C0A820491200048D944F8D53B3005506DFF19DE3C55DF4598
:20E060000780912000F8D9FFD4CF3C11DF550780912000F8D9FFE8CF3C0A820491200048F0
:20E08000D944F8D53BA005506DFF01DE5E56912000C8D9CCECBF3C105E66912000C8D9CC70
:20E0A000C0CF3C0A820491200048D944F8D53BE005506DFFECDD3C28DF650780912000F8A5
:20E0C000D9FFD0DF3C11DF750780912000F8D9FFE4DF3C0A820491200048D944F8D53B5013
:20E0E00006506DFFD4DD5E76912000C8D9CCFCCF3C0A820491200048D944F8D53B80065030
:20E100006DFFC5DD3C013B000140820540F46DFFCE863B000140820540C46DFF80860090B4
:20E120000248025F0269C5F4C0826DFF6986821005F1D5863701820125F0D582820005F1F1
:20E14000E1863701820125F0E1820B8F104802966DFF02FFDA003E8FDA015F8F2A00DA02B8
:20E160005F8F4400DA035F8F5E00DA045F8F78001D009300DA0305F0D08637F003F025FFEA
:20E18000D082DA0105F0D18637F001F025FFD182DA0705F0D08637F083F125FFD082DA015F
:20E1A00005F0D08637F001F325FFD0823C75DA0305F0D48637F003F025FFD482DA0105F042
:20E1C000D58637F001F025FFD582DA0705F0D48637F083F125FFD482DA0105F0D48637F0BB
:20E1E00001F325FFD4823C58DA0305F0D88637F003F025FFD882DA0105F0D98637F001F00E
:20E2000025FFD982DA0705F0D88637F083F125FFD882DA0105F0D88637F001F325FFD8826B
:20E220003C3BDA0305F0DC8637F003F025FFDC82DA0105F0DD8637F001F025FFDD82DA07E8
:20E2400005F0DC8637F083F125FFDC82DA0105F0DC8637F001F325FFDC823C1EDA0305F04F
:20E26000E08637F003F025FFE082DA0105F0E18637F001F025FFE182DA0705F0E08637F05F
:20E2800083F125FFE082DA0105F0E08637F001F325FFE0823C010090DA003C0C534F2000FC
:20E2A000600F9140003F30F3D93FD438820074F0C21FBF4FF57F009020080B4510A84DC082
:20E2C000E20F3700E1078B0020E23C010D00400300003C013C0102A46D008700402F3B0056
:20E2E0000150C82408C46DFFB488084409F550086DFF2D9D084F74AFDA034BFA01C2DA0359
:20E300004BFA0182DA003EB6DA013EBBDA02BEB03C1654A46DFF199C54A46DFFBA9C3C18D0
:20E3200054A46DFF669C54A46DFF399C3C1154A46DFF5F9C54A46DFFAC9C3C0A8204912069
:20E340000048D944E3E53B500A506DFFA0DC54A46DFFC79C54A402C56DFFCD9B821602844B
:20E3600054A56DFF1E9D02846DFF6B9C821502846DFF519DDA044BF80102534120F060FFE6
:20E380009140003F30F3D93FD438DA034BFA0102DA044BF00102DA003E18DA013E19DA02A7
:20E3A0003E1ADA033E1B3C0D8200DA283C0A8200DA293C078230DA053C048200DA2F3C015B
:20E3C00014F137F108F034FF081F370F82F12CF1083F96022CF3081F96042CF102EF6E03AA
:20E3E0000D0000030090DA015F4F2D00DA045F4F2F00DA065F4F3100DA075F4F3300DA08A9
:20E400005F4F3500DA095F4F3700DA0A5F4F3900DA0B5F4F3B00DA0C5F4F3D00DA0D5F4F52
:20E420003F00DA0F5F4F4100DA125F4F4300DA135F4F4500DA155F4F4700DA165F4F49003D
:20E440003C4C91200028D92274A23C5191200028D92248B23C4C91200028D92264E23C47CA
:20E4600091200028D92258C23C4291200028D92268D23C3D91200028D92250E23C3891207E
:20E480000028D9227CD23C3391200028D9226CC23C2E91200028D92244C23C299120002818
:20E4A000D92278E23C2491200028D92254D23C1F91200028D92270B23C1A91200028D92232
:20E4C0004CF23C1591200028D92240D23C1091200028D9225CB23C0B820491200048D944B6
:20E4E000E3E53B5004506DFFD2DBA0023C010090BB00FEFF26F4DA005F4F3200DA405F4F99
:20E5000034003B0014F05F4F35003B0016F05F4F36003B001AF05F4F37003B001CF05F4F61
:20E5200038003B001EF05F4F39003B0028F05F4F3A003B002AF05F4F3B003B002CF05F4FF5
:20E540003C003B002EF05F4F3D003B0040F05F4F3E003B0042F05F4F3F003C429140002F0C
:20E56000D922000A3C3E9140002FD922008A3C399140002FD922000B3C349140002FD922B1
:20E58000004B3C2F9140002FD92200CB3C2A9140002FD922400B3C259140002FD922404B6C
:20E5A0003C209140002FD922000C3C1B9140002FD922004C3C169140002FD922008C3C1134
:20E5C0009140002FD92200CC3C0C9140002FD922008D3C079140002FD92200CD3C023C011E
:20E5E0003C010090024F02F46DFF84FF161F09202409570061FF6E0382123C0282023C01D2
:20E600003C0100900B451088026AF69DDA003E74DA023E743C05DA003C05DA083C03DA10C5
:20E620003C013C08DA043E723C03DAC03C03DA803C0102846DFF5EFF8FF80141402402F5A9
:20E640006DFF078702846DFF55FF8FF80141820540246DFF3087DF19198076AC02846DFFFE
:20E6600049FF8FF801F182100FF01000892004093C0C02846DFF3EFF8FF801F17B10000007
:20E680000FF01000892004090090024F765B02F46DFF30FF161F82100FF0100089200409E6
:20E6A0003C0B02F46DFF26FF161F7B1000000FF01000892004090090024F02F46DFF1AFFAB
:20E6C000161F82109B1000000FF01000892004090090912000F8D9FFE07FD4F46DFF7A7A6B
:20E6E000912000F8D9FFE07FC8246DFF737A009020880249025A4DC0E2FF370FE1F78B0F70
:20E7000020B23C010D00400300003C013C01DA024BF901426DFF897A402F49A4240A40F58F
:20E720006DFFAF7D6DFFD29602246DFF25BE0B2310C882083C1C820702A60BCD10486DFF43
:20E74000790C0B231048BB0024649BF6006082076DFFC00CBBF0FFFF7FF203803C0B8FFD49
:20E760001F1077CD800F0B0110C8C218DA103FF8E4FFDA103FF80280DA003E98DA013E9DCC
:20E78000DA02BE92DA03BE973C1DDA0089AF2418DA1E89AFA2183C16DA0089AF2A18DA1FEB
:20E7A00089AFA8183C0FDA0089AF2418DA2089AFA2183C08DA0089AF2A18DA2189AFA81851
:20E7C0003C01DA024BF90102DF011780DA0089AF0018DA0789AF2018DA0189AF211889A270
:20E7E00028090BCD10486DFFA9BE89A22409DA0089AF0C183C15DA0189AF0018DA0989AFC0
:20E800002618DA0289AF271889A230090BCD10486DFF94BE89A22C09DA0089AF1418DA009D
:20E8200089AF9A18DA0089AF9C18DA0089AF012849A4000A49A5240A6DFF5E7B02BF6E0363
:20E840000D0000034D00D0FF16015E19DA0182103700010E37F0040C89F0283949A4000A43
:20E860006DFF297D0090DAAB3F4F0D00DA003FF40A005AF4912000F8D9FFF80290FFD4FF94
:20E88000DC0F1D00F20391200028D922DCFF1D00F60391200028D922F8DF1D00F00391204A
:20E8A0000028D922C8FF1D00EA0391200028D922F4EF1D00E40391200028D922E0EF1D00E9
:20E8C000DE0391200028D922CCEF1D00D80391200028D92214B11D00D20391200028D92271
:20E8E00028B11D00CC0391200028D9223CB11D00C60391200028D92200B11D00C003912096
:20E900000028D9220CD11D00BA0391200028D92238C11D00B40391200028D92224C11D00A6
:20E92000AE0391200028D92210C11D00A80391200028D92208E11D00A20391200028D92266
:20E940001CE11D009C0391200028D92220D11D00960391200028D92234D11D009003912049
:20E960000028D92218F11D008A0391200028D92204F11D00840391200028D92230E11D0052
:20E980007E0391200028D92254011D00780391200028D92268011D00720391200028D92292
:20E9A0002CF11D006C0391200028D92240011D00660391200028D92264111D006003912099
:20E9C0000028D92250111D005A0391200028D9227C011D00540391200028D92278111D00FA
:20E9E0004E0391200028D9224C211D00480391200028D9225C311D00420391200028D92286
:20EA000048311D003C0391200028D92274211D00360391200028D92260211D00300391200C
:20EA20000028D92270311D002A0391200028D9226C411D00240391200028D92258411D0079
:20EA40001E0391200028D92244411D00180391200028D92240511D00120391200028D92299
:20EA60007C511D000C0391200028D92268511D00060391200028D92254511D0000039120A0
:20EA80000028D92250611D00FA0291200028D92278611D00F40291200028D92264611D0013
:20EAA000EE0291200028D92258911D00E80291200028D9224C711D00E20291200028D9223C
:20EAC00044911D00DC0291200028D9225C811D00D60291200028D92270811D00D00291205B
:20EAE0000028D92248811D00CA0291200028D92274711D00C40291200028D92260711D00E3
:20EB0000BE0291200028D92240A11D00B80291200028D92254A11D00B20291200028D9223B
:20EB200068A11D00AC0291200028D9226C911D00A60291200028D92274C11D00A0029120F2
:20EB40000028D9224CC11D009A0291200028D92260C11D00940291200028D92278B11D000A
:20EB60008E0291200028D92264B11D00880291200028D92250B11D00820291200028D9222B
:20EB80007CA11D007C0291200028D92270D11D00760291200028D92244E11D0070029120DA
:20EBA0000028D92248D11D006A0291200028D9225CD11D00640291200028D92254F11D00D6
:20EBC0005E0291200028D92240F11D00580291200028D9226CE11D00520291200028D922F3
:20EBE00058E11D004C0291200028D92290011D00460291200028D922A4011D00400291201E
:20EC00000028D92268F11D003A0291200028D9227CF11D00340291200028D922A0111D00E9
:20EC20002E0291200028D9228C111D00280291200028D922B8011D00220291200028D9224A
:20EC4000B4111D001C0291200028D92288211D00160291200028D92298311D001002912085
:20EC60000028D92284311D000A0291200028D922B0211D00040291200028D9229C211D001D
:20EC8000FE0191200028D922AC311D00F80191200028D922A8411D00F20191200028D9220D
:20ECA00090511D00EC0191200028D922BC411D00E60191200028D92294411D00E00191203C
:20ECC0000028D92280411D00DA0191200028D922A4511D00D40191200028D922B4611D0097
:20ECE000CE0191200028D92288711D00C80191200028D9228C611D00C20191200028D9221D
:20ED0000A0611D00BC0191200028D922B8511D00B60191200028D9229C711D00B001912007
:20ED20000028D92298811D00AA0191200028D92284811D00A40191200028D922B0711D0022
:20ED40009E0191200028D922AC811D00980191200028D922BC911D00920191200028D922B8
:20ED6000A8911D008C0191200028D92280911D00860191200028D92294911D0080019120DF
:20ED80000028D922B8A11D007A0191200028D922A4A11D00740191200028D92290A11D0092
:20EDA0006E0191200028D922B4B11D00680191200028D922A0B11D00620191200028D922AC
:20EDC0008CB11D005C0191200028D92288C11D00560191200028D92284D11D0050019120A3
:20EDE0000028D922B0C11D004A0191200028D9229CC11D00440191200028D92294E11D001E
:20EE00003E0191200028D92280E11D00380191200028D92298D11D00320191200028D922C7
:20EE2000ACD11D002C0191200028D922B8F11D00260191200028D922A4F11D0020019120F2
:20EE40000028D92290F11D001A0191200028D922BCE11D00140191200028D922A8E11D00B9
:20EE60000E0191200028D922CC011D00080191200028D922F0111D00020191200028D922F3
:20EE8000DC111D00FC0091200028D922F4011D00F60091200028D922C8111D00F000912025
:20EEA0000028D922E0011D00EA0091200028D922C4211D00E40091200028D922E8311D0083
:20EEC000DE0091200028D922D4311D00D80091200028D922D8211D00D20091200028D922F6
:20EEE000EC211D00CC0091200028D922C0311D00C60091200028D922FC311D00C0009120E5
:20EF00000028D922F4511D00BA0091200028D922E0511D00B40091200028D922F8411D00B2
:20EF2000AE0091200028D922CC511D00A80091200028D922D0411D00A20091200028D922F5
:20EF4000E4411D009C0091200028D922EC711D00960091200028D922C4711D009000912088
:20EF60000028D922D8711D008A0091200028D922DC611D00840091200028D922F0613C7EED
:20EF800091200028D922C8613C7991200028D922FC813C7491200028D922D4813C6F912039
:20EFA0000028D922E8813C6A91200028D922C0813C6591200028D922D0913C6091200028BF
:20EFC000D922CCA13C5B91200028D922F8913C5691200028D922E4913C5191200028D92299
:20EFE000DCB13C4C91200028D922C8B13C4791200028D922E0A13C4291200028D922F4A1F0
:20F000003C3D91200028D922D8C13C3891200028D922C4C13C3391200028D922F0B13C2EEF
:20F0200091200028D922ECC13C2991200028D922E8D13C2491200028D922D4D13C1F912078
:20F040000028D922C0D13C1A91200028D922FCD13C1591200028D922E4E13C1091200028F6
:20F06000D922D0E13C0B820491200048D944CBF53B3010506DFF0BD6A0023C010090203862
:20F080009100014F6DFF5B7F910001FF19FF00C0AE1F9100014F8204BB0068599B85B95403
:20F0A0006DFF40819100014F82246DFF208149A4000A9100015F6DFFC48082083C1982098D
:20F0C0003C13370868F02CA4370948F02CA549A4240A49A5000A6DFF138049A4240A82146E
:20F0E0006DFFF180C219DA083FF9ED7FC218BF48E87F00902038024F0B5610883B007102AA
:20F100000B90504191200048D944CBF53B8015506DFFBDD502F46DFFA8FB402F14FF8200C6
:20F120003E0882103E0782203E0682303E053C053C043C033C023C019100014F6DFFFF7ED2
:20F140009100012F192F00C0AE1F9100014F8204BB0068599B85B9546DFFE4809100014F58
:20F1600082246DFFC48049A4000A9100015F6DFF688014FF2CA409FF01082CA5BB0068F91C
:20F180009B8FB9F44B0861014B0F51F04B0F71F17802F807DA0189AF120814FF82003E0A09
:20F1A0008210BE0882205F0F260082305F0F33003C418205029409A6080982076DFF3A07DE
:20F1C000FB0071620B2310486DFF840789A20C093C318205029409A6080982076DFF2A0734
:20F1E000FB0071620B2310486DFF740789A20C093C218205029409A6080982076DFF1A0744
:20F20000FB0071620B2310486DFF640789A20C093C118205029409A6080982076DFF0A0753
:20F22000FB0071620B2310486DFF540789A20C093C0149A4240A49A5000A6DFF617F49A4EA
:20F24000240A82146DFF2B800090024F02583B0071020B80504191200048D944CBF53B704D
:20F2600013506DFF14D502F46DFFFFFA402F14FF3B008000E20F60F29110013F3023D934BA
:20F28000000D09F401086DFFCA7E14FF82003E0A8210BE0682205F0F220082305F0F2D00F5
:20F2A0003C3982050284820702266DFFC306FB0071620B2310486DFF0D0702283C2B8205FA
:20F2C0000284820702266DFFB506FB0071620B2310486DFFFF0602283C1D820502848207F2
:20F2E00002266DFFA706FB0071620B2310486DFFF10602283C0F82050284820702266DFF77
:20F300009906FB0071620B2310486DFFE30602283C0114FF3B008000E20F60F29110013F4C
:20F320003023D934000D09F4010802856DFF997E0090404F024F0B561088027A0BA9104166
:20F3400091200048D944F2F53B102A506DFF9FD474F9681A2CF889F80A0902946DFFCAF8A1
:20F36000E84202A46DFFC6F8E85282158216823702946DFF49F982158216824702A46DFF23
:20F3800043F90090404F024982083B8000A0C8427B10000054FF161F0FF010008920040900
:20F3A00009FF0A093C02C2FFEEFFC8528210481F161F0FF01000892004093C27C8427B1041
:20F3C000000054FF161F0FF010008920040909F00A093C01020FC2F0EEFEC842821054FFF9
:20F3E000161F0FF010008920040909F00A093C01020FC2F0EEFE8618481F370F50406DFFD4
:20F40000F3F8A6283708688002AFC2FA370A68A0EED6C8427B10000054FF161F0FF0100066
:20F420008920040909FF0A093C02C2FFEEFF40F402946D00470002823C010090404F024867
:20F4400040F46D00AF00088F861F370F684040F46D00720040F402846D006E0040F46D00E9
:20F46000CA0040F46D009E00088F861F9601370F684040F46D006000821440F46DFF84FF08
:20F48000022F40F46D00B70002F23C010090404F0B45108840F46D008500088F861F370F03
:20F4A000684040F46D00480040F402846D00440040F402946D00400040F46D009C0000900C
:20F4C000CC447B100000544F161F0FF0100068107649CC4582104C41161F0FF01000681087
:20F4E0003C09CC457B1000004C41161F0FF010006810094F0A093C02C2FFEEFFCC448210E9
:20F50000544F161F0FF010006810094F0A093C02C2FFEEFFCC447B100000544F161F0FF0C3
:20F5200010006810CC4582104C41161F0FF0100068100090404F02483B0008903C26481F52
:20F54000370F50400F9880506DFFA1F886F909F00A093C01020FC2F0EEFEC842821054FFF3
:20F56000161F0FF010008920040909F00A093C01020FC2F0EEFEC8427B10000054FF161F7C
:20F580000FF0100089200409DF09DBFF40F46D006000DF12048082023C0282123C0100904B
:20F5A000CC448210544F161F0FF010006810CC4582104C41161F0FF010006810094F0A09F3
:20F5C0003C02C2FFEEFFCC457B1000004C41161F0FF010006810094F0A093C02C2FFEEFF03
:20F5E000CC447B100000544F161F0FF0100068100090CC457B1000004C41161F0FF0100014
:20F600006810CC447B100000544F161F0FF010006810094F0A093C02C2FFEEFFCC4482107F
:20F62000544F161F0FF010006810094F0A093C02C2FFEEFFCC4582104C41161F0FF01000A0
:20F640006810094F0A093C02C2FFEEFF0090404F8208C8427B10000054FF161F0FF0100006
:20F6600089200409C8528210481F161F0FF010008920040909FF0A093C02C2FFEEFFC842B6
:20F68000821054FF161F0FF010008920040909FF0A093C02C2FFEEFF481F370F50406DFFDB
:20F6A000A3F776228218C8427B10000054FF161F0FF010008920040909FF0A093C02C2FF82
:20F6C000EEFF02823C010090094F4218370FE3013C04094F10293C01020FC2F0EEFB0090C6
:20F6E00049AA20BA0B4510880B6710A809ACA04809ADA44809AEA848DA644BFB01020B08AB
:20F70000004191200048D9441E063BA03D506DFFBED2DA644BFC01020B0800419120004835
:20F72000D9441E063BB03D506DFFB1D2DA644BFD01020B08004191200048D9441E063BC00F
:20F740003D506DFFA4D23B3019F03EEEDA644BFE01020B08004191200048D9441E063BF057
:20F760003D506DFF94D2911000F6D9FFC068B4FE370848406DFFEA80402CB4AE49A4103A3F
:20F7800049A5283A0B8B10480BCD10686D004A0449A4040A40C56DFF1A85DA002CA4BB00B0
:20F7A000C2FB9BEFC3F47805DA002CAC49AF103AF80949A4300A49A5040A6DFFE28249A4F9
:20F7C000303A49A5300A6DFFBE824B0A61F1783DDA003E99DA01BE93DA02BE9EDA035F9F9F
:20F7E00027003C3109AF7838B70F81F189AF383809AF7838961089AF38383C2509AF7838AE
:20F80000B70F81F189AF383809AF7838B70F01F289AF38383C1809AF7838960889AF38383D
:20F8200009AF7838961089AF38383C0D09AF7838960889AF383809AF7838B70F01F289AFC2
:20F8400038383C0109AF7838962089AF383809A0F838DA0837F006F389AFB83809AF7938C9
:20F86000B70F01F289AF393809A2E83989A2CC493B3019F07EE609AF7838960489AF383898
:20F8800049A43C1A49A5303A6DFF6B813B3019F05FEF2D80D83CD4FFC8AF09FF5108B70F81
:20F8A00001F389FF110882048205820640C46DFF9680911000F6D9FFC0683B3019F0B4FFDA
:20F8C000DA003E88DA013E89DA023E8ADA033E8B3C0D3B2001E03C0A3B8007E03C073BE0D1
:20F8E0000DE03C043B4014E03C01DA0509C0560837F003F289CF1608534820F0911000F655
:20F90000D9FFF05810FF4CC674FF534820F0911000F6D9FFF05810FF534820F09110002650
:20F92000D922F0581022092FC208B77F85F3ACF1534820F0911000F6D9FFF05810FF5348F9
:20F9400020F091100026D922F0581022142FB71F03F234FF534820F0911000F6D9FFF058B8
:20F9600010FF534820F091100026D922F0581022142FB71F83F034FF534820F0911000F690
:20F98000D9FFF05810F2534820F0911000F6D9FFF05810FF081FB71F03F12C21534820F0EB
:20F9A000911000F6D9FFF05810FF534820F091100026D922F0581022092FC008B71F83F34E
:20F9C000B4FF534820F0911000F6D9FFF05810F2534820F0911000F6D9FFF05810FF082F68
:20F9E00096202C22534820F0911000F6D9FFF05810F2534820F0911000F6D9FFF05810FF2E
:20FA0000082FB70F81F12C22534820F0911000F6D9FFF05810F2534820F0911000F6D9FFAB
:20FA2000F05810FF082FB70F01F32C22534820F0911000F6D9FFF05810F2534820F0911080
:20FA400000F6D9FFF05810FF082FB71F03F02C22534820F0911000F6D9FFF05810F2534834
:20FA600020F0911000F6D9FFF05810FF081FB71F83F22C21534820F0911000F6D9FFF0588F
:20FA800010F2534820F0911000F6D9FFF05810FF0830DA664BFE0122DA064BF301229AD262
:20FAA000370F68F037F004F22C230090000600F000B403F00100000000000000000600F018
:20FAC00000B503F00300000001000000000600F000B403F00000000090000000000600F057
:20FAE00000B403F00100000090000000000600F000B503F00200000090000000000600F0A8
:20FB000000B503F00300000090000000000700F000B503F00100000000000000000700F013
:20FB200000B503F00500000001000000000700F000C003F00900000002000000000700F06B
:20FB400000B103F00A00000004000000000700F000D303F00D00000005000000000700F02D
:20FB600000A203F00300000006000000000700F000A203F00200000090000000000700F0D2
:20FB800000B103F00C00000090000000000700F000B503F00000000090000000000700F0FF
:20FBA00000B503F00100000090000000000700F000B503F00400000090000000000700F0E2
:20FBC00000B503F00500000090000000000700F000C003F00A00000090000000000700F0AD
:20FBE00000D303F00C00000090000000000700F000D303F00D00000090000000000800F051
:20FC000000B403F00300000000000000000800F000A203F00100000001000000000800F0B3
:20FC200000B003F00600000003000000000800F000D303F00800000004000000000800F056
:20FC400000A203F00000000006000000000800F000A203F00000000090000000000800F0F4
:20FC600000B003F00500000090000000000800F000B403F00200000090000000000800F023
:20FC800000B403F00300000090000000000800F000D303F00800000090000000000800F0DC
:20FCA00000D303F00900000090000000000900F000B503F00700000000000000000900F044
:20FCC00000C003F00300000002000000000900F000A003F00100000004000000000900F0E2
:20FCE00000C103F00600000005000000000900F000A003F00000000098000000000900F028
:20FD000000A003F00100000090000000000900F000B503F00600000090000000000900F08F
:20FD200000B503F00700000090000000000900F000C003F00000000090000000000900F04F
:20FD400000C003F00300000090000000000900F000C103F00700000090000000000600F023
:20FD600000000000000700F001000000000800F002000000000900F0030000000050C3483A
:20FD8000640000000050C3486400000014000000000000000000000001000000000000002B
:20FDA000000000000000000000000000000000000000000000000101070000000000090130
:20FDC000000000000602000000000A0300000000000000000000000001010000000000000C
:20FDE000002A00F000000000002B00F001000000000081F800000000000083F801000000D8
:20FE00000000000000000000000000000000000000000000000000000000000000000000E2
:20FE20000000010000010F00010F0000000000000000000000000000002E00F00200000081
:20FE400000A003F00800000000000000002E00F00200000000D303F006000000010000001A
:20FE6000002E00F00200000000A003F00700000000000000002E00F00200000000D303F0E2
:20FE80000700000001000000002E00F00300000000A203F00700000000000000002E00F07F
:20FEA0000300000000A203F00600000000000000002E00F00400000000A003F009000000E6
:20FEC00000000000002E00F00400000000D303F00500000001000000002E00F00400000012
:20FEE00000A203F00800000000000000002E00F00500000000C103F0060000000000000088
:20FF0000002E00F00500000000B003F00100000001000000002E00F00500000000C103F042
:20FF20000700000000000000002E00F00500000000B003F00300000001000000002E00F0D2
:20FF40000600000000C003F00000000000000000002E00F00600000000C003F0030000000E
:20FF600000000000002E00F00600000000B003F002000000010000000000020000000000B5
:20FF800000A203F00000000088000000000002003000000000C203F00100000088000000D4
:20FFA000000002003500000000C103F00200000088000000000002005500000000B403F0CE
:20FFC0000500000088000000000002000800000000A203F008000000880000000000020063
:10FFE0000900000000A003F00000000088000000ED
:02000004800278
:2000000000000000700059B30000000000000000000000000000000064B81E799B47E18668
:200020000B67108894AF404F405C3B80000089F014083B00080028C03B00080028408200A0
:2000400089F01508820089C005083B00080089C0040882005F400D0082105F40C2008220D7
:200060005F408B0182305F4087021D00CF03F65791200028D9221012F4F23C12DF15088099
:2000800091200028D9222012F4F23C0A820491200048D9441E063B1004506DFFF8CDDF6857
:2000A000088091200028D9223002E8223C12DF78088091200028D9220012E8223C0A8204BF
:2000C00091200048D9441E063B5004506DFFDFCD3BC000005F09088091200028D92220020E
:2000E000E8423C0A820491200048D9441E063B8004506DFFCCCD3B2001007E07912000F832
:20010000D9FF3012F4CF3C6A3B8001007E07912000F8D9FF1822F4CF3C613BE001007E075F
:20012000912000F8D9FF2C22F4CF3C583B4002007E07912000F8D9FF0032F4CF3C4F3BA0BB
:2001400002007E07912000F8D9FF1432F4CF3C463B0003007E07912000F8D9FF2832F4CFAB
:200160003C3D3B6003007E07912000F8D9FF3C32F4CF3C343BC003007E07912000F8D9FFBD
:200180001042F4CF3C2B3B2004007E07912000F8D9FF2442F4CF3C223B8004007E07912002
:2001A00000F8D9FF3842F4CF3C193B0006007E07912000F8D9FF0422F4CF3C103B301900DD
:2001C0007E04A00FF4CF3C0A820491200048D9441E063B6005506DFF5ACD1D0017033B60D0
:2001E00006005F05088091200028D9221C62F4F23C143B7006005F05088091200028D92214
:200200002C62F4F23C0A820491200048D9441E063BE005506DFF3BCD3BC006005F08088090
:2002200091200028D9222C52E8223C1E3BD006005F08088091200028D9223C52E8223C144C
:200240003BE006005F08088091200028D9220C62E8223C0A820491200048D9441E063B30D1
:2002600006506DFF14CD3B2007005F09088091200028D9220C52E8423C143B3007005F0903
:20028000088091200028D9221C52E8423C0A820491200048D9441E063B7006506DFFF7CC34
:2002A0003B8007007E07912000F8D9FF3C62F4CF3C613BE007007E07912000F8D9FF1072CE
:2002C000F4CF3C583B4008007E07912000F8D9FF2472F4CF3C4F3BA008007E07912000F849
:2002E000D9FF3872F4CF3C463B0009007E07912000F8D9FF0C82F4CF3C3D3B6009007E07FA
:20030000912000F8D9FF2082F4CF3C343BC009007E07912000F8D9FF3482F4CF3C2B3B2042
:200320000A007E07912000F8D9FF0892F4CF3C223B800A007E07912000F8D9FF1C92F4CFB6
:200340003C193BE00A007E07912000F8D9FF3092F4CF3C103B3019007E04A00FF4CF3C0A8E
:20036000820491200048D9441E063B4007506DFF8ECC1D004B023BC00C005F050880912017
:200380000028D92204C2F4F23C323BD00C005F05088091200028D92214C2F4F23C283BE00E
:2003A0000C005F05088091200028D92224C2F4F23C1E3BF00C005F05088091200028D92254
:2003C00034C2F4F23C143B000D005F05088091200028D92204D2F4F23C0A82049120004868
:2003E000D9441E063BE007506DFF51CC3B200D005F08088091200028D92214B2E8223C1E6C
:200400003B300D005F08088091200028D92224B2E8223C143B400D005F0808809120002821
:20042000D92234B2E8223C0A820491200048D9441E063B3008506DFF2ACC3B800D005F0976
:20044000088091200028D92204B2E8423C323B900D005F09088091200028D92204A2E84286
:200460003C283BA00D005F09088091200028D92214A2E8423C1E3BB00D005F090880912099
:200480000028D92224A2E8423C143BC00D005F09088091200028D92234A2E8423C0A820461
:2004A00091200048D9441E063BA008506DFFEFCB3BE00D007E07912000F8D9FF14D2F4CFD2
:2004C0003C583B400E007E07912000F8D9FF28D2F4CF3C4F3BA00E007E07912000F8D9FFC2
:2004E0003CD2F4CF3C463B000F007E07912000F8D9FF10E2F4CF3C3D3BC00F007E079120EB
:2005000000F8D9FF24E2F4CF3C343B2010007E07912000F8D9FF38E2F4CF3C2B3B80100052
:200520007E07912000F8D9FF0CF2F4CF3C223BE010007E07912000F8D9FF20F2F4CF3C193B
:200540003B4011007E07912000F8D9FF34F2F4CF3C103B3019007E04A00FF4CF3C0A820490
:2005600091200048D9441E063B6009506DFF8FCB1D004C013B2013005F05088091200028EA
:20058000D9224832F4F23C323B3013005F05088091200028D9226822F4F23C283B401300F2
:2005A0005F05088091200028D9227822F4F23C1E3B5013005F05088091200028D9225832B9
:2005C000F4F23C143B6013005F05088091200028D9226832F4F23C0A820491200048D94415
:2005E0001E063B000A506DFF52CB3B8013005F08088091200028D9226812E8223C323B906B
:2006000013005F08088091200028D9227812E8223C283BA013005F08088091200028D9225B
:200620004822E8223C1E3BB013005F08088091200028D9225812E8223C143BC013005F08F2
:20064000088091200028D9225822E8223C0A820491200048D9441E063B700A506DFF17CB61
:200660003BE013005F09088091200028D9224802E8423C323BF013005F090880912000289F
:20068000D9226802E8423C283B0014005F09088091200028D9227802E8423C1E3B101400F7
:2006A0005F09088091200028D9224812E8423C143B2014005F09088091200028D922580215
:2006C000E8423C0A820491200048D9441E063BE00A506DFFDCCA3B4014007E08912000F8A5
:2006E000D9FF7832F4CF1D0090003BA014007E08912000F8D9FF4852F4CF1D0086003BB027
:2007000014007E07912000F8D9FF5C52F4CF3C7C3B0015007E07912000F8D9FF7052F4CFBB
:200720003C733B1015007E07912000F8D9FF4462F4CF3C6A3B6015007E07912000F8D9FFDF
:200740005862F4CF3C613BC015007E07912000F8D9FF6C62F4CF3C583B2016007E0791209D
:2007600000F8D9FF4072F4CF3C4F3B8016007E07912000F8D9FF5472F4CF3C463BE0160096
:200780007E07912000F8D9FF6872F4CF3C3D3BF016007E07912000F8D9FF7C72F4CF3C34D5
:2007A0003B4017007E07912000F8D9FF5082F4CF3C2B3B6018007E07912000F8D9FF4C425E
:2007C000F4CF3C223BC018007E07912000F8D9FF6042F4CF3C193B2019007E07912000F883
:2007E000D9FF7442F4CF3C103B3019007E04A00FF4CF3C0A820491200048D9441E063B00A3
:200800000C506DFF44CA3C0100900B541088404C026A370948406DFF9978402D40D46DFF14
:2008200055F7534920F0911000F6D9FFF05810FF54F082013710010089D0201989D82419BB
:200840003C0109D042183700E3F16EFC40D46DFF3DF7DF1A0F80534920F0911000F6D9FF5C
:20086000F05810FF54FF8210370F01F089DF2019DA0089DF24193C0109DF4218370FE3F14C
:200880006EFC09DF10293C0134CFB01CC2FADF0AE2FF3C0109DF41186F3FFE7FBBF0FFFFE9
:2008A00089DF141900900B451088370848406DFF4D78534820F0911000F6D9FFF05810FFC2
:2008C00054F082013710010089202019BB00F00F26908680892024193C01092F42181607DF
:2008E000EEFD534820F0911000F6D9FFF05810FF54FF8210370F01F0892F20198FF90FF107
:20090000892F24193C01092F41186F3FFE7FBBF0FFFF892F141900900248404C025937085B
:2009200048406DFF1378534820F0911000F6D9FFF05810FF54F082013710010089202019D6
:2009400009C0C008BB00F01F26108680892024193C01092F42181607EEFDDF190F80534821
:2009600020F0911000F6D9FFF05810FF54FF8210370F01F0892F201909CFC00816FFB02C03
:20098000892F24193C01092F42181607EEFDC2F9DF09D8FF3C01092F41186F3FFE7FBBF06D
:2009A000FFFF892F14190090024F0258370F48406DFFCC77534F20F0911000F6D9FFF05833
:2009C00010FF54FF8210370F01F0892F2019892824193C01092F42181607EEFD3C01092FC1
:2009E00041186F3FFE7FBBF0FFFF892F141900900B451088026A370848406DFFA777402C44
:200A0000534820F0911000F6D9FFF05810FF54FF8200370F01F089CF201940C46DFF56F60C
:200A200089C924193C0109CF42181607EEFD534820F0911000F6D9FFF05810FF54FF82105A
:200A4000370F01F089CF201989CA24193C0109CF42181607EEFD3C0109CF41186F3FFE7F2E
:200A6000BBF0FFFF89CF141900900B541088404C026A370948406DFF6977534920F0911068
:200A800000F6D9FFF05810FF54F082013710010089202019892824193C01092F4218160766
:200AA000EEFDDF1A0F80534920F0911000F6D9FFF05810FF54FF8210370F01F0892F201944
:200AC00014CFB01C892F24193C01092F42181607EEFDC2FADF0AE7FF3C01092F41186F3F94
:200AE000FE7FBBF0FFFF892F14190090A002DA003E48DA013E4BDA023E4EDA03BE413C1560
:200B000091100026D922C4683C1091100026D922F0783C0B91100026D922DC983C06911011
:200B20000026D922C8B83C013C01009020200B4510A80B7610884DC0E2FF370FE1F78B0F03
:200B400020C23C010D00400300003C013C01370A48406DFFDE6391100046D944F4C8402511
:200B60006DFF9C6702A46D003A0202A46D00C902911000F6D9FFF4C8DA0889FF2C0891106F
:200B800000F6D9FFF4C8DA04ACF4911000F6D9FFF4C84B0B61F16CF1911000F6D9FFF4C8F2
:200BA000DA072CFAA00FF4AFA00FF80449A4180A49A5080A0BA9104802866D002800DA100F
:200BC0002CACDA8089AF1C08DA0089AF1D08911000F6D9FFF4C849A2000AE8A202A46DFF94
:200BE00087FF91100056D955F4C840246DFF1C65820502A46D00C901820502A46D000B0331
:200C000002CF6E030D0000030090DA003E4CDA015F4F4000DA025F4FC600DA035F4F2701C2
:200C20001D008901F658912000F8D9FF8CBF80FF744F3C1CDF150980912000F8D9FF9CBF00
:200C400080FF744F3C13DF250980912000F8D9FFACBF80FF744F3C0ADF350980912000F8BC
:200C6000D9FFBCBF80FF744F3C01F668912000F8D9FFACAF80FF745F3C0ADF1609809120A1
:200C800000F8D9FFBCAF80FF745F3C011D005401DF450980912000F8D9FFACDF80FF744F1D
:200CA0003C49DF550980912000F8D9FFBCDF80FF744F3C40DF650980912000F8D9FF8CEF4F
:200CC00080FF744F3C37DF750980912000F8D9FF9CEF80FF744F3C2EDA087E58912000F869
:200CE000D9FFACEF80FF744F3C25DA097E58912000F8D9FFBCEF80FF744F3C1CDA0A7E58A5
:200D0000912000F8D9FF8CFF80FF744F3C13DA0B7E58912000F8D9FF9CFF80FF744F3C0AD7
:200D2000DA0C7E58912000F8D9FFACFF80FF744F3C01DF460980912000F8D9FF8CCF80FF43
:200D4000745F3C2EDF560980912000F8D9FF9CCF80FF745F3C25DF660980912000F8D9FFAA
:200D6000ACCF80FF745F3C1CDF360980912000F8D9FFBCCF80FF745F3C13DF760980912074
:200D800000F8D9FF8CDF80FF745F3C0ADF260980912000F8D9FF9CDF80FF745F3C011D004A
:200DA000CB00DA0D7E58912000F8D9FFCC1F80FF744F3C2EDA0E7E58912000F8D9FFDC1F59
:200DC00080FF744F3C25DA0F7E58912000F8D9FFEC1F80FF744F3C1CDA107E58912000F822
:200DE000D9FFFC1F80FF744F3C13DA117E58912000F8D9FFCC2F80FF744F3C0ADA127E58E8
:200E0000912000F8D9FFDC2F80FF744F3C01DA0B7E68912000F8D9FFBCFF80FF745F3C250D
:200E2000DA097E68912000F8D9FFCC0F80FF745F3C1CDA0A7E68912000F8D9FFDC0F80FF2E
:200E4000745F3C13DA0C7E68912000F8D9FFEC0F80FF745F3C0ADA087E68912000F8D9FF47
:200E6000FC0F80FF745F3C013C66DA137E58912000F8D9FFEC3F80FF744F3C37DA147E584E
:200E8000912000F8D9FFFC3F80FF744F3C2EDA157E58912000F8D9FFCC4F80FF744F3C25E6
:200EA000DA167E58912000F8D9FFDC4F80FF744F3C1CDA177E58912000F8D9FFEC4F80FF24
:200EC000744F3C13DA187E58912000F8D9FFFC4F80FF744F3C0ADA197E58912000F8D9FF9A
:200EE000CC5F80FF744F3C01DA0E7E68912000F8D9FFEC2F80FF745F3C1CDA0F7E689120B4
:200F000000F8D9FFFC2F80FF745F3C13DA0D7E68912000F8D9FFCC3F80FF745F3C0ADA105A
:200F20007E68912000F8D9FFDC3F80FF745F3C013C023C010090404F82086DFFD9FDD42442
:200F4000094F5208161F3C016E07D424821440F56DFF6862821802823C0100902008DA0012
:200F600034AF6DFFC5FD3C01D42F09FF5208161F3C016EFBD42449A5000A82146DFF52623D
:200F800014A23C0100900258911000F6D9FFF4C8D4FF370448406DFFBC6191100046D94426
:200FA000F4C840256DFF7A6540F46DFF2262370868F06E03DA013C02DA0009F0431837F02B
:200FC00001F289FF031876850C2196042C213C050C21B70F01F12C210090DA003E4CDA012A
:200FE0005F4F2B00DA025F4F4900DA035F4F67001D008600911000F6D9FFF4C891100026BE
:20100000D922C878E8C2911000F6D9FFF4C891100026D922E068E8E2911000F6D9FFF4C8C1
:20102000DA0189FFAE08911000F6D9FFF4C8DA0189FFB4083C64911000F6D9FFF4C89110E1
:201040000026D922F488E8C2911000F6D9FFF4C891100026D922CC88E8E2911000F6D9FFCF
:20106000F4C8DA0189FFAE08911000F6D9FFF4C8DA0189FFB4083C43911000F6D9FFF4C8A7
:2010800091100026D922E0A8E8C2911000F6D9FFF4C891100026D922F898E8E2911000F67E
:2010A000D9FFF4C8DA0189FFAE08911000F6D9FFF4C8DA0189FFB4083C22911000F6D9FF6C
:2010C000F4C891100026D922CCC8E8C2911000F6D9FFF4C891100026D922E4B8E8E2911060
:2010E00000F6D9FFF4C8DA0189FFAE08911000F6D9FFF4C8DA0189FFB4083C010090DA005C
:201100003E4BDA015F4F2600DA025F4F4000DA035F4F5A003C75911000F6D9FFF4C8DA0B27
:2011200089FFA008911000F6D9FFF4C8DA0A89FFA208911000F6D9FFF4C8DA0C89FFA408F9
:20114000911000F6D9FFF4C8DA0089FF26083C61911000F6D9FFF4C8DA0D89FFA008911054
:2011600000F6D9FFF4C8DA0E89FFA208911000F6D9FFF4C8DA0F89FFA408911000F6D9FF14
:20118000F4C8DA0089FF26083C44911000F6D9FFF4C8DA1089FFA008911000F6D9FFF4C813
:2011A000DA1189FFA208911000F6D9FFF4C8DA1289FFA408911000F6D9FFF4C8DA0089FF3A
:2011C00026083C27911000F6D9FFF4C8DA1389FFA008911000F6D9FFF4C8DA1489FFA208EB
:2011E000911000F6D9FFF4C8DA1589FFA408911000F6D9FFF4C8DA0089FF26083C0A82041A
:2012000091200048D94405163BC006506DFF3FC500900258911000F6D9FFF4C8D4FF3704B9
:2012200048406DFF766091100046D944F4C840256DFF346440F46DFFE960370868F06E03CA
:20124000DA013C02DA0009F0431837F081F389FF031876850C2196042C213C050C21B70FC6
:2012600001F12C2100900248404F025F3C0714F502846D000600C2FFB01FEEFA00902008F0
:2012800034A56DFF35FC3C01D42F08EF161F3C01EEFCD42449A5000A82146DFFB9610090A9
:1E12A0000248404F3C0909FF0008B01F370F685002846DFFE6FF09FF0008EEF60090DA
:2012C000000103006700000000B003F00100000088000000000102000A00000000A003F0D7
:2012E0000100000088000000000102000B00000000A003F002000000880000000001020037
:201300000100000000A203F00100000088000000000102001F00000000D303F009000000BD
:2013200088000000000102002F00000000C203F0000000008800000000010200360000007D
:2013400000C103F00300000088000000000102005400000000B403F00400000088000000C4
:20136000000203006800000000B003F00200000088000000000203006B00000000B003F0C0
:201380000500000088000000000202000C00000000A003F00300000088000000000202008E
:2013A0000200000000A203F00200000088000000000202002100000000D303F00B00000016
:2013C00088000000000202003700000000C103F004000000880000000002020053000000B3
:2013E00000B403F00300000088000000000303006900000000B003F003000000880000001E
:20140000000303006C00000000B003F00600000088000000000302000D00000000A003F084
:201420000400000088000000000302000300000000A203F0030000008800000000030200F3
:201440003100000000C203F00200000088000000000302003800000000C103F00500000026
:2014600088000000000302005200000000B403F00200000088000000000402000E00000048
:2014800000A003F00500000088000000000402000400000000A203F0040000008800000001
:2014A000000402003200000000C203F00300000088000000000402003900000000C103F0C1
:2014C0000600000088000000000402003D00000000C003F0030000008800000000040200F7
:2014E0005100000000B403F00100000088000000000502000F00000000A003F006000000BC
:2015000088000000000502002800000000D203F00400000088000000000502003A00000082
:2015200000C103F00700000088000000000502000500000000A203F005000000880000003A
:20154000000602001000000000A003F00700000088000000000602002A00000000C303F069
:201560000100000088000000000602003B00000000C003F00000000088000000000602005C
:201580000600000000A203F00600000088000000000702001100000000A003F0080000006D
:2015A00088000000000702004000000000C003F00800000088000000000702000700000007
:2015C00000A203F00700000088000000010003000000000000A203F00000000088000000C6
:2015E000010003003000000000C203F00100000088000000010003003500000000C103F08C
:201600000200000088000000010002004400000000C003F00C0000008800000001000200AF
:201620004C00000000B503F00500000088000000010002004D00000000B503F0060000002B
:2016400088000000010003000800000000A203F008000000880000000100030009000000C4
:2016600000A003F00000000088000000010102006700000000B003F00100000088000000B8
:20168000010103000A00000000A003F00100000088000000010103000B00000000A003F07C
:2016A0000200000088000000010103000100000000A203F001000000880000000101030077
:2016C0001F00000000D303F00900000088000000010103002F00000000C203F000000000AB
:2016E00088000000010103003600000000C103F0030000008800000001010200450000009F
:2017000000C003F00D00000088000000010102004E00000000B503F00700000088000000F8
:20172000010102004F00000000B503F00800000088000000010102005600000000B403F01D
:201740000600000088000000010202006800000000B003F00200000088000000010202005C
:201760006B00000000B003F00500000088000000010203000C00000000A003F00300000026
:2017800088000000010203000200000000A203F00200000088000000010203002100000073
:2017A00000D303F00B00000088000000010203003700000000C103F0040000008800000053
:2017C000010202004600000000C003F00E00000088000000010202005000000000B403F079
:2017E0000000000088000000010302006900000000B003F0030000008800000001030200BE
:201800006C00000000B003F00600000088000000010303000D00000000A003F00400000080
:2018200088000000010303000300000000A203F003000000880000000103030031000000BE
:2018400000C203F00200000088000000010303003800000000C103F00500000088000000C9
:20186000010302004700000000B503F00000000088000000010403000E00000000A003F042
:201880000500000088000000010403000400000000A203F004000000880000000104030086
:2018A0003200000000C203F00300000088000000010403003900000000C103F006000000BB
:2018C00088000000010403003D00000000C003F003000000880000000104020048000000AE
:2018E00000B503F00100000088000000010503000F00000000A003F006000000880000007E
:20190000010503002800000000D203F00400000088000000010503003A00000000C103F04E
:201920000700000088000000010503000500000000A203F0050000008800000001050200E0
:201940004100000000C003F00900000088000000010502004900000000B503F00200000007
:2019600088000000010603001000000000A003F00700000088000000010603002A0000006F
:2019800000C303F00100000088000000010603003B00000000C003F0000000008800000088
:2019A000010602004200000000C003F00A00000088000000010603000600000000A203F0F2
:2019C0000600000088000000010602004A00000000B503F0030000008800000001070300E8
:2019E0001100000000A003F00800000088000000010702004300000000C003F00B000000A8
:201A000088000000010702004B00000000B503F004000000880000000107030007000000A3
:201A200000A203F00700000088000000020002001200000000A003F0090000008800000048
:201A4000020002001A00000000D303F00400000088000000020002002000000000D303F02C
:201A60000A00000088000000020003004400000000C003F00C000000880000000200020040
:201A80005E00000000B303F00300000088000000020102001B00000000D303F005000000CC
:201AA00088000000020103004500000000C003F00D00000088000000020102005F000000A7
:201AC00000B103F00200000088000000020202001C00000000D303F0060000008800000062
:201AE000020203004600000000C003F00E00000088000000020202006000000000B103F046
:201B00000300000088000000020302001500000000A003F00C0000008800000002030200F0
:201B20001D00000000D303F00700000088000000020303004700000000B503F0000000003C
:201B400088000000020302006100000000B103F00600000088000000020402001E0000003D
:201B600000D303F00800000088000000020402002200000000D303F00C000000880000008B
:201B8000020403004800000000B503F00100000088000000020402006200000000B103F0B5
:201BA0000900000088000000020502002300000000D303F00D000000880000000205030003
:201BC0004100000000C003F00900000088000000020503004900000000B503F00200000083
:201BE00088000000020502005B00000000B303F0000000008800000002050200630000005F
:201C000000B103F00A00000088000000020602006400000000B103F00B00000088000000E9
:201C2000020602002400000000D203F00000000088000000020602003E00000000C003F02E
:201C40000600000088000000020603004200000000C003F00A000000880000000206030059
:201C60004A00000000B503F00300000088000000020602005C00000000B303F001000000DA
:201C800088000000020702006500000000B103F00C00000088000000020702003F000000CA
:201CA00000C003F00700000088000000020703004000000000C003F0080000008800000053
:201CC000020703004300000000C003F00B00000088000000020703004B00000000B503F070
:201CE0000400000088000000020702005D00000000B303F0020000008800000003000300BA
:201D00001200000000A003F00900000088000000030003001A00000000D303F004000000A3
:201D200088000000030003002000000000D303F00A00000088000000030003004C0000004B
:201D400000B503F00500000088000000030003004D00000000B503F00600000088000000C5
:201D6000030003005500000000B403F00500000088000000030003005E00000000B303F0CA
:201D80000300000088000000030103001B00000000D303F00500000088000000030103003C
:201DA0004E00000000B503F00700000088000000030103004F00000000B503F00800000098
:201DC00088000000030103005400000000B403F00400000088000000030103005600000090
:201DE00000B403F00600000088000000030103005F00000000B103F002000000880000001A
:201E0000030203001C00000000D303F00600000088000000030203005000000000B403F04B
:201E20000000000088000000030203005300000000B403F003000000880000000302030085
:201E40006000000000B103F00300000088000000030303001500000000A003F00C00000036
:201E600088000000030303001D00000000D303F00700000088000000030303005200000004
:201E800000B403F00200000088000000030303006100000000B103F0060000008800000075
:201EA000030403001E00000000D303F00800000088000000030403002200000000D303F0B2
:201EC0000C00000088000000030403005100000000B403F0010000008800000003040300D9
:201EE0006200000000B103F00900000088000000030503002300000000D303F00D0000004A
:201F000088000000030503005B00000000B303F00000000088000000030503006300000037
:201F200000B103F00A00000088000000030603006400000000B103F00B00000088000000C4
:201F4000030603002400000000D203F00000000088000000030603003E00000000C003F007
:201F60000600000088000000030603005C00000000B303F00100000088000000030703002F
:201F80006500000000B103F00C00000088000000030703003F00000000C003F0070000009E
:201FA00088000000030703005D00000000B303F0020000008800000000A003F0000000006C
:201FC00000A203F00200000000B003F00A00000000B103F00B00000000B303F00D0000005B
:201FE00000B403F00E00000000B503F00F00000000C003F01400000000C103F015000000E5
:2020000000C203F01600000000C303F01700000000D203F02000000000D303F0210000005C
:20202000001C00F000C003F00C00000000000000001C00F000C003F00C000000A00000006A
:20204000001C00F000C003F00E00000098000000001C00F000C003F00B00000098000000B9
:20206000001C00F000C003F00D000000A8000000001C00F00000000000C003F00800000025
:2020800098000000001C00F00D00000000B503F00000000098000000001C00F00100000042
:2020A00000C003F00900000098000000001C00F00200000000C003F00D0000009800000066
:2020C000001C00F00300000000B103F00A00000098000000001C00F00400000000B103F0F7
:2020E0000B00000098000000001C00F00500000000B103F00200000098000000001C00F0E2
:202100000600000000C003F00A00000098000000001C00F00700000000D303F00500000086
:2021200090000000001C00F00800000000C003F00600000098000000001C00F00900000095
:2021400000C003F00300000098000000001D00F000B003F00100000000000000001D00F073
:2021600000B103F00300000001000000001D00F000B003F00100000090000000001D00F069
:2021800000B003F00300000098000000001D00F000B103F00900000098000000001D00F0A2
:2021A00000B003F00200000098000000001D00F000B103F00600000098000000001D00F086
:2021C0000000000000C003F008000000A0000000001D00F00100000000C003F009000000DA
:2021E000A0000000001D00F00200000000C003F00D000000A0000000001D00F003000000C0
:2022000000B103F00A000000A0000000001D00F00400000000B103F00B000000A000000010
:20222000001D00F00500000000B103F002000000A0000000001D00F00600000000D303F06D
:202240000A00000090000000001D00F00700000000D303F00500000098000000001D00F060
:202260000800000000B003F00400000098000000001D00F00900000000B003F00500000059
:20228000A0000000001E00F000B503F00400000000000000001E00F000B503F00700000027
:2022A00001000000001E00F000C103F00200000002000000001E00F000C103F00300000092
:2022C00002000000001E00F000B503F00200000004000000001E00F000B303F00300000089
:2022E00098000000001E00F000B503F00500000098000000001E00F000B503F00600000037
:2023000098000000001E00F000B303F00000000098000000001E00F000B303F00100000024
:2023200098000000001E00F000B503F00300000098000000001E00F000B503F006000000F8
:20234000A8000000001E00F000B503F00800000098000000001E00F00000000000B503F0C9
:202360000200000098000000001E00F00100000000B403F00200000098000000001E00F065
:202380000200000000B403F00600000098000000001E00F00300000000B403F0030000003B
:2023A00098000000001E00F00500000000B503F00100000098000000001E00F0060000001D
:2023C00000D303F00D000000A0000000001E00F00700000000C003F00A000000A000000018
:2023E000001E00F00800000000C003F006000000A0000000001E00F00900000000C003F0A4
:2024000003000000A0000000001F00F000A203F00500000000000000001F00F000D303F09B
:202420000D00000003000000001F00F000C203F00100000004000000001F00F000C103F000
:202440000200000005000000001F00F000C103F00300000005000000001F00F000C203F0E6
:2024600003000000A0000000001F00F000A203F00600000098000000001F00F000B003F0C5
:202480000600000098000000001F00F000C203F00000000098000000001F00F000D303F06D
:2024A0000C00000098000000001F00F000C203F000000000A0000000001F00F000C203F050
:2024C00001000000A0000000001F00F000A203F00700000098000000001F00F000C203F054
:2024E0000300000098000000001F00F000D303F00B00000098000000001F00F000000000BA
:2025000000A203F00400000098000000001F00F00B00000000D303F00A0000009800000008
:20252000001F00F00C00000000C203F00200000098000000001F00F00D00000000C303F05F
:202540000100000098000000001F00F00100000000A203F00000000098000000001F00F096
:202560000100000000D303F00900000098000000001F00F00200000000A203F0010000004C
:2025800098000000001F00F00200000000D303F00800000098000000001F00F0030000001A
:2025A00000A203F00200000098000000001F00F00400000000A203F00300000098000000A9
:2025C000001F00F00500000000A203F00800000090000000001F00F00600000000A003F012
:2025E0000800000090000000001F00F00700000000A003F00900000090000000001F00F0F2
:202600000700000000D303F00700000098000000001F00F00800000000B003F0050000008F
:2026200098000000001C00F000000000001D00F001000000001E00F002000000001F00F0C9
:2026400003000000040017B7D138000000000000030017B7D138000000000000020017B7F2
:20266000D1380000000000000300000044260280013B050017B7513912011202FF0F3F0352
:2026800012221402FFFFFF0F020000000F000000010000000F000000000000003F00000084
:2026A000000000003F000000D5140000FF7F0000002D3101006003F00000000000B503F01A
:2026C0000400000000000000006003F00100000000B403F00300000000000000006003F0A5
:2026E0000700000000C003F00900000000000000006003F00600000000B103F00A00000010
:2027000003000000006003F00400000000B503F00500000003000000006003F0020000005A
:2027200000A203F00100000001000000006003F00300000000B403F0010000000100000003
:20274000006003F00700000000B503F00100000002000000006003F00500000000B503F074
:202760000800000000000000006003F00200000000B003F00200000000000000006003F004
:202780000300000000B003F00300000000000000006003F00300000000A203F000000000A5
:2027A00002000000006003F00200000000A003F00400000002000000006003F004000000D2
:2027C00000D303F00700000000000000006003F00600000000C003F0000000000000000020
:2027E000000000F000000000000100F00100000080000500F827028030FBC83A00000000A4
:202800003C7FC83A9DE6F738A287C73AE9C91A3AFA14C63A1464D83A2828C43A8366673BA8
:202820005CC2C13A0E9BD33B12E5BE3A868C2E3C0C92BB3A8FD0853C59CBB73AC73BC23C95
:202840004C93B33A5B16073D7FECAE3A5C9A353DD0D9A93ADA676D3D625EA43A8598973D36
:20286000947D9E3ABDCDBD3D083B983A939FE93D999A913A69A90D3E5EA08A3A5592293E13
:20288000A450833A2AA5483EDD5F773A5CF86A3EE185673A094F883E1C1D573A00D29C3EAE
:2028A000AC2F463AA209B33E03C8343A2BF8CA3EDBF0223A759DE43E36B5103AECF6FF3E0E
:2028C000A440FC39C87F0E3F4A7BD639F5D71D3FA931B03905FF2D3F5E7B8939C5EE3E3F51
:2028E00093E04439CB9F503FFDA1EC387109633FC8E11D38E321763FC8E11DB80EEF843F1C
:20290000FDA1ECB8F8188F3F93E044B90A88993F5E7B89B91235A43FA931B0B95718AF3FD8
:202920004A7BD6B99F29BA3FA440FCB93660C53F36B510BAF1B2D03FDBF022BA3818DC3FD6
:2029400003C834BA0E86E73FAC2F46BA15F2F23F1C1D57BA9C51FE3FE18567BAD2CC044014
:20296000DD5F77BA745F0A40A45083BAF7DA0F405EA08ABA83391540999A91BA30751A40AC
:20298000083B98BA04881F40947D9EBA026C2440625EA4BA261B2940D0D9A9BA708F2D403C
:2029A0007FECAEBAE8C231404C93B3BAA5AF354059CBB7BAD04F39400C92BBBAAD9D3C400E
:2029C00012E5BEBA9E933F405CC2C1BA2A2C42402828C4BA01624440FA14C6BA0630464068
:2029E000A287C7BA4F9147403C7FC8BA2C81484030FBC8BA30FB484030FBC8BA30FB484094
:202A00003C7FC8BA4C7D4840A287C7BAF57D4740FA14C6BAEDF945402828C4BA4EEE4340FF
:202A20005CC2C1BA8F58414012E5BEBA85363E400C92BBBA6B863A4059CBB7BAE14636403D
:202A40004C93B3BAF27631407FECAEBA15162C40D0D9A9BA31242640625EA4BA9DA11F4065
:202A6000947D9EBA268F1840083B98BA0BEE1040999A91BA02C008405EA08ABA39070040B8
:202A8000A45083BAA38CED3FDD5F77BAD100DA3FE18567BA1F72C53F1C1D57BA9CE8AF3F7B
:202AA000AC2F46BA446D993F03C834BAF809823FDBF022BAFC92533F36B510BAF56E213FF8
:202AC000A440FCB9B781DB3E4A7BD6B9538D623EA931B0B909A90C3C5E7B89B99DCD55BE63
:202AE00093E044B9025FDCBEFDA1ECB8F2E027BFC8E11DB8AA6562BFC8E11D382BCD8EBF80
:202B0000FDA1EC3838ADACBF93E044392FC0CABF5E7B8939C1F2E8BFA931B039969803C092
:202B20004A7BD639A2B312C0A440FC3944C021C036B5103A13B430C0DBF0223A8A843FC07C
:202B400003C8343A08274EC0AC2F463AE1905CC01C1D573A5CB76AC0E185673AC28F78C080
:202B6000DD5F773AB10783C0A450833ACE9589C05EA08A3AF1EC8FC0999A913AE40796C0E3
:202B8000083B983A86E19BC0947D9E3ACB74A1C0625EA43AC4BCA6C0D0D9A93AA0B4ABC006
:202BA0007FECAE3AB357B0C04C93B33A78A1B4C059CBB73A958DB8C00C92BB3ADD17BCC03D
:202BC00012E5BE3A583CBFC05CC2C13A43F7C1C02828C43A1545C4C0FA14C63A8022C6C0BD
:202BE000A287C73A788CC7C03C7FC83A3480C8C030FBC83A30FBC8C0AA570180BC57018031
:202C0000CC570180DC570180EC570180FC5701800C5801801C5801802C5801803E580180CE
:202C20005058018062580180745801808658018098580180AA58018086E8018092E80180A6
:202C40009EE80180AAE80180B6E80180C2E80180CEE80180DAE80180E6E80180F2E80180EC
:202C6000FEE801800AE9018016E9018022E901802EE901803AE9018046E9018052E90180C5
:202C80005EE901806AE9018076E9018082E901808EE901809AE90180A6E90180B2E90180A4
:202CA000BEE90180CAE90180D6E90180E2E90180EEE90180FAE9018006EA018012EA018082
:202CC0001EEA01802AEA018036EA018042EA01804EEA01805AEA018066EA018072EA01805C
:202CE0007EEA01808AEA018096EA0180A2EA0180AEEA0180BAEA0180C6EA0180D2EA01803C
:202D0000DEEA0180EAEA0180F6EA018002EB01800EEB01801AEB018026EB018032EB018016
:202D20003EEB01804AEB018056EB018062EB01806EEB01807AEB018086EB018092EB0180F3
:202D40009EEB0180AAEB0180B6EB0180C2EB0180CEEB0180DAEB0180E6EB0180F2EB0180D3
:202D6000FEEB01800AEC018016EC018022EC01802EEC01803AEC018046EC018052EC0180AC
:202D80005EEC01806AEC018076EC018082EC01808EEC01809AEC0180A6EC0180B2EC01808B
:202DA000BEEC0180CAEC0180D6EC0180E2EC0180EEEC0180FAEC018006ED018012ED018069
:202DC0001EED01802AED018036ED018042ED01804EED01805AED018066ED018072ED018043
:202DE0007EED01808AED018096ED0180A2ED0180AEED0180BAED0180C6ED0180D2ED018023
:202E0000DEED0180EAED0180F6ED018002EE01800EEE01801AEE018026EE018032EE0180FD
:202E20003EEE01804AEE018056EE018062EE01806EEE01807AEE018086EE018092EE0180DA
:202E40009EEE0180AAEE0180B6EE0180C2EE0180CEEE0180DAEE0180E6EE0180F2EE0180BA
:202E6000FEEE01800AEF018016EF018022EF01802EEF01803AEF018046EF018052EF018093
:202E80005EEF01806AEF018076EF018080EF01808AEF018094EF01809EEF0180A8EF018090
:202EA000B2EF0180BCEF0180C6EF0180D0EF0180DAEF0180E4EF0180EEEF0180F8EF0180EA
:202EC00002F001800CF0018016F0018020F001802AF0018034F001803EF0018048F0018042
:202EE00052F001805CF0018000000000FFFFFFFF0100000000000000000000000100000044
:202F0000FFFFFFFF0000000001000000FFFFFFFF0100000001000000FFFFFFFF01000000B9
:202F2000FFFFFFFFFFFFFFFF0000803F0000000000000000000000000000000000000000DA
:202F4000000000000000803F000000000000000000000000000000000000000000000000B2
:202F60000000803F0000000000000000000000000000000000000000000000000000803FD3
:202F80000000000000000000000000000000000000000000000000000000803F0000000072
:202FA00000000000000000000000000000000000000000000000803F63010000620100008B
:202FC0004500000044000000C4010000C5010000C60100004E414E006E616E00494E46001F
:202FE000696E660000FF01000001FF00FFFF01FF0101FF01474F00454E4400413700413836
:20300000004139005030005031005032005033005034005035005036005354005230005226
:2030200031005232005233005234005235005236005237004230004231004130004232006E
:203040004233004234004235004236004237004F4B004E4700413100413200413300413420
:2030600000413500413600000105040706020306070302010004050302060704050100050A
:203080000400010203070600030407020106050102050603000704050601020704030004C1
:2030A0000700030605020107040300050601020605020104070003020106050003040703A1
:2030C000000704010205060605020104070003070403000506010203000704010205060281
:2030E00001060500030407010205060300070400030407020106050407000306050201055D
:2031000006010207040300030007040102050602010605000304070605020104070003073D
:20312000040300050601020407000306050201050601020704030001020506030007040026
:203140000304070201060505060102070403000407000306050201000304070201060501FE
:203160000205060300070402010605000304070300070401020506070403000506010206DA
:203180000502010407000300040206010503070002020202020202020203010101010202E0
:2031A00002020202020202020202020202020202044040404040404040404040404040402B
:2031C000202020202020202020204040404040404088888888888808080808080808080877
:2031E000080808080808080808080840404040404090909090909010101010101010101007
:203200001010101010101010101010404040400200000000000000000000000000000000FC
:2032200000000000000000000000000000000000000000000000000000000000000000008E
:2032400000000000000000000000000000000000000000000000000000000000000000006E
:2032600000000000000000000000000000000000000000000000000000000000000000004E
:20328000000000000000000000000000000000006368610070746C00707472007A007074FE
:2032A000630061636300726F6C6C007069746368007961770066696C653A20257300666901
:2032C0006C653A206D646B2F2573006C696E653A202564000D0A66696C65202573206C69D1
:2032E0006E652025643A2025732E0D0A000D0A66696C65202573206C696E652025642E0D00
:203300000A00417373657274206572726F72004C6F67206D657373616765002E2E2F6C6960
:20332000627261726965732F7A665F636F6D6D6F6E2F7A665F636F6D6D6F6E5F6669666FB4
:203340002E63000000000000000000002F000000000700070000147F147F1400242A7F2A6E
:203360001200626408132300364955225000000503000000001C224100000041221C0000EB
:2033800014083E08140008083E0808000000A0600000080808080800006060000040201001
:2033A000080402003E5149453E0000427F4000004261514946002141454B31001814127F40
:2033C00010002745454539003C4A49493000017109050300364949493600064949291E00BD
:2033E000003636000000005636000000081422410000141414141400004122140800020170
:2034000051090600324959513E007C1211127C007F49494936003E41414122007F414122E6
:203420001C007F49494941007F09090901003E4149497A007F0808087F0000417F41000098
:203440002040413F01007F08142241007F40404040007F020C027F007F0408107F003E4167
:2034600041413E007F09090906003E4151215E007F091929460046494949310001017F01B9
:2034800001003F4040403F001F2040201F003F4038403F0063140814630007087008070075
:2034A000615149454300007F414100020408102040000041417F000004020102040040407C
:2034C000404040000001020400002054545478007F484444380038444444200038444448DE
:2034E0007F00385454541800087E0901020018A4A4A47C007F080404780000447D400000E7
:203500004080847D00007F102844000000417F4000007C04180478007C080404780038445B
:2035200044443800FC242424180018242418FC007C0804040800485454542000043F444018
:2035400020003C4040207C001C2040201C003C4030403C004428102844001CA0A0A07C00B3
:203560004464544C4414141414141400000000000000000000000000000000000000F8004F
:20358000000000000000333000000000100C06100C0600000000000000000040C07840C00C
:2035A000784000043F04043F040400007088FC08300000001820FF211E0000F008F000E057
:2035C00018000000211C031E211E0000F00888700000001E2123241927211010160E00001B
:2035E0000000000000000000000000000000E018040200000000071820400000020418E050
:203600000000000040201807000000404080F0804040000202010F01020200000000F00032
:203620000000000101011F01010100000000000000000080B07000000000000000000000C5
:20364000000000000101010101010100000000000000000030300000000000000000008083
:20366000601804006018060100000000E010080810E000000F102020100F00001010F800C9
:203680000000000020203F20200000007008080888700000302824222130000030088888B4
:2036A0004830000018202020110E000000C02010F8000000070424243F240000F80888884D
:2036C0000808000019212020110E0000E0108888180000000F112020110E0000380808C89A
:2036E0003808000000003F000000000070880808887000001C222121221C0000E01008088D
:2037000010E0000000312222110F00000000C0C000000000000030300000000000008000C4
:20372000000000000080600000000000008040201008000001020408102000404040404032
:203740004040000404040404040400000810204080000000201008040201000070480808CE
:2037600008F0000000003036010000C030C828E810E0000718272423140B000000C038E0AE
:20378000000000203C23020227382008F8888888700000203F202020110E00C03008080839
:2037A000083800071820202010080008F808080810E000203F202020100F0008F88888E854
:2037C000081000203F20202320180008F88888E8081000203F200003000000C0300808083D
:2037E00038000007182020221E020008F808000008F808203F210101213F20000808F808CE
:203800000800000020203F2020000000000808F8080800C08080807F00000008F888C0289A
:20382000180800203F20012638200008F8080000000000203F20202020300008F8F800F863
:20384000F80800203F003F003F200008F830C00008F808203F200007183F00E0100808088E
:2038600010E0000F10202020100F0008F808080808F000203F210101010000E0100808081F
:2038800010E0000F18242438504F0008F8888888887000203F2000030C302000708808087C
:2038A0000838000038202121221C00180808F8080818000000203F2000000008F808000021
:2038C00008F808001F202020201F000878880000C83808000007380E010000F80800F800CC
:2038E00008F800033C0700073C0300081868808068180820302C03032C30200838C800C85E
:203900003808000000203F2000000010080808C83808002038262120201800000000FE02C1
:203920000202000000007F40404000000C30C000000000000000010638C00000020202FE45
:20394000000000004040407F0000000000040202020400000000000000000000000000001A
:203960000000008080808080808080000202040000000000000000000000000000808080BF
:203980008000000019242222223F2008F8008080000000003F112020110E000000008080F6
:2039A000800000000E112020201100000000808088F800000E112020103F20000080808029
:2039C000800000001F222222221300008080F0888888180020203F202000000000808080CE
:2039E000808000006B94949493600008F8008080800000203F210000203F2000809898007E
:203A00000000000020203F20200000000000809898000000C08080807F000008F8000080F8
:203A2000808000203F24022D302000000808F8000000000020203F2020000080808080803D
:203A4000808000203F20003F20003F8080008080800000203F210000203F2000008080804A
:203A6000800000001F202020201F00808000808000000080FFA12020110E00000000808089
:203A8000808000000E112020A0FF80808080008080800020203F2120000100000080808067
:203AA0008080000033242424241900008080E0808000000000001F202000008080000000EB
:203AC000808000001F202020103F20808080000080808000010E300806010080800080002A
:203AE0008080800F300C030C300F0000808000808080000020312E0E3120008080800000CF
:203B000080808080818E701806010000808080808080000021302C22213000000000008097
:203B20007C020200000000003F404000000000FF00000000000000FF0000000002027C8048
:203B40000000000040403F00000000000601010202040400000000000000002E2E2F6C6932
:203B6000627261726965732F7A665F636F6D6D6F6E2F7A665F636F6D6D6F6E5F66756E6364
:203B800074696F6E2E6300C82E002E802E3DB1C82E002E802E9103802EBCB0802EA303C87E
:203BA0002E002E802E00B05030212E59F51030212E6AF5802E3B0300000000081901002210
:203BC00000750000100010D100B343802E00C1802E00C1802E00C1802E00C1802E00C180DE
:203BE0002E00C1802E00C1802E00C1802E00C1802E00C1802E00C1802E00C1802E00C1804D
:203C00002E00C1802E00C1802E00C1802E00C1802E00C1802E00C1802E00C1802E00C1802C
:203C20002E00C1802E00C1802E00C1802E00C1802E00C1802E00C1802E00C1802E00C1800C
:203C40002E00C1802E00C1802E00C1802E00C1802E00C1802E00C1802E00C1802E00C180EC
:203C60002E00C1802E00C1802E00C1802E00C1802E00C1E05F000000000100000000000059
:203C80000000000000920000000000000000000000000000000000081900008800000000E9
:203CA00000000005E0AA3805E09030FA0096004B091100110002002D01D47B3B01DB7A047E
:203CC000003F7BCD6CC3048509C304ECE60C460100270019009600A00001000C00F03C0001
:203CE000010100030001000E00000032000500EE060400C80000000400A805EE060004BC54
:203D000002B30085070000000000000000000000000000000000000000B4000100B90001F3
:203D2000009800000000000000000001008000040000000000000000000000000000000066
:203D4000000000000000000000000000000000000000000000000000000000000000000063
:203D6000000000000000000000000000000000000000000000000000000000000000000043
:203D800000802E00C1FD2DDE00EB00DA00000CFF0F0004C0005BF5C9011EF280003FFF1908
:203DA000F458F566F564F5C0F1F000E000CD01D301DB01FF7FFF01E40074F7F300FA00FF56
:203DC0003FCA036C3856FE44FDBC02F90600FC1202AE0158FA9AFD7705BB02960195017F54
:203DE0000182018901870188018A018C018F018D0192019101DD009F017E01DB00B601704B
:203E00006926D39C071F059D000008BC0537FAA201AA01A101A801A001A805B401B401CEC3
:203E200000D000FC00C501FFFBB10000380030FDF5FCF5CD01A0005FFF0040FF0000806D02
:203E40000FEB007FFFC2F568F7B3F1670F5B0F610F800F58F75BF7830F8600720F850FC6BD
:203E6000F17F0F6CF700E000FFD1F5870F8A0FFF03F03F8B008E009000B9002DF5CAF5CB4D
:203E80000120F200000000000000000000000000000000000000000000000000000000000F
:203EA000000000000000000000000000000000000000000000000000000000000000000002
:203EC0000000000000000000000000000000000000000000000000000000000000000000E2
:203EE0000000000000000000000000000000000000000000000000000000000000000000C2
:203F00000000000000000000000000000000000000000000000000000000000000000000A1
:203F2000000000000000000000000000000000000000000000000000000000000000000081
:203F4000000000000000000000000000000000000000000000000000000000000000003031
:203F600050982ED70E5032982EFA030030F07F002E002ED02E002E018008A2FB2F982EBA05
:203F800003212E1900012EEE0000B2072F012E190000B2032F01500352982E07CC012EDD3A
:203FA0000000B2272F052E8A000552982EC7C1032EE90040B2F07F082F012E190000B204E7
:203FC0002F0030212EE900982EB4B1012E180000B2102F0550982E4DC30550982E5AC798E8
:203FE0002EF9B4982E54B2982E67B6982E17B21030212E7700012EEF0000B2042F982E7A5F
:20400000B70030212EEF00012ED40004AE0B2F012EDD0000B2072F0552982E8E0E00B2022B
:204020002F1030212E7D00012E7D000090902EF102012ED70000B2042F982E2F0E00302119
:204040002E7B00012E7B0000B2122F012ED4000090022F982E1F0E092D982E810D012ED4D6
:20406000000490022F5032982EFA030030212E7B00012E7C0000B2902E0903012E7C000169
:2040800031010800B2042F982E47CB1030212E77008130012E7C00010800B2612F032E89C2
:2040A00000012ED40098BC98B805B20F58232F079009540030372F15410441DCBE44BEDC4C
:2040C000BA2C0161000F564A0F0C2FD14294B8C1421130052E6AF72CBD2FB980B2082298A3
:2040E0002EC3B7212D6130232ED400982EC3B70030212E5AF5182DE17F5030982EFA030F0F
:20410000520750504270300D5442427E82E26F80B24242052F212ED4001030982EC3B703FE
:204120002D6030212ED400012ED4000690182F012E76000B540752E07F982E7AC1E16F08AA
:204140001A4030082F212ED4002030982EAFB75032982EFA03052D982E380E0030212ED429
:20416000000030212E7C00182D012ED40003AA012F982E450E012ED4003F8003A2012F006F
:204180002E022D982E5B0E3030982ECEB70030212E7D005032982EFA03012E770000B2242B
:2041A0002F982EF5CB032ED5001154010ABC848386212EC901E0401352C4408240A8B95274
:2041C0004243BE5342040A5042E17FF0314140F26F25BD0808020AD07F982EA8CF06BCD1E7
:2041E0006FE26F080A8042982E58B70030212EEE00212E7700212EDD00802EF4011A2422F4
:2042000000802EEC011050FB7F982EF3035750FB6F013071541142420EFC2FC02E0142F077
:204220005F802E00C1FD2D0100000000000000000000009A013403000000000000000000B3
:2042400000000000000000000000000000000000000000000000000000000000000000005E
:2042600000000000000000000000000000000000000000000000000000000000000000003E
:2042800000000000000000000000000000000000000000000000000000000000000000001E
:2042A0000000000000000000002050E77FF67F06320F2E61F5FE09C0B3042F17302F2EEFA8
:2042C000002D2E61F5F66FE76FE05FC82E2050E77FF67F46300F2EA4F1BE0980B3062F0D6E
:2042E0002ED40084AF022F16302D2E7B0086302D2E60F5F66FE76FE05FC82E012E77F70940
:20430000BC0FB800B21050FB7F10300B2F032E8A0096BC9FB840B2052F032E68F79EBC9F01
:20432000B840B2072F032E7E004190012F982EDC03032C0030212E7E00FB6FF05FB82E205D
:2043400050E07FFB7F002E2750982E3BC82950982EA7C80150982E55CCE16F2B50982EE06F
:20436000C9FB6F0030E05F212E7E00B82E7350013057541142420EFC2FB82E212E59F510E8
:2043800030C02E212E4AF19050F77FE67FD57FC47FB37FA17F907F827F7B7F982E35B70015
:2043A000B2902E97B0032E8F00072E9100052EB1003FBA9FB8012EB100A3BD4C0A052EB112
:2043C0000004BEBFB9CB0A4FBA22BD012EB300DC0A2FB9032EB8000ABE9A0ACFB99BBC0101
:2043E0002E97009FB8930A0FBC910A0FB8900A252E1800052EC1F52EBD2EB9012E1900319E
:20440000308A040090072F012ED40004A2032F012E180000B20C2F19500552982E4DB7057A
:204420002E780080901030012F212E7800252EDD00982E3EB700B202300130042F012E1914
:204440000000B2002F2130012EEA00081A0E2F232EEA0033301B500B090140175646BE4B98
:20446000084C0A01420A8015520142002E012E180000B21F2F032EC0F5F030480847AA7437
:2044800030072E7A0061224B1A052F072E66F5BFBDBFB9C0900B2F1D562B30D242DB420113
:2044A00004C24204BDFE808184232E7A0002420232252E62F5052ED6008184252ED600028A
:2044C00031252E60F5052E8A000B50900880B20B2F052ECAF5F03E9008252ECAF5052E5991
:2044E000F5E03F9008252E59F5906FA16FB36FC46FD56FE66FF76F7B6F826F705FC82EC0AC
:2045000050907FE57FD47FC37FB17FA27F877FF67F7B7F002E012E60F5607F982E35B70238
:2045200030636F1552507F627F5A2C02321A0900B3142F00B2032F092E180000910C2F434D
:204540007F982E97B71F50028A02320430252E64F51552506F436F4443252E60F5D908C011
:20456000B2362F982E3EB700B2062F012E190000B2022F506F00900A2F012E79000090197E
:204580002F1030212E79000030982EDC03132D012EC3F50CBC0FB81230100403B0262521E4
:2045A000500352982E4DB71030212EEE000230607F252E7900606F0090052F0030212EEA36
:2045C000001550212E64F51552232E60F50232506F0090022F0330272E7800072E60F51A69
:2045E000090091A32F19090091A02F906FA26FB16FC36FD46FE56F7B6FF66F876F405FC828
:204600002EC050E77FF67F26300F2E61F52F2E7C000F2E7C00BE09A27F807F80B3D57FC4D4
:204620007FB37F917F7B7F0B2F23501A251240427F74821240527F002E0040607F982E6A2A
:20464000D68130012E7C00010800B2422F032E8900012E890097BC06BC9FB80FB8009023A4
:204660002ED800103001302A2F032ED40044B2052F47B200302D2F212E7C002B2D032EFD65
:20468000F59EBC9FB84090142F032EFCF599BC9FB840900E2F032E49F125544A0840900878
:2046A0002F982E35B700B21030032F5030212ED400102D982EAFB70030212E7C000A2D05B2
:2046C0002E69F72DBD2FB980B2012F212E7D00232E7C00E031212E61F5F66FE76F806FA27D
:2046E0006FB36FC46FD56F7B6F916F405FC82E60510A253688F47FEB7F003231523230138E
:2047000030982E15CB0A253384D27F433005502D52982E95C1D26F2752982ED7C72A25B00C
:2047200086C07FD37FAF842950F16F982E4DC82A25AE8AAA88F26E2B50C16FD36FF47F986A
:204740002EB6C8E06E00B2322F33548386F16FC37F04303030F47FD07FB27FE330C56F56F6
:20476000404541280803140EB408BC8240100A2F542605917F4428A37F982ED9C008B9332B
:20478000305309C16FD36FF46F831747406C15B26FBE09750B90424542510E32BC0289A1DC
:2047A0006F7E86F47FD07FB27F0430916FD62FEB6FA05EB82E032E97001BBC60509FBC0C66
:2047C000B8F07F40B2EB7F2B2F032E7F004140012EC800011A112F3758232EC8001041A0E0
:2047E0007F38810141D07FB17F982E64CFD06F0780A16F1142002EB16F01421130012EFCA1
:204800000000A80330CB224A25012E7F003C8935520554982EC4CEC16FF06F982E95CF04F9
:204820002D0130F06F982E95CFEB6FA05FB82E032EB3000232F030033130508A080808CBF9
:2048400008E07F80B2F37FDB7F252F032ECA004190042F0130232ECA00982E3F03C0B205D5
:204860002F032EDA0000304104232EDA00982E92B21025F06F00B2052F012EDA000230108F
:2048800004212EDA0040B2012F232EC801DB6FE06FD05F802E95CF0130E06F982E95CF111A
:2048A00030232ECA00DB6FD05FB82ED0500A2533845550D27FE27F038CC07FBB7F003005B4
:2048C0005A39545141A57F967F807F982ED9C00530F57F2025916F3B583D5C3B56982E67F0
:2048E000CCC16FD56F52405043C17FD57F1025982EFEC91025982E74C0866F3028926F82FE
:204900008CA56F6F52690E3954DB2F19A01530032F0030212E81010A2D012E8101052842A0
:2049200036212E8101020E012F982EF303575012300140982EFEC9516F0B5C8E0E3B6F57F9
:20494000580230212E9501456F2A8DD27FCB7F132F02303F50D27FA80E0E2FC06F535402C3
:20496000005154420E103059520230012F002E032D504242421230D27F80B2032F00302139
:204980002E8001122D012EC9000280052E8001113091280040252E8001100E052F012E7FED
:2049A000010190012F982EF303002EA0410190A67F902EE3B4012E950100A8902EE3B45B42
:2049C000549580824080B202402D8C3F52967F902EC2B3290E762F012EC9000040812845A4
:2049E00052B330982E0FCA5D54807F002EA140727F82808240607F982EFEC91025982E7494
:204A0000C0626F05308740C0910430052F052E830180B21430002F0430052EC900736F8161
:204A200040E2406904110FE1401630FE29CB40022F836F830F222F4756130F1230772F49F8
:204A400054420E1230732F00910A2F012E8B0119A802306C2F6350002E17420542682C1294
:204A6000300B25080F5030022F212E8301032D4030212E83012B2E85015A2C123000912B65
:204A800025042F635002301742172C0242982EFEC91025982E74C0052EC90081845B30822F
:204AA00040372E8301020E072F5F52403062404140910E012F212E830105302B2E8501127B
:204AC00030362C16301525817F982EFEC91025982E74C019A21630152F052E9701806F8287
:204AE0000E052F012E86010628212E86010B2D032E87015F544E289142002E8240900E013E
:204B00002F212E88010230132C0530C06F081CA80F163005305B50092F02802D2E8201051B
:204B2000420580002E02423E80002E06420230906F3E88014004414C2801420780102524F4
:204B400040004000A8F522232944427A827E884340044100ABF523DF284342D9A0142F006F
:204B600090022FD26F81B2052F6354062890428542092C02305B500380292E7E012B2E8208
:204B800001054212302B2E83014582002E40407A8202A0082F63503B3015420542378037BA
:204BA0002E7E0105421230012EC900028C404084417A8C040F032F012E8B0119A4042F2BD3
:204BC0002E8201982EF303123081906152082F6542654243803984828805424542854205B9
:204BE00043002E80410090902EE1B46554C16F804000B243586950442F555CB7878C0F0DE7
:204C00002E9601C440362F41568B0E2A2F0B52A10E0A2F052E8F011425982EFEC94B54026E
:204C20000F695005306554152F032E8E014D5C8E0F3A2F052E8F01982EFEC94F54820F0582
:204C40003069506554302F6D521530428C454204302B2C84436B52428C002E8543153024BE
:204C60002C45428E0F202F0D2E8E01B10E1C2F232E8E011A2D0E0E172FA10F152F232E8D66
:204C800001132D982E74C04354C20E0A2F655004800B3006820B42798041401230252E8C55
:204CA00001014205306950655484824384BE8C8440864126299442BE8ED57F19A143400B5A
:204CC0002E8C018440C7415D29272945428442C27F012FC0B31D2F052E940199A0012F8049
:204CE000B3132F80B3182FC0B3162F12400140927F982E74C0926F100F2030032F103021EC
:204D00002E7E010A2D212E7E01072D2030212E7E01032D1030212E7E01C26F012EC900BC6C
:204D200084028082400040900ED56F022F1530982EF30341910530072F67503D802B2E8FBE
:204D40000105420480002E0542022C00300030A26F988A864080A7052F982EF303C0302163
:204D60002E950106251A25E26F768296405643510EFB2FBB6F305FB82E012EB800013141CB
:204D80000840B22050F2300208FB7F0130102F052ECC008190E07F032F232ECC00982E55BA
:204DA000B6982E1DB51025FB6FE06FE05F802E95CF982E95CF1030212ECC00FB6FE05FB880
:204DC0002E00510558EB7F2A2589526F5A895013410640B3011642CB160640F30213426545
:204DE0000EF52F054014302C29044208A10030902E52B6B388B08AB684A47FC47FB57FD5A0
:204E00007F927F73300430554042408A17F3086B01900253B84B82ADBE717F450A09548417
:204E20007F982ED9C0A36F7B54D042A37FF27F607F2025716F755A7758795C7556982E679F
:204E4000CCB16F626F5042B17FB3301025982E0FCA846F2029716F926FA56F76826A0E7308
:204E6000300030D02FD26FD17FB47F982E2BB715BD0BB8020AC26FC07F982E2BB715BD0BD1
:204E8000B8420AC06F081741188916E118D018A17F27251625982E79C08B54907FB33082EE
:204EA0004080900D2F7D52926F982E0FCAB26F900E062F8B501430426F516F1442124201C8
:204EC00042002E316F982E74C0416F807F982E74C0826F10044352010F052ECB0000300443
:204EE00030212F516F43588C0E04301C2F8588416F04418C0F0430162F8488002E04410425
:204F0000058C0E04300F2F8288316F044104058C0E0430082F8388002E04418C0F04300234
:204F20002F212EAD0114300091142F032EA10141900E2F032EAD0114304C28232EAD014670
:204F4000A0062F81848D5248828240212EA10142425C2C0230052EAA0180B20230552F0314
:204F60002EA901926FB330982E0FCAB26F900F003002304A2FA26F875291008552510E0288
:204F80002F002E432C0230C26F7F52910E02303C2F516F8154982EFEC91025B330212598BD
:204FA0002E0FCA326FC07FB3301225982E0FCA426FB07FB3301225982E0FCAB26F9028835C
:204FC00052982EFEC9C26F900F003002301D2F052EA10180B212300F2F426F032EAB0191CE
:204FE0000E0230122F526F032EAC01910F02300C2F212EAA010A2C1230032ECB008D580829
:2050000089414011430043252EA101D46F8F5200433A89002E10431043610EFB2F032EA092
:2050200001111A022F0225212EA001EB6F005FB82E915210300230955652424B0EFC2F8D78
:20504000548882935680425342404242868354C02EC242002EA3520051524047401A2501D2
:205060002E97008FBE7286FB7F0B307CBFA5501008DFBA7088F8BFCB42D37F6CBBFCBBC5DF
:205080000A907F1B7F0B43C0B2E57FB77FA67FC47F902E1CB7072ED200C0B20B2F9752016D
:2050A0002ECD00827F982EBBCC0B30372ED200826F906F1A2500B28B7F142FA6BD25BDB60C
:2050C000B92FB980B2D4B00C2F99549B560B300B2EB100A1589B42DB426C092B2EB1008B3E
:2050E00042CB42867F7384A756C30839520550727F637F982EC2C0E16F626FD10A012ECDAA
:2051000000D56FC46F726F97529D5C982E06CD236F906F9952C0B204BD5440AFB94540E1AB
:205120007F0230062FC0B20230032F9B5C12309443854303BF6FBB80B3202F066F260116BB
:205140006F6E034542C090292ECE009B52142F9B5C002E93418641E304AE0780AB042F8009
:20516000910A2F866F730F072F836FC0B2042F544245421230042C1130022C11301130029F
:20518000BC0FB8D27F00B20A2F012EFC00052EC701101A022F212EC701032D022C01300128
:2051A00030B06F982E95CFD16FA06F982E95CFE26F9F52012ECE00824050420C2C4242119D
:2051C00030232ED2000130B06F982E95CFA06F0130982E95CF002EFB6F005FB82E838601B1
:2051E000300030944024180600530E4F02F92FB82EA952002E604041400DBC98BCC02E0123
:205200000A0FB8AB52533C524040404B00821626B901B84140100897B80108C02E11300183
:2052200008438625400440D8BE2C0B2211544203804B0EF62FB82E9F501050AD52052ED323
:2052400000FB7F002E13409342410EFB2F982EA5B7982E87CF012ED90000B2FB6F0B2F0168
:205260002E69F7B13F01080130F05F232ED900212E69F7802E7AB7F05FB82E012EC0F80350
:205280002EFCF51554AF5682080B2E69F7CB0AB1588090DDBE4C085FB959228090072F03A5
:2052A00034C308F23A0A080235C0904A0A4822C02E232EFCF51050FB7F982E56C7982E4970
:2052C000C31030FB6FF05F212ECC00212ECA00B82E032ED30016B802344A0C212E2DF5C069
:2052E0002E232ED30003BC212ED500032ED50040B21030212E77000130052F052ED800808B
:2053000090012F232E6FF5C02E212ED90011308108012E6AF7713F23BD0108020AC02E21F4
:205320002E6AF730250030212E5AF51050212E7B00212E7C00FB7F982EC3B74030212ED479
:2053400000FB6FF05F0325802EAFB7802E00C1802E00C1802E00C1802E00C1802E00C180AD
:205360002E00C1802E00C1802E00C1802E00C1802E00C1802E00C1802E00C1802E00C180B5
:205380002E00C1802E00C1012E5DF708BC80AC0EBB022F003041048206C0A40030112F4031
:2053A000A9032F40910D2F00A70B2F80B3B358022F90A12613202380901030012FCC0E00AE
:2053C0002F0030B82EB550180808BC88B60D17C6BD56BCB758DABA04011D0A105005303212
:2053E000254503FB7FF6302125982E37CA16B59ABC06B880A8410A0E2F8090022F2D5048FE
:205400000F092FBFA0042FBF90062FB754CA0F032F002E022CB7522D52F233982ED9C0FBB6
:205420006FF137C02E0108F05FBF56B954D040C4400B2EFDF3BF529042944295420530C1AA
:20544000500F88064004419642C54248BE73300D2ED8004FBA8442034281B3022F2B2E6FFE
:20546000F5062D052E77F7BD569308252E77F7BB54252EC2F5072EFDF34230B433DA0A4C2D
:2054800000272EFDF34340D43FDC084342002E002E43402430DC0A43420480032EFDF34A3B
:2054A0000A232EFDF36134C02E0142002E60501A257A86E07FF37F0325C3524184DB7F335E
:2054C00030982E16C21A257D82F06FE26F322516409440260185408E17C4426E039542416F
:2054E0000EF42FDB6FA05FB82EB051FB7F982EE80D5A25982E0F0ECB583287C47F65896B3C
:205500008DC55A657FE17F837FA67F747FD07FB67F947F1730C752C954517F002E856F4239
:205520007F002E51414581424113403B8A00404B04D006C0AC857F022F02305104D3064124
:205540008405305D02C916DF08D3008D02AFBCB1B9590A656F1143A1B452415341014334B7
:205560007F657F2631E56FD46F982E37CA326F756F83404241237F127FF63040255125987C
:205580002E37CA146F2005706F256F6907A26F316F0B3004429B428B425542327F40A9C381
:2055A0006F717F0230D040C37F032F4091152F00A7132F00A4112F84BD982E79CA556FB72F
:2055C0005454418200F33F4541CB02F630982E37CA356FA46F4143032C0043A46F356F1773
:2055E00030426F516F934042820041C3000343517F002E944041414C02C46FD156630E7448
:205600006F5143A57F8A2F092ED80001B3212FCB58906F1341B66FE47F002E9141144092B3
:20562000411540172E6FF5B67FD07FCB7F982E000C0715C26F140B292E6FF5C3A3C18FE4CA
:205640006FD06FE62F1430052E6FF5140B292E6FF5182DCD560432B56F1C0151415241C30B
:2056600040B57FE47F982E1F0CE46F218700430432CF545A0EEF2F1554092E77F7220B29E1
:205680002E77F7FB6F505EB82E1050012ED40000B2FB7F512F01B2482F02B2422F03905629
:2056A0002FD75279804240818400404242982E930CD954D750A14098BD82403E82DA0A44B5
:2056C000408B16E3005342002E43409A025242002E414015544A0E3A2F3A82003041402129
:2056E0002E850F40B20A2F982EB10C982E450E982E5B0EFB6FF05F0030802ECEB7DD52D3D4
:205700005442424F847330DB5283421B306B422330272ED700372ED400212ED6007A84175F
:205720002C42423030212ED400122D21300030232ED400212E7BF70B2D1730982E510CD519
:20574000500C8272302F2ED400252E7BF74042002EFB6FF05FB82E70500A253986FB7FE17B
:20576000326230982EC2C4B556A56FAB08916F4B08DF56C46F23094DBA93BC8C0BD16F0B28
:2057800009CB52E15E5642AF094DBA23BD940AE56F68BBEB08BDB963BEFB6F5242E30AC023
:2057A0002E4342905FD150032E25F3134000409BBC9BB408BDB8B998BCDA0A08B68916C019
:2057C0002E190062021050FB7F982E810D012ED40031300804FB6F0130F05F232ED600214E
:2057E0002ED700B82E012ED700032ED600480E012F802E1F0EB82EE350213401428230C12C
:2058000032252E62F50100223001404A0A0142B82EE354F03B8340D808E5528342003083E7
:20582000305042C432272E64F5940050424042D33F84407D82E30840428342B82EDD52003E
:205840003040427C86B952092E700FBF54C442D3865440554094428542212ED700424025CE
:205860002EFDF3C0427E82052E7D0080B2142F052E890027BD2FB98090022F212E6FF50C5B
:205880002D072E710F14301C09052E77F7BD5647BE9308940A252E77F7E75450424A0EFCE9
:2058A0002FB82E505002304386E550FB7FE37FD27FC07FB17F002E414000404804982E74F2
:2058C000C01EAAD36F1430B16FE322C06F5240E46F4C0E1242D37FEB2F032E860F409011C0
:2058E00030032F232E860F022C0030D06FFB6FB05FB82E4050F17F0A253C86EB7F41332273
:2059000030982EC2C4D36FF430DC094758C26F9409EB586ABBDC08B4B9B1BDE95A9508212B
:20592000BDF6BF770B51BEF16FEB6F52425442C02E4342C05F5050F55031301142FB7F7B60
:20594000300B4211300280233301420300072E8003052ED3002352E27FD37FC07F982EB6CA
:205960000ED16F080A1A257B86D07F01331230982EC2C4D16F080A00B20D2FE36F012E8035
:20598000035130C786232E21F208BCC042982EA5B7002E002ED02EB06F0BB8032E1B00085A
:2059A0001AB07F7030042F212E21F2002E002ED02E982E6DC0982E5DC0ED50982E44CBEF38
:2059C00050982E46C3F150982E53C73550982E64CF1030982EDC032026C06F02311242AB7D
:2059E000330B42378001300142F337F752FB504440A20A42428B31092E5EF7F954E3088387
:205A0000421B4223334B00BC840B40333083420B42E07FD17F982E58B7D16F80304042034D
:205A200030E06FF3540430002E002E0189620EFA2F43421130FB6FC02E0142B05FC14A0072
:205A4000006D570000778E0000E0FFFFFFD3FFFFFFE5FFFFFFEEE1FFFF7C13000046E6FF67
:205A6000FF0000000000000000000000000000000000000000000000000000000000000027
:205A8000000000000000000000000000000000000000000000000000000000802E00C18017
:205AA0002E00C1802E00C1802E00C1802E00C1802E00C1802E00C1802E00C1802E00C1806E
:205AC0002E00C1802E00C1802E00C1802E00C1802E00C1802E00C1802E00C1802E00C1804E
:205AE0002E00C1802E00C1802E00C1802E00C1802E00C1802E00C1802E00C1802E00C1802E
:205B00002E00C1802E00C1802E00C1802E00C1802E00C1802E00C1802E00C1802E00C1800D
:205B20002E00C1802E00C1802E00C1802E00C1802E00C1802E00C1802E00C1802E00C180ED
:205B40002E00C1802E00C1802E00C1802E00C1802E00C1802E00C1802E00C1802E00C180CD
:205B60002E00C1802E00C1802E00C1802E00C1802E00C1802E00C1802E00C1802E00C180AD
:205B80002E00C1802E00C120202000000000000000000808080800080014141400000000E3
:205BA00014143E143E1414083C0A1C281E08303204081026060C120A042A122C0C080400F7
:205BC000000000100804040408100408101010080400082A1C2A08000008083E0808000063
:205BE0000000001810080000003E00000000000000000C0C002010080402011C22322A2620
:205C0000221C080C080808081C1C22201008043E3E10081020221C101814123E10103E028E
:205C20001E2020221C1804021E22221C3E2010080404041C22221C22221C1C22223C201002
:205C40000C000C0C000C0C00000C0C000C08040008040204080000003E003E00000008102A
:205C6000201008001C2220100800081C22202C3A221C081422223E22221E22221E22221EA8
:205C80001C22020202221C0E12222222120E3E02021E02023E3E02021E0202021C22023A5A
:205CA00022223C2222223E2222221C08080808081C3810101010120C22120A060A122202E0
:205CC00002020202023E22362A2A2222222222262A3222221C22222222221C1E22221E02FC
:205CE00002021C2222222A122C1E22221E0A12223C02021C20201E3E08080808080822228C
:205D0000222222221C222222222214082222222A2A2A1422221408142222222222140808DF
:205D2000083E20100804023E1C04040404041C000102040810201C10101010101C00081472
:205D4000220000000000000000003E0408100000000000001C203C223C02021A2622221E4B
:205D600000001C0202221C20202C3222223C00001C223E021C1824040E040404003C222233
:205D80003C201C02021A2622222208000C0808081C1000181010120C0202120A060A120CE5
:205DA00008080808081C0000162A2A222200001A2622222200001C2222221C001E22221E2D
:205DC0000202002C32322C202000001A2602020200001C021C201E04040E040424180000AB
:205DE000222222322C00002222221408000022222A2A1400002214081422002222223C207B
:205E00001C00003E1008043E0C04060206040C080808080808080C08181018080C696D75B5
:205E200036363072612073656C6620636865636B206572726F722E002E2E2F6C69627261FE
:205E4000726965732F7A665F6465766963652F7A665F6465766963655F696D75363630721B
:205E6000612E6300696D75363630726120696E6974206572726F722E00494D553636305251
:205E8000415F4143435F53414D504C455F44454641554C5420736574206572726F722E0032
:205EA000494D5536363052415F4759524F5F53414D504C455F44454641554C542073657437
:205EC000206572726F722E002E2E2F6C69627261726965732F7A665F6465766963652F7A7B
:205EE000665F6465766963655F6970733230302E63004D5439563033582073657420636F56
:205F00006E666967206572726F722E002E2E2F6C69627261726965732F7A665F6465766907
:205F200063652F7A665F6465766963655F6D7439763033782E63004D5439563033582067EE
:205F4000657420636F6E666967206572726F722E002E2E2F6C69627261726965732F7A6603
:205F60005F6472697665722F7A665F6472697665725F646D612E63002E2E2F6C6962726185
:205F8000726965732F7A665F6472697665722F7A665F6472697665725F656E636F6465721B
:205FA0002E63002E2E2F6C69627261726965732F7A665F6472697665722F7A665F64726961
:205FC0007665725F657874692E63002E2E2F6C69627261726965732F7A665F6472697665FA
:205FE000722F7A665F6472697665725F70776D2E63002E2E2F6C69627261726965732F7A00
:20600000665F6472697665722F7A665F6472697665725F736F66745F6969632E63002E2E99
:206020002F6C69627261726965732F7A665F6472697665722F7A665F6472697665725F73AE
:2060400070692E63002E2E2F6C69627261726965732F7A665F6472697665722F7A665F64C2
:0D60600072697665725F756172742E63005F
:20607000000000000000000000000000000000000000000000000000000000000000000010
:206090000000000000000000000000000000000000000000000000000000000000000000F0
:2060B0000000000000000000000000000000000000000000000000000000000000000000D0
:2060D0000000000000000000000000000000000000000000000000000000000000000000B0
:2060F000000000000000000000000000000000000000000000000000000000000000000090
:2061100000000000000000000000000000000000000000000000000000000000000000006F
:2061300000000000000000000000000000000000000000000000000000000000000000004F
:2061500000000000000000000000000000000000000000000000000000000000000000002F
:2061700000000000000000000000000000000000000000000000000000000000000000000F
:206190000000000000000000000000000000000000000000000000000000000000000000EF
:2061B0000000000000000000000000000000000000000000000000000000000000000000CF
:2061D0000000000000000000000000000000000000000000000000000000000000000000AF
:2061F00000000000000000000000000000000000000000000000000000000000000000008F
:2062100000000000000000000000000000000000000000000000000000000000000000006E
:206230000000000000000000000000000000000000000000000000004F3002805230028049
:20625000F42F02800000000000000000000000000000000000000000000000000000000089
:20627000000000000000000019300280000000000000000000000000000000000000000043
:20629000000000000000000000000000000000003A30028055300280583002805B300280E4
:2062B0005E3002806130028064300280FB2F0280FE2F028001300280043002800730028018
:2062D0000A3002800D300280103002801330028016300280000000000000000000000000E4
:2062F0001C3002801F3002802230028025300280283002802B3002802E30028031300280CA
:20631000000000000000000034300280373002803D300280403002804330028046300280D0
:20633000493002804C30028000000000000000000000000000000000000000000000000054
:2063500000000000000000000000000000000000000000000000000000000000000000002D
:2063700000000000000000000000000000000000000000000000000000000000000000000D
:206390000000000000000000000000000000000000000000000000000000000000000000ED
:2063B000000000000000000000A601600000000000000000000000000000000000000000C6
:2063D0000000000080D7018080D7018080D7018080D7018080D70180000000000000000075
:2063F00000000000000000000000000000000000000000000000000000000000000000008D
:206410004F000000000000000000000000000000000000000000000000000000000070426B
:206430000000A0420000A04200003C43000000C100008040000080400000C0C0CDCCB841B6
:20645000666664420000000014AE073F3D0A173F6666263F8FC2353F48E13A3FB81E453F23
:20647000E17A543FAE47613F8FC2753F0000803F00000000000000000000A040000000C025
:2064900000008C420000C040000000000000000000000000000000006F12033B0080BB45DF
:2064B0006F12833B000000000000000000000000000000000000000000000000000000008D
:2064D000000000000000000066667042000000000000C8420000C8420000004000000000DA
:2064F00000000000280000000000000000000000000000001C420000000000000000000006
:2065100000000000000000000000000000009A9921419A9971419A9971419A997141002DFA
:2065300031010000C842CDCC4CBF0000F0410000000000000000000000000000000000003A
:2065500000000000000000000000000000000000000000000000000000000000000000002B
:2065700000000000000000000000000000000000000000000000000000000000000000000B
:2065900000000000000000000000000000000000000000000000000000000000804100002A
:2065B000003F00000000000080400000204100000000000000000000000000000000C3F5B3
:2065D000C83F0000A040000000000000000000000000000000000000804000008040000044
:2065F000D040000080406666A640CDCC4C3F0000004000000040000052420000803F000012
:206610007A450AD7A33C0000F041000040400000000000004040000000400000004000003A
:2066300000000000FA4300007A440040B5450000A042000000000000A0400040B54500A079
:20665000A54500806D45000096450000000000000000000000000000000000000000000033
:2066700000000000000000000000000000000000000000000000000000000000000000000A
:2066900000000000000000007A450000F04100007A4500A08C4500007A450080BB4500404B
:2066B0009C45000000410000A0400000000000000000E22E65420050C347CDCCCC3DCDCC7C
:2066D000CC3DCDCCCC3DCDCCCC3DCDCCCC3DCDCCCC3D0050C347CDCCCC3DCDCCCC3DCDCCE2
:2066F000CC3DCDCCCC3DCDCCCC3DCDCCCC3D0050C347CDCCCC3DCDCCCC3DCDCCCC3DCDCCC2
:20671000CC3DCDCCCC3DCDCCCC3D0050C347CDCCCC3DCDCCCC3DCDCCCC3DCDCCCC3DCDCCA1
:20673000CC3DCDCCCC3D0000C842CDCCCC3DCDCCCC3DCDCCCC3DCDCCCC3DCDCCCC3DCDCCD1
:20675000CC3D0000C8420000004100000000000000000000000000000000000000000000D5
:20677000000000000000000090410000B44300000000000000000000904100000000000070
:206790000000000000000000000000000000000000000000000000000000000000000000E9
:2067B0000000000000000000000000000000000000000000000000000000000000000000C9
:2067D0000000000000000000000000000000000000000000000000000000000000000000A9
:2067F000000000000000000000000000000000000000000000000000000000000000000089
:20681000000000000000000000000000000000000000000000000000000000000000000068
:20683000000000000000000000000000000000000000000000000000000000000000000048
:20685000000000000000000000000000000000000000000000000000000000000000000028
:20687000000000000000000000000000000000000000000000000000000000000000000008
:206890000000000000000000000000000000000000000000000000000000000000000000E8
:2068B0000000000000000000000000000000000000000000000000000000000000000000C8
:2068D0000000000000000000000000000000000000000000000000000000000000000000A8
:2068F000000000000000000000000000000000000000000000000000000000000000000088
:20691000000000000000000000000000000000000000000000000000000000000000000067
:20693000000000000000000000000000000000000000000000000000000000000000000047
:20695000000000000000000000000000000000000000000000000000000000000000000027
:20697000000000000000000000000000000000000000000000000000000000000000000007
:206990000000000000000000000000000000000000000000000000000000000000000000E7
:2069B0000000000000000000000000000000000000000000000000000000000000000000C7
:2069D0000000000000000000000000000000000000000000000000000000000000000000A7
:2069F000000000000000000000000000000000000000000000000000000000000000000087
:206A1000000000000000000000000000000000000000000000000000000000000000000066
:206A3000000000000000000000000000000000000000000000000000000000000000000046
:206A5000000000000000000000000000000000000000000000000000000000000000000026
:206A7000000000000000000000000000000000000000000000000000000000000000000006
:206A90000000000000000000000000000000000000000000000000000000000000000000E6
:206AB0000000000000000000000000000000000000000000000000000000000000000000C6
:206AD0000000000000000000000000000000000000000000000000000000000000000000A6
:206AF000000000000000000000000000000000000000000000000000000000000000000086
:206B1000000000000000000000000000000000000000000000000000000000000000000065
:206B3000000000000000000000000000000000000000000000000000000000000000000045
:206B5000000000000000000000000000000000000000000000000000000000000000000025
:206B7000000000000000000000000000000000000000000000000000000000000000000005
:206B90000000000000000000000000000000000000000000000000000000000000000000E5
:206BB0000000000000000000000000000000000000000000000000000000000000000000C5
:206BD0000000000000000000000000000000000000000000000000000000000000000000A5
:206BF000000000000000000000000000000000000000000000000000000000000000000085
:206C1000000000000000000000000000000000000000000000000000000000000000000064
:206C3000000000000000000000000000000000000000000000000000000000000000000044
:206C5000000000000000000000000000000000000000000000000000000000000000000024
:206C7000000000000000000000000000000000000000000000000000000000000000000004
:206C90000000000000000000000000000000000000000000000000000000000000000000E4
:206CB0000000000000000000000000000000000000000000000000000000000000000000C4
:206CD0000000000000000000000000000000000000000000000000000000000000000000A4
:206CF000000000000000000000000000000000000000000000000000000000000000000084
:206D1000000000000000000000000000000000000000000000000000000000000000000063
:206D3000000000000000000000000000000000000000000000000000000000000000000043
:206D5000000000000000000000000000000000000000000000000000000000000000000023
:206D7000000000000000000000000000000000000000000000000000000000000000000003
:206D90000000000000000000000000000000000000000000000000000000000000000000E3
:206DB0000000000000000000000000000000000000000000000000000000000000000000C3
:206DD000000000000000000000000000000000000000000000000000000000008045333378
:206DF0008341FFFF400100F8F000E401E201E10101000000020000000300000004000000E4
:206E100005000000060000000700000008000000090000000000000001000000020000023A
:206E3000030064000400BC0005005000060000000700080008001000090000000000090D7A
:206E50000D0D0D0D0D0D0D0D0D0D0D0D0D0D333933333540515A669980999999B3B3FFFFCC
:206E7000200820082008200820082008200820100000CF804A0900002020000000000000D8
:206E9000078001009C1500000C000000FECA00000707080809090A0A0B0B0C0C0D0D0E0E2D
:206EB0000E0F1010111112121313141414151616171717181819191A1A1B1B1B1C1C1D1EFD
:206ED0001E1E1F1F202121212121222300000000000000000000000000000000000000001E
:206EF000000000000000000000000102030404050506070800000000000000000000000055
:116F1000000100000100000100000001030100010166
:206F24000100000000000060E86302803800000001000000380000609E6E028001000000BF
:206F4400010000003C0000609F6E0280010000000100000040000060206402800400000055
:206F64000100000044000060A06E02803C0000000100000080000060246402803000000081
:206F840001000000B0000060DC6E02800100000001000000B4000060DD6E0280010000002C
:206FA40001000000B8000060546402804000000001000000F8000060DE6E02800100000012
:206FC40001000000FC00006094640280040000000100000000010060DF6E028001000000A0
:206FE40001000000040100609864028008000000010000000C010060E06E02800100000062
:207004000100000010010060A0640280080000000100000018010060E16E02800100000020
:20702400010000001C010060A86402804E000000010000006C010060F66402800400000044
:207044000100000070010060E26E0280010000000100000074010060FA64028014000000BD
:207064000100000088010060E36E028001000000010000008C0100600E650280100000005B
:20708400010000009C010060E46E02800800000001000000A40100601E65028010000000F7
:2070A40001000000B4010060EC6E02800100000001000000B80100602E650280100000009A
:2070C40001000000C8010060ED6E02800100000001000000CC0100603E6502807C010000D4
:2070E4000100000048030060EE6E028001000000010000004C030060BA6602809C00000013
:2071040001000000E803006070600280D801000001000000C0050060EF6E028001000000EE
:2071240001000000C4050060486202800800000001000000CC050060F06E028009000000D2
:2071440001000000D805006050620280680100000100000040070060F96E02800B000000B4
:20716400010000004C07006056670280040000000100000050070060046F02800100000066
:207184000100000054070060056F0280010000000100000058070060066F02800100000080
:2071A400010000005C070060076F0280010000000100000060070060086F0280010000004C
:2071C40001000000640700605A67028008000000010000006C070060096F028001000000C5
:2071E4000100000070070060B86302800400000001000000740700606267028014000000D7
:207204000100000088070060BC63028008000000010000009007006076670280100000006A
:2072240001000000A0070060C46302800800000001000000A807006086670280080000000A
:2072440001000000B0070060CC6302800800000001000000B80700608E6702804002000080
:2072640001000000F80900600A6F02800300000001000000FC090060CE6902807C0200000D
:2072840001000000780C00600D6F028003000000010000007C0C00604A6C02808C01000056
:2072A40001000000080E0060106F028001000000010000000C0E0060116F028001000000D3
:2072C40001000000100E0060126F02800100000001000000140E0060D66D02800A000000D5
:2072E40001000000200E0060E06D02800200000001000000240E0060E26D028002000000C4
:2073040001000000280E0060E46D028002000000010000002C0E0060E66D0280020000008B
:2073240001000000300E0060E86D02800200000001000000340E0060EA6D02800A0000004B
:2073440001000000400E0060136F02800100000001000000440E0060146F028001000000BC
:2073640001000000480E0060156F028001000000010000004C0E0060F46D028002000000AB
:2073840001000000500E0060F66D02800200000001000000540E0060F86D02800200000097
:2073A40001000000580E0060FA6D028002000000010000005C0E0060FC6D0280020000005F
:2073C40001000000600E0060FE6D02800200000001000000640E0060166F02800100000010
:2073E40001000000680E0060006E028024000000010000008C0E0060176F0280010000009A
:2074040001000000900E0060246E02802A00000001000000BC0E00604E6E02805000000072
:20742400010000000C0F0060D46302800400000001000000100F0060186F02800100000085
:2074440001000000140F0060D86302801000000001000000240F0060196F02800100000038
:2074640001000000280F00601A6F028003000000010000002C0F00601D6F028001000000B7
:2074840001000000300F00601E6F02800100000001000000340F00601F6F02800100000083
:2074A40001000000380F0060206F028001000000020000003C0F00600000000041410000DF
:2074C4000200000080500060000000000E0000000200000090500060000000000200000024
:2074E400020000009450006000000000020000000200000098500060000000006500000091
:20750400020000000051006000000000650000000200000068510060000000000200000032
:20752400020000006C510060000000000300000002000000705100600000000003000000FF
:207544000200000074510060000000000100000002000000785100600000000001000000D3
:20756400020000007C51006000000000C13A000002000000408C00600000000001000000AE
:2075840002000000448C006000000000D100000002000000188D0060000000006A00000073
:2075A40002000000848D0060000000004100000002000000C88D0060000000002500000037
:2075C40002000000F08D0060000000004100000002000000348E006000000000250000003E
:2075E400020000005C8E0060000000004100000002000000A08E0060000000002500000045
:2076040002000000C88E00600000000041000000020000000C8F006000000000250000004B
:2076240002000000348F006000000000400000000200000000000070000000004C01000022
:107644000000000000000000000000000000000036
:02000004800F6B
:0A414000912000E8D9EEB668DC0E0D
:0A416000912000E8D9EE8A78DC0E09
:0A418000912000E8D9EE9A68DC0EE9
:0A41A000912000E8D9EE8A78DC0EC9
:0A41C000912000E8D9EEB678DC0E7D
:0A41E000912000E8D9EE9A78DC0E79
:0A420000912000E8D9EE8A78DC0E68
:0A422000912000E8D9EEB488DC0E0E
:0A424000912000E8D9EE9888DC0E0A
:0A426000912000E8D9EE8A78DC0E08
:0A428000912000E8D9EE8A78DC0EE8
:0A42A000912000E8D9EE9298DC0EA0
:0A43C000912000E8D9EE66A8DC0E9B
:0A43E000912000E8D9EE48B8DC0E89
:0A440000912000E8D9EE8008DC0EE0
:0A442000912000E8D9EEB228DC0E6E
:0A450000912000E8D9EEB638DC0E79
:0A452000912000E8D9EEA248DC0E5D
:0A45E000912000E8D9EE9C58DC0E93
:0A478000912000E8D9EE9838DC0E15
:0A5B8000912000E8D9EE9E5DDC0ED6
:0A5BA000912000E8D9EE846DDC0EC0
:040000058000002057
:00000001FF
